-- Verdantia DB Dump (Hostinger) - 2026-05-30T11:22:13.808Z
SET FOREIGN_KEY_CHECKS=0;
SET NAMES utf8mb4;

DROP TABLE IF EXISTS `asociacionesbeneficiosas`;
CREATE TABLE `asociacionesbeneficiosas` (
  `idasociacionesbeneficiosas` int(11) NOT NULL AUTO_INCREMENT,
  `xasociacionesbeneficiosasidespecieorigen` int(11) NOT NULL,
  `xasociacionesbeneficiosasidespeciedestino` int(11) NOT NULL,
  `asociacionesbeneficiosasmotivo` varchar(255) DEFAULT NULL,
  PRIMARY KEY (`idasociacionesbeneficiosas`),
  KEY `xasociacionesbeneficiosasidespecieorigen` (`xasociacionesbeneficiosasidespecieorigen`),
  KEY `xasociacionesbeneficiosasidespeciedestino` (`xasociacionesbeneficiosasidespeciedestino`),
  CONSTRAINT `asociacionesbeneficiosas_ibfk_1` FOREIGN KEY (`xasociacionesbeneficiosasidespecieorigen`) REFERENCES `especies` (`idespecies`) ON DELETE CASCADE,
  CONSTRAINT `asociacionesbeneficiosas_ibfk_2` FOREIGN KEY (`xasociacionesbeneficiosasidespeciedestino`) REFERENCES `especies` (`idespecies`) ON DELETE CASCADE
) ENGINE=InnoDB AUTO_INCREMENT=121 DEFAULT CHARSET=utf8mb4 COLLATE=utf8mb4_unicode_ci;

INSERT INTO `asociacionesbeneficiosas` VALUES(72,14,9,'Ayuda a repeler la mosca de la zanahoria.');
INSERT INTO `asociacionesbeneficiosas` VALUES(73,14,26,'No compiten por nutrientes y pueden crecer bien juntas.');
INSERT INTO `asociacionesbeneficiosas` VALUES(74,14,27,'Mejora el crecimiento y el sabor del ajo.');
INSERT INTO `asociacionesbeneficiosas` VALUES(75,14,3,'El ajo puede repeler algunos pulgones y ácaros del tomate.');
INSERT INTO `asociacionesbeneficiosas` VALUES(76,14,28,'El ajo plantado cerca de los rosales puede ayudar a prevenir el mildiu y repeler pulgones.');
INSERT INTO `asociacionesbeneficiosas` VALUES(77,23,32,'Atrae polinizadores beneficiosos y mejora el crecimiento de las fresas.');
INSERT INTO `asociacionesbeneficiosas` VALUES(78,23,3,'Ayuda a repeler la oruga del tomate y atrae insectos beneficiosos.');
INSERT INTO `asociacionesbeneficiosas` VALUES(79,23,10,'Atrae abejas y otros polinizadores, mejorando la fructificación.');
INSERT INTO `asociacionesbeneficiosas` VALUES(80,23,33,'Ayuda a repeler la mariposa de la col y otros gusanos.');
INSERT INTO `asociacionesbeneficiosas` VALUES(85,21,15,'Proporciona soporte físico para las enredaderas y sombra parcial.');
INSERT INTO `asociacionesbeneficiosas` VALUES(86,21,24,'Fija nitrógeno en el suelo, enriqueciéndolo para la calabaza.');
INSERT INTO `asociacionesbeneficiosas` VALUES(87,21,17,'Actúa como cultivo trampa para pulgones y repele otros insectos.');
INSERT INTO `asociacionesbeneficiosas` VALUES(88,21,12,'Ayuda a romper el suelo y puede disuadir a ciertos escarabajos.');
INSERT INTO `asociacionesbeneficiosas` VALUES(89,21,18,'Repele nematodos y otros insectos dañinos.');
INSERT INTO `asociacionesbeneficiosas` VALUES(109,3,40,'Repele mosca blanca y mejora el sabor de los tomates.');
INSERT INTO `asociacionesbeneficiosas` VALUES(110,3,18,'Atrae polinizadores y repele nematodos en el suelo.');
INSERT INTO `asociacionesbeneficiosas` VALUES(111,3,9,'Mejora la estructura del suelo y no compite por nutrientes.');
INSERT INTO `asociacionesbeneficiosas` VALUES(112,3,6,'Ahuyenta plagas como pulgones y mosca blanca por su olor.');
INSERT INTO `asociacionesbeneficiosas` VALUES(113,3,17,'Actúa como planta trampa para pulgones, desviándolos del tomate.');
INSERT INTO `asociacionesbeneficiosas` VALUES(114,3,43,'Mejora la estructura del suelo y no compite por nutrientes.');
INSERT INTO `asociacionesbeneficiosas` VALUES(115,10,15,'Proporciona sombra parcial en climas muy cálidos y un soporte natural.');
INSERT INTO `asociacionesbeneficiosas` VALUES(116,10,16,'Fija nitrógeno en el suelo, beneficiando el crecimiento del calabacín.');
INSERT INTO `asociacionesbeneficiosas` VALUES(117,10,12,'Ayuda a romper el suelo y mejorar su estructura.');
INSERT INTO `asociacionesbeneficiosas` VALUES(118,10,18,'Atrae polinizadores y repele nematodos.');
INSERT INTO `asociacionesbeneficiosas` VALUES(119,10,17,'Actúa como planta trampa para pulgones, desviándolos del calabacín.');
INSERT INTO `asociacionesbeneficiosas` VALUES(120,10,25,'Fijan nitrógeno en el suelo, beneficiando el crecimiento del calabacín.');

DROP TABLE IF EXISTS `asociacionesperjudiciales`;
CREATE TABLE `asociacionesperjudiciales` (
  `idasociacionesperjudiciales` int(11) NOT NULL AUTO_INCREMENT,
  `xasociacionesperjudicialesidespecieorigen` int(11) NOT NULL,
  `xasociacionesperjudicialesidespeciedestino` int(11) NOT NULL,
  `asociacionesperjudicialesmotivo` varchar(255) DEFAULT NULL,
  PRIMARY KEY (`idasociacionesperjudiciales`),
  KEY `xasociacionesperjudicialesidespecieorigen` (`xasociacionesperjudicialesidespecieorigen`),
  KEY `xasociacionesperjudicialesidespeciedestino` (`xasociacionesperjudicialesidespeciedestino`),
  CONSTRAINT `asociacionesperjudiciales_ibfk_1` FOREIGN KEY (`xasociacionesperjudicialesidespecieorigen`) REFERENCES `especies` (`idespecies`) ON DELETE CASCADE,
  CONSTRAINT `asociacionesperjudiciales_ibfk_2` FOREIGN KEY (`xasociacionesperjudicialesidespeciedestino`) REFERENCES `especies` (`idespecies`) ON DELETE CASCADE
) ENGINE=InnoDB AUTO_INCREMENT=88 DEFAULT CHARSET=utf8mb4 COLLATE=utf8mb4_unicode_ci;

INSERT INTO `asociacionesperjudiciales` VALUES(53,14,29,'El ajo puede inhibir el crecimiento de los guisantes.');
INSERT INTO `asociacionesperjudiciales` VALUES(54,14,24,'Similar a los guisantes, el ajo puede afectar negativamente su desarrollo.');
INSERT INTO `asociacionesperjudiciales` VALUES(55,14,30,'Compiten por nutrientes y espacio, y el ajo puede inhibir su crecimiento.');
INSERT INTO `asociacionesperjudiciales` VALUES(56,14,31,'El ajo puede inhibir el crecimiento de las coles.');
INSERT INTO `asociacionesperjudiciales` VALUES(57,14,16,'Compiten por nutrientes y pueden afectar negativamente el desarrollo del ajo.');
INSERT INTO `asociacionesperjudiciales` VALUES(60,21,19,'Compiten por nutrientes y espacio, y pueden compartir enfermedades.');
INSERT INTO `asociacionesperjudiciales` VALUES(61,21,20,'Puede inhibir el crecimiento de las calabazas por alelopatía.');
INSERT INTO `asociacionesperjudiciales` VALUES(62,21,38,'Su fuerte aroma y crecimiento invasivo pueden afectar negativamente a la calabaza.');
INSERT INTO `asociacionesperjudiciales` VALUES(80,3,19,'Comparten plagas y enfermedades como el mildiu y el escarabajo de la patata.');
INSERT INTO `asociacionesperjudiciales` VALUES(81,3,20,'Puede inhibir el crecimiento del tomate debido a efectos alelopáticos.');
INSERT INTO `asociacionesperjudiciales` VALUES(82,3,41,'Compiten por nutrientes y espacio, y pueden atraer plagas similares.');
INSERT INTO `asociacionesperjudiciales` VALUES(83,3,15,'Atrae gusanos que también pueden dañar los frutos del tomate.');
INSERT INTO `asociacionesperjudiciales` VALUES(84,3,31,'Compiten por los mismos nutrientes del suelo.');
INSERT INTO `asociacionesperjudiciales` VALUES(85,10,19,'Compiten por nutrientes y espacio, además de compartir algunas enfermedades.');
INSERT INTO `asociacionesperjudiciales` VALUES(86,10,20,'Puede inhibir el crecimiento de las plantas de calabacín por alelopatía.');
INSERT INTO `asociacionesperjudiciales` VALUES(87,10,21,'Riesgo de polinización cruzada si se desea mantener la pureza de la semilla.');

DROP TABLE IF EXISTS `avisosglobales`;
CREATE TABLE `avisosglobales` (
  `idavisosglobales` int(11) NOT NULL AUTO_INCREMENT,
  `xavisosglobalesidespecies` int(11) DEFAULT NULL,
  `avisosglobalescategoria` enum('riego','cuidado','cosecha','abono','otro') DEFAULT NULL,
  `avisosglobalestitulo` varchar(150) DEFAULT NULL,
  `avisosglobalesfaseinicio` enum('siembra','germinacion','trasplante','etapa_adulta','cosecha','siempre','n/a','asentamiento') DEFAULT NULL,
  `avisosglobalesfasefin` enum('siembra','germinacion','trasplante','etapa_adulta','cosecha','siempre','n/a','asentamiento') DEFAULT NULL,
  `avisosglobalesoffset` int(11) DEFAULT NULL,
  `avisosglobalesfrecuencia` int(11) DEFAULT NULL,
  `avisosglobalesicono` varchar(50) DEFAULT 'mdi-bell-outline',
  `avisosglobalescolor` varchar(20) DEFAULT '#3b82f6',
  `avisosglobalesdescripcion` text DEFAULT NULL,
  `avisosglobalesfechacreacion` timestamp NOT NULL DEFAULT current_timestamp(),
  PRIMARY KEY (`idavisosglobales`),
  KEY `especie_id` (`xavisosglobalesidespecies`),
  CONSTRAINT `avisosglobales_ibfk_1` FOREIGN KEY (`xavisosglobalesidespecies`) REFERENCES `especies` (`idespecies`) ON DELETE CASCADE
) ENGINE=InnoDB AUTO_INCREMENT=11 DEFAULT CHARSET=utf8mb4 COLLATE=utf8mb4_general_ci;

INSERT INTO `avisosglobales` VALUES(1,3,'riego','Riego germinaci+','siembra','germinacion',0,1,'mdi-bell-outline','#3b82f6','Manten la humedad constante pulverizando agua suavemente hasta que brote.','2026-04-03 10:39:55');
INSERT INTO `avisosglobales` VALUES(2,3,'riego','Riego plantel','germinacion','trasplante',0,2,'mdi-bell-outline','#3b82f6','Riega con moderaci+','2026-04-03 10:39:55');
INSERT INTO `avisosglobales` VALUES(3,3,'riego','Riego de Asentamiento','trasplante','asentamiento',0,3,'mdi-bell-outline','#3b82f6','Riega en profundidad para que la ra+','2026-04-03 10:39:55');
INSERT INTO `avisosglobales` VALUES(4,3,'cuidado','Entutorado y Destalle','trasplante','siempre',15,10,'mdi-bell-outline','#3b82f6','Revisa si necesita atarse al tutor y corta los chupones axilares.','2026-04-03 10:39:55');
INSERT INTO `avisosglobales` VALUES(5,3,'abono','Abono de Fructificaci+','cosecha','cosecha',30,20,'mdi-bell-outline','#3b82f6','A+','2026-04-03 10:39:55');
INSERT INTO `avisosglobales` VALUES(6,3,'cuidado','Escardado (Eliminar malas hierbas)','trasplante','siempre',15,30,'mdi-bell-outline','#3b82f6','Remueve la tierra superficial para oxigenar y quitar competidoras.','2026-04-03 10:39:55');
INSERT INTO `avisosglobales` VALUES(7,3,'riego','Riego de mantenimiento','asentamiento','cosecha',0,5,'mdi-bell-outline','#3b82f6','Riego regular cada 3 d+','2026-04-03 11:08:05');
INSERT INTO `avisosglobales` VALUES(8,3,'cuidado','Desnietado (Poda de chupones)','trasplante','siempre',15,10,'mdi-bell-outline','#3b82f6','La poda de chupones o desnietado consiste en eliminar los brotes laterales axilares para mejorar la ventilaci+','2026-04-03 11:09:42');
INSERT INTO `avisosglobales` VALUES(10,3,'abono','Abono de mantenimiento','trasplante','cosecha',30,20,'mdi-bell-outline','#3b82f6','A+','2026-04-20 08:46:28');

DROP TABLE IF EXISTS `avisoslog`;
CREATE TABLE `avisoslog` (
  `idavisoslog` int(11) NOT NULL AUTO_INCREMENT,
  `xavisoslogidsiembras` int(11) DEFAULT NULL,
  `xavisoslogidusuarios` int(11) DEFAULT NULL,
  `xavisoslogidavisosglobales` int(11) DEFAULT NULL,
  `avisoslogfecharegistro` date DEFAULT NULL,
  `avisoslogfechacreacion` timestamp NOT NULL DEFAULT current_timestamp(),
  PRIMARY KEY (`idavisoslog`),
  UNIQUE KEY `u_log` (`xavisoslogidsiembras`,`xavisoslogidavisosglobales`,`avisoslogfecharegistro`),
  KEY `usuario_id` (`xavisoslogidusuarios`),
  KEY `aviso_global_id` (`xavisoslogidavisosglobales`),
  CONSTRAINT `avisoslog_ibfk_1` FOREIGN KEY (`xavisoslogidsiembras`) REFERENCES `siembras` (`idsiembras`) ON DELETE CASCADE,
  CONSTRAINT `avisoslog_ibfk_2` FOREIGN KEY (`xavisoslogidusuarios`) REFERENCES `usuarios` (`idusuarios`) ON DELETE CASCADE,
  CONSTRAINT `avisoslog_ibfk_3` FOREIGN KEY (`xavisoslogidavisosglobales`) REFERENCES `avisosglobales` (`idavisosglobales`) ON DELETE CASCADE
) ENGINE=InnoDB DEFAULT CHARSET=utf8mb4 COLLATE=utf8mb4_general_ci;

DROP TABLE IF EXISTS `blog`;
CREATE TABLE `blog` (
  `idblog` int(11) NOT NULL AUTO_INCREMENT,
  `blogslug` varchar(255) NOT NULL,
  `blogtitulo` varchar(255) NOT NULL,
  `blogresumen` text DEFAULT NULL,
  `blogcontenido` longtext DEFAULT NULL,
  `blogimagen` varchar(500) DEFAULT NULL,
  `blogestado` enum('borrador','publicado') DEFAULT 'borrador',
  `xblogidusuarios` int(11) DEFAULT NULL,
  `xblogidespecies` int(11) DEFAULT NULL,
  `xblogidvariedades` int(11) DEFAULT NULL,
  `blogfechacreacion` datetime DEFAULT current_timestamp(),
  `blogfechapublicacion` datetime DEFAULT NULL,
  PRIMARY KEY (`idblog`),
  UNIQUE KEY `xblogslug` (`blogslug`),
  KEY `xblogidusuarios` (`xblogidusuarios`),
  KEY `xblogidespecies` (`xblogidespecies`),
  KEY `xblogidvariedades` (`xblogidvariedades`),
  CONSTRAINT `blog_ibfk_1` FOREIGN KEY (`xblogidusuarios`) REFERENCES `usuarios` (`idusuarios`) ON DELETE SET NULL,
  CONSTRAINT `blog_ibfk_2` FOREIGN KEY (`xblogidespecies`) REFERENCES `especies` (`idespecies`) ON DELETE SET NULL,
  CONSTRAINT `blog_ibfk_3` FOREIGN KEY (`xblogidvariedades`) REFERENCES `variedades` (`idvariedades`) ON DELETE SET NULL
) ENGINE=InnoDB AUTO_INCREMENT=17 DEFAULT CHARSET=utf8mb4 COLLATE=utf8mb4_unicode_ci;

INSERT INTO `blog` VALUES(7,'como-cultivar-calabacin-guia-esencial-agricultores-novatos','¿Cómo Cultivar Calabacín? Guía Esencial para Agricultores Novatos','Descubre los secretos para cultivar calabacín con éxito. Esta guía práctica te ofrece consejos clave para que tus primeras cosechas sean un triunfo.','{"titulo":"¿Cómo Cultivar Calabacín? Guía Esencial para Agricultores Novatos","resumen":"Descubre los secretos para cultivar calabacín con éxito. Esta guía práctica te ofrece consejos clave para que tus primeras cosechas sean un triunfo.","tags":["#Calabacín","#CultivoPrincipiantes","#HuertoUrbano","#AgriculturaSostenible","#Hortalizas"],"ficha_rapida":[{"icono":"🌡️","label":"Temp. Óptima","valor":"25-35°C"},{"icono":"🗓️","label":"Siembra","valor":"Primavera-Verano"},{"icono":"🌱","label":"Germinación","valor":"3-4 días"},{"icono":"📏","label":"Marco","valor":"100x100cm"},{"icono":"🕐","label":"Cosecha","valor":"50-60 días"},{"icono":"💧","label":"Riego","valor":"Frecuente, ligero"}],"introduccion":"¡Bienvenido, futuro agricultor! 🧑‍🌾 Cultivar tus propios calabacines es una experiencia increíblemente gratificante y más sencilla de lo que imaginas. Si estás dando tus primeros pasos en el huerto, el calabacín es tu aliado perfecto. Con su rápido crecimiento y generosa producción, te demostrará que la agricultura está al alcance de todos. Prepárate para disfrutar de la satisfacción de cosechar tus propios frutos frescos y deliciosos. ¡Vamos a sembrar éxito juntos!","secciones":[{"titulo_h2":"🌱 Conoce tu Calabacín: Exigencias y Clima Ideal","contenido_markdown":"El calabacín (*Cucurbita pepo*) es una **planta anual herbácea** de la familia de las Cucurbitáceas. Posee un tallo principal robusto y pocos secundarios, con la particularidad de emitir **raíces en los entrenudos** si contactan con tierra húmeda. Sus hojas son grandes, pelosas y ásperas, con un peciolo largo y hueco.\\n\\n### 🌡️ Temperaturas Clave para el Éxito\\n\\nEl calabacín es menos exigente en calor que otras cucurbitáceas, pero prospera con buenas temperaturas. La **temperatura óptima para la germinación** se sitúa entre **18°C y 28°C**. Por debajo de **10°C**, la germinación es difícil, y a **8°C** el crecimiento se detiene. Se hiela a **-1°C**.\\n\\nPara un **desarrollo vegetativo óptimo**, busca temperaturas entre **25°C y 35°C**. Si las bajas temperaturas duran poco y no afectan la raíz, la planta puede recuperarse. Asegúrate de que el ambiente tenga una **humedad relativa alta**, entre **65% y 80%**, y que reciba **mucha luminosidad**.\\n\\n### 🪨 Preparación del Suelo y Nutrición\\n\\nEl calabacín **no es muy exigente con el tipo de suelo**, adaptándose bien a diversas texturas. Sin embargo, su desarrollo es extraordinario en **suelos bien provistos de materia orgánica**. Una buena preparación incluye:\\n\\n*   **Labores profundas**: Un par de pases de arado y fresadora para disgregar terrones.\\n*   **Abonado de fondo**: Antes de las labores, distribuye abonos de fondo. El calabacín responde muy bien a los **estiércoles**, tanto frescos como en mantillo.\\n*   **Abonado mineral**: Es una planta muy productiva y de desarrollo rápido, por lo que demanda **fuertes cantidades de abonos minerales**. Es crucial realizar estas aportaciones de forma **fraccionada** para una asimilación eficiente. Por ejemplo, antes de sembrar, se recomiendan 300 Kg/Ha de nitrato amónico, 300 Kg/Ha de sulfato potásico y 600 Kg/Ha de superfosfato.","imagen_posicion":"derecha","imagen_ruta":"https://storage.googleapis.com/verdantia-494121.firebasestorage.app/uploads/blog/preparacion-del-suelo-para-sembrar-calabacin-1777640490194.webp","imagen_alt":"Manos de agricultor preparando la tierra fértil con abono orgánico para la siembra de calabacín, mostrando los primeros pasos del cultivo.","imagen_title":"Preparación del suelo para sembrar calabacín"},{"titulo_h2":"💧 Siembra y Cuidados Diarios: Tu Huerto en Marcha","contenido_markdown":"Una vez preparado el suelo, es momento de sembrar. Para obtener altos rendimientos, el suelo debe estar bien trabajado. Unos días antes de la siembra, realiza un **primer riego** para asegurar la humedad necesaria para una nascencia perfecta.\\n\\n### 🧑‍🌾 Cómo Sembrar y Plantar Correctamente\\n\\n*   **Momento ideal**: Siembra **dos o tres días después de regar**, cuando el suelo esté húmedo pero no encharcado. Espera a que las temperaturas aumenten si hace frío.\\n*   **Marcos de siembra**: Para cultivos sin asociar, planta a tresbolillo en líneas paralelas, con una separación de **1 metro entre líneas y 1 metro entre plantas**. En invernaderos, si no se entutora, amplía el marco un **50%**.\\n*   **Siembra directa**: Haz hoyos en la parte superior del caballón, coloca **3-4 semillas** por \'pie\', apriétalas suavemente y cúbrelas con **2-3 centímetros de tierra**.\\n*   **Pregerminación**: Es recomendable que las semillas estén **pregerminadas**. Se estima un gasto de **10 kg de semilla por hectárea**.\\n*   **Germinación rápida**: Con temperaturas de **14°C por la noche y 25°C por el día**, el calabacín germina en **3-4 días**.\\n\\n### 🚿 Riego y Mantenimiento Esencial\\n\\nEl riego es fundamental para el calabacín. Durante el primer mes, evita el exceso de humedad para favorecer un buen enraizamiento y un tallo recio. Una vez que la planta inicia su crecimiento rápido y empieza a fructificar (segundo o tercer fruto), se vuelve **muy exigente en agua**.\\n\\n*   **Riegos frecuentes y ligeros**: Es crucial regar a menudo, pero con **poco caudal**, evitando encharcamientos. Los riegos sucesivos se realizarán cada **3 a 5 días**, disminuyendo el turno a medida que aumentan las temperaturas y la recolección.\\n\\n### ✂️ Entutorado y Poda para Maximizar la Producción\\n\\nEstas prácticas son vitales para un cultivo sano y productivo:\\n\\n*   **Entutorado**: Altamente recomendable tanto al aire libre como en invernadero. Consiste en guiar el tallo principal atándolo a una **caña de 2 metros** o a una cuerda vertical en invernadero. Esto mejora la ventilación y la exposición solar.\\n*   **Poda**: Si la planta genera mucho follaje y tallos secundarios, pódalos en cuanto broten, **respetando siempre el tallo principal**. Los frutos de los tallos secundarios no suelen alcanzar tamaño comercial.\\n*   **Limpia de hojas**: Cuando la vegetación es muy densa, especialmente durante la recolección, elimina las **hojas más viejas** por debajo del último fruto. Esto previene enfermedades y mejora la luminosidad.\\n\\n###  harvest Cosecha Continua y de Calidad\\n\\nEl calabacín tiene un desarrollo muy rápido. Para mantener su valor comercial y estimular la producción, es aconsejable recolectar los frutos **todos los días o, como máximo, cada dos días**. El momento óptimo es cuando alcanzan un peso de **200 a 250 gramos**, una longitud de **15 a 18 centímetros** y un diámetro de **4 a 5 centímetros**. Una hectárea puede producir hasta **100.000 kilos**.","imagen_posicion":"izquierda","imagen_ruta":"https://storage.googleapis.com/verdantia-494121.firebasestorage.app/uploads/blog/cosecha-de-calabacin-fresco-a-mano-1777640496233.webp","imagen_alt":"Manos de agricultor recolectando un calabacín de tamaño óptimo en el huerto, destacando la frescura y la recompensa del cultivo.","imagen_title":"Cosecha de calabacín fresco a mano"}],"consejos":{"titulo":"💡 Consejos Extra para un Calabacín de Campeones","items":["**Evita el encharcamiento** — Mantén el suelo húmedo, pero sin excesos, especialmente al inicio del cultivo para un buen enraizamiento.","**Poda los tallos secundarios** — Concentrarás la energía de la planta en el fruto principal y evitarás el desarrollo excesivo de follaje.","**Cosecha a tiempo** — Recolecta cada 1-2 días frutos de 15-18 cm y 200-250 g para mantener la productividad y calidad de tu huerto.","**Nutrición fraccionada** — El calabacín es exigente; divide las aportaciones de abono mineral para asegurar un desarrollo óptimo y continuo.","**Entutora tus plantas** — Facilita la ventilación, la exposición a la luz y la recolección, mejorando la salud general de tus calabacines."]},"cta":{"titulo":"¿Listo para tu primera cosecha de calabacines?","subtitulo":"El camino del agricultor novato está lleno de satisfacciones y cosechas abundantes. ¡Anímate!","boton_primario":"🌱 ¡Empieza a cultivar ahora!","boton_secundario":"📄 Descarga nuestra guía completa"},"hero_imagen":"https://storage.googleapis.com/verdantia-494121.firebasestorage.app/uploads/blog/planta-de-calabacin-saludable-en-huerto-1777640482901.webp","hero_imagen_alt":"Imagen de una planta de calabacín vigorosa con frutos, ideal para inspirar a agricultores principiantes en su huerto.","hero_imagen_title":"Planta de calabacín saludable en huerto","contexto":{"tipo":"especie","nombre":"Calabacín"},"pdf_source_id":181}','uploads/blog/planta-de-calabacin-saludable-en-huerto-1777640482901.webp','borrador',1,10,NULL,'2026-05-01 13:01:18',NULL);
INSERT INTO `blog` VALUES(8,'como-cultivar-calabacin-guia-principiantes','¿Cómo Cultivar Calabacín Abundante? Guía Esencial para Principiantes','Descubre los secretos del cultivo de calabacín. Desde la siembra hasta la cosecha, esta guía te dará las claves para un huerto productivo, ¡incluso si eres principiante!','{"titulo":"¿Cómo Cultivar Calabacín Abundante? Guía Esencial para Principiantes","resumen":"Descubre los secretos del cultivo de calabacín. Desde la siembra hasta la cosecha, esta guía te dará las claves para un huerto productivo, ¡incluso si eres principiante!","tags":["#Calabacín","#HuertoPrincipiante","#CultivoSostenible","#VerdurasFrescas"],"ficha_rapida":[{"icono":"🌡️","label":"Temp. Óptima","valor":"25-35°C"},{"icono":"🗓️","label":"Siembra","valor":"Primavera-Verano"},{"icono":"🌱","label":"Germinación","valor":"3-4 días"},{"icono":"📏","label":"Marco","valor":"1x1m"},{"icono":"🕐","label":"Cosecha","valor":"50-60 días"},{"icono":"💧","label":"Riego","valor":"Frecuente, ligero"}],"introduccion":"Soñar con un huerto lleno de calabacines frescos y deliciosos es el primer paso para todo agricultor principiante. 🌱 Esta hortaliza, versátil y agradecida, puede transformar tu jardín en una fuente de abundancia. No te dejes intimidar por la idea de empezar; con esta guía, aprenderás a cultivar calabacín con éxito, disfrutando del proceso y de una cosecha espectacular. ¡Prepárate para ver crecer tus primeros frutos y saborear la recompensa de tu esfuerzo!","secciones":[{"titulo_h2":"🌱 Preparando el Terreno y la Siembra Perfecta","contenido_markdown":"### ☀️ Clima y Suelo: La Base del Éxito\\nEl calabacín, **Cucurbita pepo**, es una planta anual que te sorprenderá por su vigor. Aunque es menos exigente en calor que sus parientes como el melón, necesita temperaturas estables. Se hiela a **-1°C** y detiene su crecimiento a **8°C**, así que planifica bien.\\n\\nPara una germinación óptima, el suelo debe estar entre **18-28°C**, con un mínimo de **10°C**. El desarrollo ideal de la planta se da entre **25-35°C**. ¡Asegúrate de que tu huerto esté listo para recibir este calor!\\n\\nRespecto al suelo, el calabacín no es excesivamente caprichoso, pero te lo agradecerá si está **bien provisto de materia orgánica**. Admite todo tipo de terrenos, siempre que disponga de **humedad adecuada y buena luminosidad**.\\n\\n### 🛠️ Preparación del Terreno y Siembra\\nUna buena preparación del suelo es fundamental. Realiza labores profundas con vertedera y luego un pase de fresadora para **disgregar los terrones**. Esto asegura un lecho de siembra óptimo para las raíces.\\n\\nAntes de las labores, es el momento de distribuir los **abonos de fondo**. Forma **caballones robustos**, separados por **1 metro entre ejes**. Unos días antes de sembrar, aplica un riego generoso para que el suelo tenga la humedad perfecta para la nascencia.\\n\\nLa siembra se realiza **2 o 3 días después de este riego**. Abre hoyos en la parte superior del caballón, donde la tierra esté húmeda. Coloca **3 o 4 semillas** por \\"pie\\", presiónalas suavemente y cúbrelas con **2-3 cm de tierra**.\\n\\nPara acelerar el proceso, se recomienda usar **semillas pregerminadas**. Con temperaturas de **14°C por la noche** y **25°C por el día**, tus calabacines brotarán en tan solo **3-4 días**. Si siembras sin asociar, un marco de **1 metro entre líneas** y **1 metro entre plantas** es ideal.","imagen_posicion":"derecha","imagen_ruta":"https://storage.googleapis.com/verdantia-494121.firebasestorage.app/uploads/blog/preparacion-del-suelo-para-calabacin-1777641002659.webp","imagen_alt":"Suelo bien preparado con caballones listos para la siembra de calabacín, mostrando la importancia de la materia orgánica.","imagen_title":"Preparación del suelo para calabacín"},{"titulo_h2":"💧 Cuidado y Mantenimiento para una Cosecha Abundante","contenido_markdown":"### 💧 Riego, Abono y Entutorado: Pilares del Cuidado\\nEl calabacín es una planta muy exigente en agua, especialmente durante su fase de crecimiento rápido y la fructificación. Los **riegos deben ser frecuentes, pero de caudal ligero**, evitando siempre el encharcamiento. Durante el primer mes tras la siembra, modera el riego para fomentar un **fuerte enraizamiento**. A partir del segundo riego, cuando los primeros frutos asoman, y a medida que las temperaturas suben y la planta produce, riega cada **3-5 días**.\\n\\nDado su rápido desarrollo y alta productividad, el calabacín demanda **fuertes cantidades de abonos minerales**. Es crucial que estos se aporten de forma **fraccionada** a lo largo del ciclo de cultivo para asegurar una nutrición constante.\\n\\nCuando la planta tenga **3 o 4 hojas**, realiza un aporcado ligero para romper la costra del suelo y eliminar hierbas. A medida que crece, continúa aporcando hasta que las plantas queden bien asentadas en el caballón.\\n\\nEl **entutorado** es una práctica muy beneficiosa. Consiste en guiar el tallo principal atándolo a una **caña de 2 metros** o a una cuerda si cultivas en invernadero. Esto mejora la aireación de la planta y facilita la recolección, previniendo enfermedades.\\n\\n### ✂️ Poda, Limpia y Cosecha Estratégica\\nSi tu planta de calabacín desarrolla muchos tallos secundarios (ahijados), es aconsejable **podarlos en cuanto broten**, dejando siempre el tallo principal. Los frutos de los tallos secundarios no suelen alcanzar un tamaño comercial óptimo.\\n\\nUna **limpia de hojas** también es importante si la vegetación se vuelve muy densa. Corta las hojas más viejas, siempre por debajo del último fruto y en la unión con el tallo. Esto mejora la luminosidad y reduce el riesgo de enfermedades.\\n\\nFinalmente, ¡la recompensa! La recolección del calabacín es clave para su valor comercial. Debido a su rápido crecimiento, debes recolectar **todos los días o, como máximo, cada dos días**. El tamaño ideal para la cosecha es cuando el fruto pesa entre **200-250 gramos**, mide **15-18 cm de largo** y tiene **4-5 cm de diámetro**. ¡Un huerto bien cuidado puede producir hasta **100.000 kg por hectárea**!","imagen_posicion":"izquierda","imagen_ruta":"https://storage.googleapis.com/verdantia-494121.firebasestorage.app/uploads/blog/calabacin-entutorado-y-productivo-1777641009707.webp","imagen_alt":"Planta de calabacín sana y entutorada, mostrando frutos en desarrollo y la técnica de guiado para un cultivo óptimo.","imagen_title":"Calabacín entutorado y productivo"}],"consejos":{"titulo":"💡 Consejos de Agrónomo para tu Calabacín","items":["**Control de Temp.** — Mantén el suelo por encima de **10°C** para una germinación exitosa y protege tus plantas de heladas bajo **-1°C**.","**Abono Fraccionado** — Divide la aplicación de abonos minerales en varias dosis a lo largo del ciclo para una nutrición constante y efectiva.","**Riego Inteligente** — Riega **frecuentemente y con poca cantidad**, evitando encharcamientos, especialmente en las primeras etapas de crecimiento.","**Cosecha Diaria** — Recolecta tus calabacines **cada 1 o 2 días** cuando tengan **15-18 cm**, así fomentas nueva producción y aseguras la calidad.","**Entutorado es Clave** — Guía tus plantas con una **caña de 2m** o cuerda para mejorar la aireación, prevenir enfermedades y facilitar la cosecha."]},"cta":{"titulo":"¿Listo para cosechar tus propios calabacines?","subtitulo":"Tu huerto te espera, ¡manos a la tierra!","boton_primario":"🌱 Empezar mi cultivo ahora","boton_secundario":"📄 Descargar guía completa"},"hero_imagen":"https://storage.googleapis.com/verdantia-494121.firebasestorage.app/uploads/blog/calabacin-fresco-en-el-huerto-1777640996054.webp","hero_imagen_alt":"Imagen de calabacines creciendo sanos en un huerto moderno, lista para ser cosechada por un agricultor.","hero_imagen_title":"Calabacín fresco en el huerto","contexto":{"tipo":"especie","nombre":"Calabacín"},"pdf_source_id":181}','uploads/blog/calabacin-fresco-en-el-huerto-1777640996054.webp','borrador',1,10,NULL,'2026-05-01 13:09:51',NULL);
INSERT INTO `blog` VALUES(9,'como-cultivar-calabacin-guia-esencial-agricultores-principiantes','¿Cómo Cultivar Calabacín? Guía Esencial para Agricultores Principiantes','Descubre los secretos para cultivar calabacín con éxito, desde la siembra hasta la cosecha.\nConsejos prácticos para principiantes que buscan resultados abundantes.','{"titulo":"¿Cómo Cultivar Calabacín? Guía Esencial para Agricultores Principiantes","resumen":"Descubre los secretos para cultivar calabacín con éxito, desde la siembra hasta la cosecha.\\nConsejos prácticos para principiantes que buscan resultados abundantes.","tags":["#Calabacin","#CultivoEcologico","#HuertoEnCasa","#AgriculturaPrincipiante","#Hortalizas"],"ficha_rapida":[{"icono":"🌡️","label":"Temp. Óptima","valor":"18-35°C"},{"icono":"🗓️","label":"Siembra","valor":"Primavera-Verano"},{"icono":"🌱","label":"Germinación","valor":"3-4 días"},{"icono":"📏","label":"Marco","valor":"1x1m"},{"icono":"🕐","label":"Cosecha","valor":"50-60 días"},{"icono":"💧","label":"Riego","valor":"Frecuente y Ligero"}],"introduccion":"¡Hola, futuros agricultores! ¿Listos para añadir una hortaliza versátil y productiva a vuestro huerto? El calabacín es una elección fantástica para empezar.\\nCon un crecimiento rápido y generosas cosechas, te brindará una satisfacción inmensa. Prepárate para transformar tu jardín en un oasis de sabor y abundancia. ¡Vamos a cultivar!","secciones":[{"titulo_h2":"🌱 El Secreto de un Buen Inicio: Clima y Suelo Ideal","contenido_markdown":"Para que tu calabacín prospere, comprender sus **exigencias climáticas** es fundamental. Es una planta que ama el calor, con una temperatura óptima de desarrollo entre **25°C y 35°C**.\\nLa germinación ideal se da entre **18°C y 28°C**, siendo difícil por debajo de 10°C. Ten en cuenta que se detiene su crecimiento a 8°C y se hiela a -1°C. ¡Protege tus plantas del frío extremo!\\n\\n### 🌍 Preparando el Terreno Perfecto\\nEl calabacín no es muy exigente con el **tipo de suelo**, adaptándose a casi todos. Sin embargo, prefiere terrenos bien provistos de **materia orgánica**.\\nUn suelo rico y con buena capacidad de retención de humedad, pero sin encharcamientos, es su paraíso. Asegúrate de que tu terreno tenga una **humedad relativa alta**, entre el 65% y 80%.\\n\\n### 💧 Riego y Nutrición Esenciales\\nDurante el primer mes tras la siembra, evita el exceso de humedad para favorecer un **enraizamiento fuerte** y un tallo recio. Después, con el inicio del crecimiento rápido y la fructificación, el calabacín se vuelve muy exigente en agua.\\nDeberás realizar **riegos frecuentes y ligeros**, evitando siempre el encharcamiento que podría dañar las raíces. En cuanto a la nutrición, esta hortaliza es muy productiva y de rápido desarrollo, por lo que demanda **abundantes abonos minerales**.\\nEs crucial aplicar estos abonos de forma **fraccionada** a lo largo del cultivo para asegurar un suministro constante de nutrientes. Un suelo bien nutrido y un riego adecuado son la base para una cosecha exitosa.","imagen_posicion":"derecha","imagen_ruta":"https://storage.googleapis.com/verdantia-494121.firebasestorage.app/uploads/blog/calabacin-raices-en-suelo-fertil-1777641682619.webp","imagen_alt":"Detalle de una planta de calabacín con raíces robustas en un suelo rico y bien preparado, simbolizando un buen inicio de cultivo.","imagen_title":"Calabacín: Raíces en Suelo Fértil"},{"titulo_h2":"🌿 De la Semilla al Fruto: Siembra, Cuidado y Entutorado","contenido_markdown":"El primer paso para una cosecha exitosa es una **siembra adecuada**. Prepara el suelo con labores de arado y fresado para disgregar los terrones, y distribuye los abonos de fondo antes de sembrar.\\nUnos días antes de la siembra, riega el terreno para asegurar la humedad necesaria para una buena nascencia. La siembra se realiza **2 o 3 días después de este riego**.\\n\\n### 📏 Siembra y Marcos de Plantación\\nSi siembras directamente, haz hoyos en la parte superior del caballón, donde la tierra esté húmeda. Coloca **3 o 4 semillas por \\"pie\\"** y cúbrelas con **2 o 3 centímetros de tierra**.\\nEs recomendable que las semillas estén **pregerminadas** para acelerar el proceso. Para un cultivo sin asociar, el marco de siembra ideal es de **1 metro entre líneas y 1 metro entre plantas**.\\n\\n### 🧤 Cuidados Esenciales para el Desarrollo\\nCuando la planta tenga 3 o 4 hojas, realiza una **cava ligera** para romper la costra del riego. A medida que crece, **aporca** las plantas hasta lo alto del caballón. Si observas la tierra apelmazada o con hierbas, realiza labores de escarda.\\nEl **entutorado** es muy recomendable; ayuda a la planta a crecer verticalmente, facilitando la ventilación y la cosecha. Utiliza cañas de **unos 2 metros** y ata el tallo principal a medida que crece. En invernaderos, puedes usar cuerdas verticales.\\n\\n### ✂️ Poda y Limpia de Hojas\\nSi tu calabacín desarrolla mucho follaje y tallos secundarios, es aconsejable **podarlos** en cuanto broten, respetando siempre el tallo principal. Esto asegura que la energía de la planta se concentre en producir frutos de tamaño comercial.\\nLa **limpia de hojas** viejas o enfermas, especialmente si la vegetación es muy exuberante, mejora la luminosidad y previene enfermedades. Corta siempre por debajo del último fruto y en la unión del peciolo con el tallo.","imagen_posicion":"izquierda","imagen_ruta":"https://storage.googleapis.com/verdantia-494121.firebasestorage.app/uploads/blog/entutorado-del-calabacin-soporte-para-el-crecimiento-1777641691005.webp","imagen_alt":"Manos atando una planta joven de calabacín a un tutor de madera, ilustrando el cuidado y soporte necesarios para su desarrollo.","imagen_title":"Entutorado del Calabacín: Soporte para el Crecimiento"},{"titulo_h2":"💪 Cosecha Abundante y Desafíos Comunes: Plagas y Enfermedades","contenido_markdown":"¡Llegó el momento más gratificante! La **recolección del calabacín** es un proceso rápido y constante. Para asegurar su valor comercial, es crucial cosechar los frutos cuando alcanzan el tamaño ideal: entre **15 y 18 cm de largo** y **4 a 5 cm de diámetro**, con un peso de **200 a 250 gramos**.\\nRecolecta **todos los días o, como máximo, cada dos días** para estimular la producción continua y evitar que los frutos se hagan demasiado grandes y fibrosos. Una hectárea puede producir hasta **100.000 kg**.\\n\\n### 🛡️ Protegiendo Tu Cosecha: Plagas y Enfermedades\\nEl calabacín, aunque resistente, puede verse afectado por algunas plagas y enfermedades comunes. Esté atento a señales de **Oídio**, que se manifiesta como manchas blancas pulverulentas en las hojas, y a la **Botrytis**, que ataca los frutos recién cuajados con manchas grises húmedas.\\nLas **Virosis**, propagadas por semillas e insectos como los pulgones, pueden causar hojas abarquilladas y frutos deformes. No hay cura directa, pero el uso de **variedades resistentes** y el **control de pulgones** son clave.\\n\\n### 🕷️ Control de Plagas Comunes\\nLos **pulgones** son chupadores de savia que debilitan la planta. Combátelos con insecticidas sistémicos o de contacto, pero siempre con precaución, dado que la recolección es diaria. Realiza tratamientos preventivos antes de que la cosecha sea intensiva.\\nLa **araña roja** es otra plaga a vigilar; causa un bronceado en las hojas y puede generar telarañas en el envés. Un control temprano con **acaricidas totales** es vital para evitar su propagación y la defoliación de la planta. La **prevención** y la **observación constante** son tus mejores aliados para mantener tu cultivo sano y productivo.","imagen_posicion":"derecha"}],"consejos":{"titulo":"💡 Consejos Extra para tu Calabacín","items":["**Riego constante** — Asegura un suministro regular de agua, especialmente en fructificación, para frutos jugosos.","**Poda temprana** — Elimina tallos secundarios a tiempo para concentrar la energía en el tallo principal y frutos de calidad.","**Revisión diaria** — Cosecha los calabacines jóvenes para fomentar una producción continua y evitar que se pasen.","**Suelo enriquecido** — Incorpora compost o estiércol maduro antes de la siembra para una base nutritiva sólida.","**Entutorado** — Soporta tus plantas para mejorar la aireación, prevenir enfermedades y facilitar la recolección."]},"cta":{"titulo":"¿Listo para ver crecer tus propios calabacines?","subtitulo":"¡Empieza hoy tu aventura agrícola y disfruta de la recompensa de tu esfuerzo!","boton_primario":"🌱 ¡Quiero mi huerto de calabacines!","boton_secundario":"📄 Descargar guía de plagas"},"hero_imagen":"https://storage.googleapis.com/verdantia-494121.firebasestorage.app/uploads/blog/cultivo-de-calabacin-amanecer-en-el-huerto-1777641676126.webp","hero_imagen_alt":"Imagen de un campo de calabacines bajo la luz del amanecer, con un agricultor inspeccionando la cosecha. Ideal para principiantes.","hero_imagen_title":"Cultivo de Calabacín: Amanecer en el Huerto","contexto":{"tipo":"especie","nombre":"Calabacín"},"pdf_source_id":181}','uploads/blog/cultivo-de-calabacin-amanecer-en-el-huerto-1777641676126.webp','borrador',1,10,NULL,'2026-05-01 13:21:12',NULL);
INSERT INTO `blog` VALUES(10,'cultivar-calabacin-guia-principiantes','¿Cómo Cultivar Calabacín? Guía Esencial para Principiantes 🌱','Descubre cómo cultivar calabacín en tu huerto con esta guía práctica para agricultores novatos. Aprende desde la siembra hasta la cosecha para obtener frutos abundantes.','{"titulo":"¿Cómo Cultivar Calabacín? Guía Esencial para Principiantes 🌱","resumen":"Descubre cómo cultivar calabacín en tu huerto con esta guía práctica para agricultores novatos. Aprende desde la siembra hasta la cosecha para obtener frutos abundantes.","tags":["#Calabacín","#HuertoPrincipiantes","#CultivoHortalizas","#AgriculturaUrbana"],"ficha_rapida":[{"icono":"🌡️","label":"Temp. Óptima","valor":"25-35°C"},{"icono":"🗓️","label":"Siembra","valor":"Primavera-Verano"},{"icono":"🌱","label":"Germinación","valor":"3-4 días"},{"icono":"📏","label":"Marco","valor":"100x100cm"},{"icono":"🕐","label":"Cosecha","valor":"50-60 días"},{"icono":"💧","label":"Riego","valor":"Frecuente, ligero"}],"introduccion":"¡Anímate a cultivar calabacín! Esta hortaliza, fácil y productiva, es perfecta para iniciarte en el huerto. Con unos pocos cuidados, pronto disfrutarás de sus deliciosos frutos frescos. Prepárate para ver crecer tu huerto y saborear el éxito de tu esfuerzo. ¡Es hora de ensuciarse las manos y cosechar tus propios calabacines!","secciones":[{"titulo_h2":"☀️ Conoce las Exigencias Climatológicas y del Suelo","contenido_markdown":"El calabacín, conocido científicamente como **Cucurbita pepo**, es una planta anual herbácea que sorprende por su adaptabilidad. Es menos exigente en calor que otras cucurbitáceas, pero responde maravillosamente a temperaturas elevadas.\\n\\n### 🌡️ Temperaturas Ideales\\nLa **temperatura óptima** para su desarrollo oscila entre **25 y 35°C**. El crecimiento se detiene a los **8°C** y se hiela por debajo de **-1°C**. Para una germinación exitosa, el suelo debe estar entre **18 y 28°C**.\\n\\n### 💧 Humedad y Luz\\nEsta planta necesita una **humedad relativa alta**, idealmente entre el **65 y 80%**. Además, el calabacín es un amante del sol, requiriendo **bastante luminosidad** para un crecimiento vigoroso y una buena producción de frutos.\\n\\n### 🌱 El Suelo Perfecto\\nAunque no es excesivamente exigente, el calabacín prefiere **suelos bien provistos de materia orgánica**. Responde excepcionalmente a los **estiércoles**, ya sean frescos o convertidos en mantillo. Un suelo rico y bien drenado es clave.\\n\\n### 🧪 Nutrición Esencial\\nDebido a su rápido desarrollo y alta productividad, el calabacín demanda **fuertes cantidades de abonos minerales**. Es fundamental realizar la aportación de abonos de forma **fraccionada** para asegurar una nutrición constante y equilibrada durante todo su ciclo de cultivo.","imagen_posicion":"derecha","imagen_ruta":"https://storage.googleapis.com/verdantia-494121.firebasestorage.app/uploads/blog/semillero-de-calabacin-en-tierra-fertil-1777748361806.webp","imagen_alt":"Primer plano de una joven planta de calabacín brotando en suelo orgánico y bien preparado, bajo luz natural.","imagen_title":"Semillero de calabacín en tierra fértil"},{"titulo_h2":"🛠️ Siembra, Riego y Cuidados para una Cosecha Abundante","contenido_markdown":"Una buena preparación y un seguimiento constante son la clave para un cultivo de calabacín exitoso. Con estos pasos sencillos, verás cómo tu huerto prospera.\\n\\n### 🥕 Preparación del Terreno\\nAntes de sembrar, prepara el suelo con labores de **vertedera** y un pase de **fresadora** para desmenuzar los terrones. Forma **caballones** robustos, separados por **un metro** entre ejes. Distribuye abonos de fondo antes de estas labores.\\n\\n### 🗓️ Siembra Directa y Marco\\nUnos días antes de la siembra, realiza un riego para asegurar la humedad. Siembra **2 o 3 días** después, colocando **3 o 4 semillas** pregerminadas por hoyo, a **2-3 cm** de profundidad. El marco de plantación ideal es de **100x100 cm**.\\n\\n### 💧 Riego Inteligente\\nDurante el primer mes post-siembra, evita el exceso de humedad. El **primer riego** se hace antes de sembrar; el **segundo**, al mes y medio, cuando aparezcan los primeros frutos. Luego, riega **cada 3-5 días**, de forma **frecuente pero ligera**, sin encharcar el suelo.\\n\\n### 🧑‍🌾 Labores Culturales\\n*   **Aporcado y Escarda**: Cuando la planta tenga 3-4 hojas, rompe la costra superficial. Aporca a medida que crece. Escarda si el suelo se apelmaza o aparecen hierbas.\\n*   **Entutorado**: Es muy recomendable. Usa cañas de **2 metros** o cuerdas en invernadero para guiar el tallo principal. Esto mejora la aireación y facilita la cosecha.\\n*   **Poda**: Elimina los tallos secundarios en cuanto broten, siempre respetando el tallo principal. Esto asegura frutos de mayor calidad y tamaño comercial.\\n*   **Limpia de Hojas**: Retira las hojas más viejas, especialmente si la vegetación es muy densa. Hazlo por debajo del último fruto, en la unión con el tallo. Esto mejora la luz y previene enfermedades.\\n\\n### 🥒 Cosecha Constante\\nEl calabacín crece muy rápido. Para mantener su valor comercial, recolecta los frutos **todos los días o cada dos días**. El tamaño óptimo es de **15-18 cm** de largo, **4-5 cm** de diámetro y un peso de **200-250 gramos**.","imagen_posicion":"izquierda","imagen_ruta":"https://storage.googleapis.com/verdantia-494121.firebasestorage.app/uploads/blog/siembra-manual-de-semillas-de-calabacin-1777748367089.webp","imagen_alt":"Manos de jardinero sembrando semillas de calabacín en un bancal preparado, mostrando cuidado y técnica.","imagen_title":"Siembra manual de semillas de calabacín"}],"consejos":{"titulo":"💡 Secretos para un Calabacín de Éxito","items":["**Cosecha frecuente** — Recolecta cada 1-2 días para estimular la producción y evitar frutos gigantes.","**Riego constante** — Mantén el suelo húmedo, pero nunca encharcado, especialmente durante la floración y fructificación.","**Materia orgánica** — Enriquece tu suelo con compost o estiércol para una planta más sana y productiva.","**Entutorado temprano** — Guía el tallo principal desde joven para mejorar la aireación y facilitar la recolección."]},"cta":{"titulo":"¿Listo para tu Cosecha de Calabacín?","subtitulo":"¡Anímate a cultivar tus propios vegetales frescos y disfruta del proceso!","boton_primario":"🌱 ¡Empieza tu Huerto Hoy!","boton_secundario":"📄 Descarga la Guía Completa"},"hero_imagen":"https://storage.googleapis.com/verdantia-494121.firebasestorage.app/uploads/blog/calabacin-saludable-en-huerto-soleado-1777748353456.webp","hero_imagen_alt":"Imagen de una planta de calabacín vigorosa con frutos verdes listos para cosechar en un huerto al aire libre.","hero_imagen_title":"Calabacín saludable en huerto soleado","contexto":{"tipo":"especie","nombre":"Calabacín"},"pdf_source_id":181}','uploads/blog/calabacin-saludable-en-huerto-soleado-1777748353456.webp','borrador',1,10,NULL,'2026-05-02 18:59:09',NULL);
INSERT INTO `blog` VALUES(12,'cultivar-calabacin-guia-principiantes-1112','¿Quieres Cultivar Calabacín? Guía Esencial para Agricultores Principiantes','Descubre cómo cultivar calabacín con éxito desde cero. Esta guía práctica te ofrece consejos clave para preparar tu huerto y cuidar tus plantas.','{"titulo":"¿Quieres Cultivar Calabacín? Guía Esencial para Agricultores Principiantes","resumen":"Descubre cómo cultivar calabacín con éxito desde cero. Esta guía práctica te ofrece consejos clave para preparar tu huerto y cuidar tus plantas.","tags":["#Calabacín","#CultivoPrincipiantes","#HuertoOrgánico","#CucurbitaPepo","#JardineríaModerna"],"ficha_rapida":[{"icono":"🌡️","label":"Temp. Óptima","valor":"20-30°C"},{"icono":"🗓️","label":"Siembra","valor":"Marzo-Julio"},{"icono":"🌱","label":"Germinación","valor":"2-5 días"},{"icono":"📏","label":"Marco","valor":"1-1.5m x 0.75-1m"},{"icono":"🕐","label":"Cosecha","valor":"35-65 días"},{"icono":"💧","label":"Riego","valor":"Frecuente (goteo)"}],"introduccion":"¡Bienvenido al apasionante mundo del cultivo de calabacín! 🥒 Esta hortaliza, tan versátil en la cocina, es también una excelente opción para quienes se inician en la agricultura. Con los cuidados adecuados, verás tus plantas crecer con vigor y te recompensarán con abundantes frutos. Prepárate para sembrar, cuidar y cosechar tu propio calabacín.","secciones":[{"titulo_h2":"🌿 Preparando el Terreno: La Base de Tu Éxito","contenido_markdown":"El calabacín es una planta **rústica** que se adapta bien, pero prefiere suelos francos, ricos en materia orgánica y con buen drenaje. Un **pH óptimo** de **5.6-6.8** es ideal para su desarrollo.\\n\\nAntes de la siembra, realiza una labor de arado a **30-35 cm** de profundidad o un cultivador a **25-30 cm**. Esto mejora la estructura del suelo y favorece la penetración de las raíces, clave para una planta sana.\\n\\nLa **fertilización de fondo** es crucial. Incorpora **estiércol bien hecho**, con una aportación recomendada de **30.000-50.000 kg/ha**. Este abono orgánico mejora la retención de humedad y nutrientes.\\n\\nPara la siembra, puedes optar por **semilla directa** o **semilleros protegidos**. Si eliges la pre-germinación, sumerge las semillas en agua a **18-20°C** por **24 horas**, luego mantenlas húmedas a **22-25°C** durante **2-3 días** hasta que broten.\\n\\nLa profundidad de siembra debe ser de **1-2 cm** de tierra, o ligeramente superior al diámetro de la semilla. Si siembras en caballones, cubre con unos **3 cm** de tierra. En condiciones óptimas, la germinación puede iniciar a los **2 días**.\\n\\nEl **marco de siembra** recomendado es de **1 a 1.5 metros entre líneas** y **0.75 a 1 metro entre plantas**. Esto asegura espacio suficiente para el desarrollo de la planta y facilita las labores de mantenimiento y recolección.\\n\\nSi optas por el **trasplante**, hazlo cuando la planta tenga **2 o 3 hojas verdaderas**. Trasplanta el cepellón intacto para minimizar el estrés radicular. Asegúrate de que las condiciones climáticas sean adecuadas para su desarrollo continuo.\\n\\nConsidera el **acolchado del suelo** con plástico negro de **15-18 micras**. Esto aumenta la temperatura del suelo, controla las malas hierbas y conserva la humedad. Además, mantiene los frutos limpios y de mejor calidad, evitando el contacto directo con la tierra.\\n\\nUn suelo bien preparado y una siembra adecuada son los pilares para un cultivo exitoso. No subestimes la importancia de estas primeras etapas para asegurar un crecimiento vigoroso y una buena cosecha. ¡Tu esfuerzo inicial valdrá la pena con cada calabacín recolectado!","imagen_posicion":"derecha","imagen_ruta":"https://storage.googleapis.com/verdantia-494121.firebasestorage.app/uploads/blog/preparacion-del-suelo-y-acolchado-para-calabacin-1778252141214.webp","imagen_alt":"Vista aérea de un huerto con acolchado negro y plántulas de calabacín, mostrando la preparación inicial.","imagen_title":"Preparación del Suelo y Acolchado para Calabacín"},{"titulo_h2":"💧 Cuidados Esenciales y Recolección: La Clave del Cultivo Continuo","contenido_markdown":"El calabacín es una planta **exigente en agua**, especialmente durante la fase de crecimiento del fruto. Un sistema de **riego por goteo** es ideal, aplicando agua directamente a la zona radicular para evitar encharcamientos y optimizar el uso del recurso.\\n\\nDespués de la nascencia, el riego comienza entre los **15-20 días**. En plena producción, se recomiendan **2-3 riegos por semana**, con caudales que pueden alcanzar hasta **8 litros por planta**.\\n\\nLa **fertirrigación** es una técnica eficiente, aplicando nutrientes directamente con el agua de riego. Utiliza formulaciones NPK adaptadas a cada fase: para enraizamiento (ej. **13-40-13**), para crecimiento (ej. **15-10-15**) y para fructificación (ej. **15-5-30**), ricas en potasio para el desarrollo del fruto.\\n\\nLas **labores de mantenimiento** son vitales. Realiza **reposición de marras** si alguna planta no crece bien, y **aclareos** para dejar solo la plántula más vigorosa (a los **8-10 días** de germinación).\\n\\nAunque la **poda de formación** no es común, cortar el tallo principal para fomentar **2-3 brazos secundarios** puede optimizar el rendimiento. Elimina brotes secundarios y hojas envejecidas o que dificulten la aireación.\\n\\nLa **polinización** es esencial. En ocasiones, puedes necesitar ayuda de **abejas**, fitohormonas o incluso la **polinización manual** a primera hora de la mañana para asegurar el cuajado de frutos.\\n\\nPara el **control de plagas y enfermedades**, prioriza la prevención. Algunas variedades como **Afrodite, Pixar, MS17-SQ058 y CZI-10175** muestran buena resistencia al **oídio**. Mantén el huerto limpio y revisa tus plantas regularmente.\\n\\nLa **recolección** se realiza cuando el fruto está inmaduro, generalmente entre **35 y 65 días** tras la nascencia. El calabacín crece rápido (**4-5 cm de longitud y 0.9-1 cm de diámetro diarios**), por lo que deberás recolectar **cada 3-4 días**.\\n\\nCorta el pedúnculo con **tijeras o cuchillo**, dejando **1-3 cm** unido al fruto. Recolecta por la **mañana**, cuando los frutos están más turgentes, y evita manipularlos bruscamente para no dañarlos. Los calibres para industria suelen ser **inferiores a 7.5 cm** de diámetro, buscando formas rectas y pulpa compacta.","imagen_posicion":"izquierda","imagen_ruta":"https://storage.googleapis.com/verdantia-494121.firebasestorage.app/uploads/blog/calabacines-recien-cosechados-y-listos-1778252148004.webp","imagen_alt":"Cesta llena de calabacines verdes y frescos, listos para el consumo o procesamiento, mostrando la calidad de la cosecha.","imagen_title":"Calabacines Recién Cosechados y Listos"}],"consejos":{"titulo":"💡 Consejos Extra para un Cultivo de Calabacín de 10","items":["**Rotación de cultivos** — Evita sembrar calabacín en la misma parcela año tras año para reducir plagas y enfermedades del suelo.","**Observación constante** — Revisa tus plantas a diario para detectar a tiempo cualquier signo de plaga, enfermedad o necesidad hídrica.","**Riego eficiente** — El goteo es tu mejor aliado. Asegura que el agua llegue directamente a las raíces y reduce la evaporación.","**Acolchado** — Utiliza plástico negro para mantener la humedad del suelo, controlar las malas hierbas y proteger los frutos del contacto con la tierra.","**Cosecha frecuente** — Recolecta tus calabacines cada 2-4 días para estimular una producción continua y obtener frutos tiernos y de mejor calidad."]},"cta":{"titulo":"¿Listo para Disfrutar de Tu Propia Cosecha de Calabacín?","subtitulo":"¡El éxito está al alcance de tus manos con esta guía práctica!","boton_primario":"🌱 Empieza a Cultivar Ahora","boton_secundario":"📄 Descarga la Guía Completa"},"hero_imagen":"https://storage.googleapis.com/verdantia-494121.firebasestorage.app/uploads/blog/planta-de-calabacin-saludable-en-huerto-moderno-1778252135407.webp","hero_imagen_alt":"Imagen de una planta de calabacín vigorosa con frutos verdes, ideal para agricultores principiantes.","hero_imagen_title":"Planta de Calabacín Saludable en Huerto Moderno","contexto":{"tipo":"especie","nombre":"Calabacín"},"pdf_source_id":244}','uploads/blog/planta-de-calabacin-saludable-en-huerto-moderno-1778252135407.webp','publicado',1,10,NULL,'2026-05-08 14:55:30','2026-05-08 16:59:16');
INSERT INTO `blog` VALUES(13,'como-cultivar-esparragos-guia-principiantes','¿Cómo Cultivar Espárragos: Tu Guía Esencial para Principiantes?','Descubre cómo cultivar espárragos, una joya perenne, en tu huerto. Esta guía para principiantes te ofrece consejos prácticos para lograr una cosecha exitosa y deliciosa, desde la preparación del suelo hasta el cuidado de tus plantas.','{}',NULL,'publicado',1,30,NULL,'2026-05-08 19:06:32','2026-05-08 19:13:22');
INSERT INTO `blog` VALUES(14,'como-cultivar-ajos-guia-principiantes-0476','¿Cómo cultivar ajos? Tu guía esencial para principiantes.','El ajo, ese tesoro culinario, es más fácil de cultivar de lo que imaginas. Descubre cómo empezar tu propio cultivo con esta guía práctica y convierte tu huerto en un éxito aromático.','{"titulo":"¿Cómo cultivar ajos? Tu guía esencial para principiantes.","resumen":"El ajo, ese tesoro culinario, es más fácil de cultivar de lo que imaginas. Descubre cómo empezar tu propio cultivo con esta guía práctica y convierte tu huerto en un éxito aromático.","tags":["#CultivoAjo","#AjoPrincipiantes","#HuertoEcologico","#HortalizasFaciles","#AgriculturaUrbana"],"ficha_rapida":[{"icono":"🌡️","label":"Temp. Óptima","valor":"10-25°C"},{"icono":"🗓️","label":"Siembra","valor":"Octubre-Marzo"},{"icono":"🌱","label":"Germinación","valor":"7-14 días"},{"icono":"📏","label":"Marco","valor":"50x15cm"},{"icono":"🕐","label":"Cosecha","valor":"210-270 días"},{"icono":"💧","label":"Riego","valor":"Moderado a Escaso"}],"introduccion":"¿Hay algo más gratificante que recolectar tus propios ajos, llenos de sabor y aroma? Cultivar ajo en casa es una experiencia accesible y muy recompensante para cualquier agricultor principiante. Este humilde bulbo, pilar de nuestra gastronomía, te espera para ser parte de tu huerto. ¡Prepárate para transformar tu jardín en una fuente inagotable de sabor y bienestar! Con esta guía, darás tus primeros pasos con confianza y éxito.","secciones":[{"titulo_h2":"🌱 Prepara tu Terreno: Clave del Éxito","contenido_markdown":"### Clima Ideal y Elección del Suelo\\n\\nEl ajo es una planta **robusta** y sorprendentemente adaptable. Prefiere climas **templados** y estables, huyendo de las heladas tardías que pueden dañarlo.\\n\\nPara un desarrollo óptimo, busca zonas con **más de 10 horas diarias de luz solar**, especialmente cuando el bulbo empieza a formarse. Esto es crucial para su crecimiento.\\n\\nEn cuanto al suelo, el ajo prospera en tierras **ricas en materia orgánica**, ligeras y bien drenadas. ¡Recuerda, el **encharcamiento** es su peor enemigo y pudre el bulbo!\\n\\nUn **pH entre 6 y 7** es el rango ideal. Un suelo bien preparado, aireado y con buena estructura es el primer paso hacia una cosecha abundante y de calidad.\\n\\n### Nutrición para un Ajo Fuerte\\n\\nNo subestimes las necesidades nutricionales del ajo. Es una planta **exigente**. Una buena **aportación de estiércol muy hecho** es fundamental para su desarrollo.\\n\\nIncorpóralo siempre con mucha antelación a la siembra, idealmente en el cultivo anterior. Aplicarlo poco antes puede afectar negativamente el sabor de los dientes.\\n\\nPara asegurar la dureza y conservación del ajo, son clave las **aportaciones fosfopotásicas**. Puedes realizarlas durante la preparación del terreno para una mejor asimilación.\\n\\nComo referencia, para una producción de **8.000 kg/ha**, se sugieren fórmulas con **600 kg/ha de sulfato amónico** (21%), **500 kg/ha de superfosfato de cal** (18%) y **600 kg/ha de sulfato potásico** (50%).\\n\\nEn la fase de crecimiento, un abonado de cobertera con **nitrato amónico cálcico**, en **dos aplicaciones de 150 kg/ha** cada una, dará un impulso extra a tus plantas, asegurando bulbos de buen tamaño.","imagen_posicion":"derecha","imagen_ruta":"https://storage.googleapis.com/verdantia-494121.firebasestorage.app/uploads/blog/preparacion-del-suelo-para-cultivo-de-ajo-1778313702491.webp","imagen_alt":"Agricultor preparando un suelo fértil y rico en materia orgánica para la siembra de ajos en su huerto.","imagen_title":"Preparación del suelo para cultivo de ajo"},{"titulo_h2":"🧄 Siembra y Cuidados: De Diente a Cosecha","contenido_markdown":"### Plantación Estratégica\\n\\nLa mejor época para sembrar ajo en España va de **octubre a marzo**, variando según la región y el tipo de ajo que elijas.\\n\\nSi optas por el **ajo blanco**, noviembre es tu mes ideal. Para el popular **ajo morado**, planifica la siembra entre diciembre y enero.\\n\\nSelecciona siempre **dientes sanos, grandes y bien formados**. Estos son la base de un cultivo vigoroso y una buena cosecha de calidad.\\n\\nEl **marco de plantación** es importante para el desarrollo de los bulbos: un espaciado de **50 cm entre líneas y 15 cm entre golpes** es muy común. También puedes usar **0,8x0,3 metros**.\\n\\nColoca los dientes a unos **4 cm de profundidad**, con la punta hacia arriba. Una buena preparación del terreno garantiza un lecho mullido para la siembra y el enraizamiento.\\n\\n### Riego y Control de Malas Hierbas\\n\\nEl ajo es un cultivo que no exige grandes cantidades de agua. En muchas zonas, se cultiva en **secano** o con riegos de apoyo muy puntuales, si es necesario.\\n\\nSi las primaveras son lluviosas, es posible que no necesites regar en absoluto. Si usas riego por surcos, **acaballona el terreno** para que el agua no toque directamente las plantas, evitando pudriciones.\\n\\nUn consejo crucial: suspende el riego unos **15 a 20 días antes de la cosecha**. Esto permite que el suelo se seque y el ajo salga más blanco, limpio y con mejor presentación para la venta.\\n\\nEl control de malas hierbas es vital para evitar la competencia por nutrientes y luz. Puedes usar **labores mecánicas** entre líneas, como un cultivador, para mantener el terreno limpio.\\n\\nPara un control más exhaustivo, existen **herbicidas específicos** para pre-emergencia o post-emergencia, como Linurón o Oxifluorfeno, siempre siguiendo las indicaciones del fabricante y la normativa local.","imagen_posicion":"izquierda","imagen_ruta":"https://storage.googleapis.com/verdantia-494121.firebasestorage.app/uploads/blog/siembra-manual-de-dientes-de-ajo-con-espaciado-1778313715522.webp","imagen_alt":"Primer plano de manos plantando dientes de ajo en surcos, mostrando el espaciado correcto en el huerto.","imagen_title":"Siembra manual de dientes de ajo con espaciado"}],"consejos":{"titulo":"💡 Consejos Clave para tu Cultivo de Ajo","items":["**Selección de Dientes** — Elige siempre los dientes más grandes y sanos de ajos de buena calidad para sembrar, asegurarás un buen inicio.","**Rotación de Cultivos** — Evita sembrar ajo en el mismo lugar año tras año para prevenir la acumulación de plagas y enfermedades del suelo.","**Secado Post-Cosecha** — Deja los ajos secar en el campo o en un lugar ventilado y seco tras la recolección para mejorar significativamente su conservación y calidad."]},"cta":{"titulo":"¿Listo para sembrar tus primeros ajos?","subtitulo":"El camino hacia una cosecha deliciosa y aromática comienza hoy. ¡Anímate!","boton_primario":"🌱 ¡Empieza tu cultivo de ajo!","boton_secundario":"📄 Descubre más hortalizas"},"hero_imagen":"https://storage.googleapis.com/verdantia-494121.firebasestorage.app/uploads/blog/campo-de-ajos-vibrante-al-amanecer-1778313672524.webp","hero_imagen_alt":"Cultivo profesional de ajos en un campo vasto y fértil, con la luz dorada del sol, mano de agricultor.","hero_imagen_title":"Campo de ajos vibrante al amanecer","contexto":{"tipo":"especie","nombre":"Ajos"},"pdf_source_id":219}','uploads/blog/campo-de-ajos-vibrante-al-amanecer-1778313672524.webp','publicado',1,14,NULL,'2026-05-09 08:00:50','2026-05-09 08:28:04');
INSERT INTO `blog` VALUES(15,'dominar-poda-entutorado-tomate-cosecha-principiantes','¿Dominar la Poda y el Entutorado del Tomate? ¡Tu Cosecha Te Espera!','Descubre las técnicas clave de poda y entutorado para tomates. Guía tu planta hacia una cosecha abundante y de calidad, incluso si eres principiante.','{"titulo":"¿Dominar la Poda y el Entutorado del Tomate? ¡Tu Cosecha Te Espera!","resumen":"Descubre las técnicas clave de poda y entutorado para tomates. Guía tu planta hacia una cosecha abundante y de calidad, incluso si eres principiante.","tags":["#Tomate","#PodaTomate","#Entutorado","#HuertoPrincipiante"],"ficha_rapida":[{"icono":"🌡️","label":"Temp. Óptima","valor":"20-30°C"},{"icono":"🗓️","label":"Siembra","valor":"Marzo-Mayo"},{"icono":"🌱","label":"Germinación","valor":"7-14 días"},{"icono":"📏","label":"Marco","valor":"50x70cm"},{"icono":"🕐","label":"Cosecha","valor":"60-90 días"},{"icono":"💧","label":"Riego","valor":"Regular"}],"introduccion":"¡Hola, futuro experto tomatero! 🍅 ¿Sueñas con cosechar tomates jugosos y perfectos en tu propio huerto? Sabemos que empezar puede parecer un desafío, pero con las técnicas adecuadas, tu éxito está garantizado. Hoy vamos a desvelar dos secretos fundamentales para el cultivo intensivo del tomate: la poda y el entutorado. Estas prácticas no solo mejorarán la **calidad** y **cantidad** de tus frutos, sino que también harán tu experiencia mucho más gratificante. Prepárate para transformar tu huerto y disfrutar de tomates espectaculares. ¡Vamos a ello!","secciones":[{"titulo_h2":"✂️ Poda y Destallado: El Arte de Guiar tu Tomate","contenido_markdown":"El **destallado** o **desbrote** es esencial para encauzar el desarrollo de tus plantas. Limita el número de tallos, concentrando la energía en menos frutos, lo que resulta en una mayor precocidad y calidad.\\n\\n### ¿Por qué destallar?\\n\\n*   **Mayor calidad de frutos**: Obtendrás tomates de **mayor tamaño**, **mejor uniformidad** en el color, más tersos y limpios.\\n*   **Facilidad de cultivo**: Simplifica el manejo de las plantas.\\n*   **Control de plagas**: Mejora la aireación, reduciendo la incidencia de enfermedades.\\n*   **Recolección eficiente**: Más rápida y cómoda.\\n*   **Aumento de producción**: Aunque cada planta dé menos frutos, la producción por unidad de superficie aumenta al poder cultivar más plantas.\\n\\n### ¿Cómo se hace el destallado?\\n\\nConsiste en dejar uno o varios **tallos guías** (normalmente 2 o 3) y eliminar los brotes laterales (conocidos como \\"chupones\\") que nacen en las axilas de las hojas. También debes eliminar cualquier brote que salga directamente del suelo. Es crucial que estos brotes se corten cuando aún están pequeños, idealmente de **4 a 6 centímetros** de largo, para evitar heridas grandes en la planta.\\n\\nLa poda debe iniciarse a partir de la **tercera hoja**, contada desde el primer racimo de flores. El número de brazos que dejes dependerá de factores como el marco de plantación, la variedad y el clima. Para mayor precocidad, se ha comprobado que dejar **dos brazos** es más efectivo que uno o tres. ¡No subestimes el poder de un buen destallado!","imagen_posicion":"derecha","imagen_ruta":"https://storage.googleapis.com/verdantia-494121.firebasestorage.app/uploads/blog/tecnica-de-destallado-para-tomates-1778581158857.webp","imagen_alt":"Imagen detallada mostrando cómo realizar el destallado o desbrote en una planta de tomate para optimizar su crecimiento y producción.","imagen_title":"Técnica de Destallado para Tomates"},{"titulo_h2":"🌿 Entutorado: El Soporte Vital para Tomates Saludables","contenido_markdown":"El **entutorado** o **enrame** es una práctica fundamental que proporciona soporte a tus plantas de tomate. Consiste en colocar guías (cañas, cuerdas, mallas, palos) para que los tallos se apoyen y crezcan verticalmente. Esto es vital en cultivos intensivos, tanto al aire libre como en invernadero.\\n\\n### Beneficios del entutorado\\n\\n*   **Cosecha precoz**: Los frutos reciben más luz solar al incidir casi perpendicularmente, acelerando su maduración.\\n*   **Tratamientos eficientes**: Los tratamientos fitosanitarios son más uniformes y efectivos al alcanzar todas las partes de la planta.\\n*   **Mejor floración y cuaje**: Las plantas están mejor ventiladas e iluminadas, favoreciendo la polinización y el desarrollo de los frutos.\\n*   **Frutos sanos y limpios**: Al evitar el contacto con el suelo, se previenen roces y ataques de plagas terrestres, resultando en tomates más limpios y con menos imperfecciones.\\n*   **Facilita el manejo**: Las prácticas culturales como la poda, el despunte o la recolección se realizan con mayor comodidad y rapidez.\\n\\n### Tipos de entutorado y materiales\\n\\nExisten varias formas de entutorar, desde el **soporte individual** (una caña o cuerda por planta/tallo) hasta sistemas más elaborados como la **espaldera** o la **pirámide**. En invernaderos, el uso de **cuerdas o alambres** que cuelgan del techo es muy efectivo. También las **mallas de hilo o plástico** prefabricadas, con cuadrículas de **1.5 a 2 centímetros**, son una opción moderna y eficiente.\\n\\nLos materiales más comunes para los tutores incluyen **cañas, alambres, palos de madera, cuerdas y estacas**. Para las ataduras, puedes usar espartos, rafia, plásticos o lazos prefabricados. Recuerda que un buen entutorado no solo sostiene la planta, sino que también optimiza su crecimiento y producción. ¡Invierte en un buen sistema y verás la diferencia!","imagen_posicion":"izquierda","imagen_ruta":"https://storage.googleapis.com/verdantia-494121.firebasestorage.app/uploads/blog/sistemas-de-entutorado-moderno-para-tomates-1778581163887.webp","imagen_alt":"Exploración de sistemas de entutorado como la espaldera, mostrando cómo mejoran la ventilación y la exposición solar de los tomates.","imagen_title":"Sistemas de Entutorado Moderno para Tomates"}],"consejos":{"titulo":"💡 Consejos Extra para tu Éxito Tomatero","items":["**Pinzamiento de yemas terminales** — Para variedades de ciclo corto, pinza la yema terminal después de **cinco racimos florales** para concentrar la energía en los frutos existentes y adelantar la cosecha.","**Poda de hojas estratégica** — Elimina hojas viejas, enfermas o que dificulten la luz y aireación (una hoja entre cada dos racimos). Hazlo por la mañana, en días secos, para evitar la entrada de enfermedades como la **Botrytis**.","**Ajusta el número de tallos** — Si buscas mayor precocidad, mantén **dos tallos guías** por planta. En climas muy húmedos, evita demasiada vegetación para prevenir problemas."]},"cta":{"titulo":"¿Listo para llevar tu huerto al siguiente nivel?","subtitulo":"Con estas técnicas, tus tomates serán la envidia del vecindario.","boton_primario":"🌱 ¡Quiero mi huerto de tomates exitoso!","boton_secundario":"📄 Descargar guía completa de cultivo"},"hero_imagen":"https://storage.googleapis.com/verdantia-494121.firebasestorage.app/uploads/blog/tomate-poda-y-entutorado-para-principiantes-1778581152445.webp","hero_imagen_alt":"Aprende a podar y entutorar tus plantas de tomate para una cosecha abundante y de calidad. Guía práctica para agricultores novatos.","hero_imagen_title":"Tomate: Poda y Entutorado para Principiantes","contexto":{"tipo":"especie","nombre":"Tomate"},"pdf_source_id":277}','uploads/blog/tomate-poda-y-entutorado-para-principiantes-1778581152445.webp','borrador',1,3,NULL,'2026-05-12 10:19:07',NULL);
INSERT INTO `blog` VALUES(16,'guia-definitiva-no-laboreo','La Guía Definitiva del No Laboreo: Cultivar sin Arar para Regenerar tu Suelo','Descubre el poder del No-Till y el método No-Dig: una revolución biológica que ahorra agua, elimina malas hierbas y multiplica la fertilidad de tu huerto.','{"titulo":"La Guía Definitiva del No Laboreo: Cultivar sin Arar para Regenerar tu Suelo","resumen":"Descubre el poder del No-Till y el método No-Dig: una revolución biológica que ahorra agua, elimina malas hierbas y multiplica la fertilidad de tu huerto.","tags":["No-Till","No-Dig","Permacultura","Regenerativo"],"ficha_rapida":[{"icono":"🍂","label":"Filosofía","valor":"Cero arado"},{"icono":"💧","label":"Ahorro Hídrico","valor":"Hasta 70%"},{"icono":"🐛","label":"Vida del Suelo","valor":"Máxima"},{"icono":"🌾","label":"Control Malezas","valor":"Natural"},{"icono":"💰","label":"Costes Operativos","valor":"Bajísimos"},{"icono":"⚡","label":"Esfuerzo Físico","valor":"Mínimo"}],"introduccion":"Durante siglos nos han enseñado que arar y voltear la tierra es indispensable para sembrar. Sin embargo, la ciencia del suelo moderna y la permacultura han demostrado lo contrario: **el laboreo constante destruye la microbiología nativa, erosiona el suelo y disipa el agua**. La técnica del **No Laboreo** (No-Till/No-Dig) imita el ciclo natural de la naturaleza, permitiendo que sean las lombrices y las micorrizas quienes preparen y abonen el suelo por ti.","secciones":[{"titulo_h2":"🍂 ¿Por qué el arado convencional daña el suelo a largo plazo?","contenido_markdown":"El volteo mecánico rompe las **redes de micorrizas** (hongos benéficos que alimentan las raíces) y expone la vida biológica interna al sol, eliminando lombrices y bacterias beneficiosas. Además, el peso de la maquinaria compacta las capas inferiores creando la temida **suela de labor**, una capa arcillosa impenetrable que estanca el agua y asfixia las raíces en épocas húmedas, secando el suelo por completo en verano.\\n\\nAl no labrar, los canales de las raíces muertas y las galerías de las lombrices se conservan intactos, sirviendo como tuberías biológicas naturales para un drenaje impecable y una oxigenación constante.","imagen_posicion":"derecha","imagen_ruta":"/soil-comparison-diagram.png","imagen_alt":"Esquema comparativo de laboreo convencional vs no laboreo","imagen_title":"Comparativa de estructuras de suelo"},{"titulo_h2":"🌱 El estándar de oro: Cómo funciona el método No-Dig","contenido_markdown":"Inventado por pioneros como Charles Dowding, el **No-Dig** (sin excavar) se basa en ahogar las malas hierbas nativas y depositar la nutrición puramente en superficie. El procedimiento básico consiste en:\\n\\n1. **Segar a ras de suelo:** Sin arrancar raíces.\\n2. **Barrera de cartón:** Colocar cartón biodegradable humedecido para eliminar luz y malezas.\\n3. **Capa de compost:** Depositar de 10 a 15 cm de compost de alta calidad directamente sobre el cartón.\\n4. **Siembra directa:** Trasplantar las plántulas directamente sobre el compost fértil.\\n\\nEn pocos meses, las lombrices consumirán el cartón y mezclarán de manera uniforme el compost con el suelo virgen de abajo, creando una estructura mullida, esponjosa y rica en humus listísima para prosperar.\\n\\nTambién puedes ver a continuación un excelente video tutorial explicativo del método No-Dig paso a paso de la mano de Charles Dowding:","imagen_posicion":"izquierda","imagen_ruta":"/soil-layers-diagram.png","imagen_alt":"Capas de suelo método no-dig","imagen_title":"Capas de bancal No-Dig","video_youtube_url":"https://www.youtube.com/watch?v=55RT2RSqoCY&pp=ygUXbm8gbGFib3JlbyBkZSBsYSB0aWVycmE%3D"}],"consejos":{"titulo":"💡 Claves para tener éxito en tu transición al No Laboreo","items":["**Acolchado constante** — La tierra desnuda es un suelo enfermo. Mantén siempre una cobertura de paja o compost para evitar la evaporación.","**Paciencia inicial** — Si vienes de un suelo muy compactado por años de arado, los primeros meses requerirán paciencia mientras la biología despierta.","**Aireación vertical si es crítico** — Si la tierra está extremadamente dura al inicio, usa una horca de doble mango (broadfork) para abrir grietas sin voltear los perfiles."]},"cta":{"titulo":"¿Listo para dejar que la naturaleza trabaje por ti?","subtitulo":"Configura tus preferencias de laboreo en tu perfil y recibe notificaciones y consejos específicos para tu forma de cultivar.","boton_primario":"⚙️ Ir a Mi Perfil","boton_secundario":"📖 Explorar Variedades"},"hero_imagen":"/soil-layers-diagram.png"}','/soil-layers-diagram.png','publicado',NULL,NULL,NULL,'2026-05-20 21:25:01','2026-05-20 21:25:01');

DROP TABLE IF EXISTS `chatconversaciones`;
CREATE TABLE `chatconversaciones` (
  `idchatconversaciones` int(11) NOT NULL AUTO_INCREMENT,
  `chatconversacionestipo` enum('directo','soporte','grupo') NOT NULL,
  `chatconversacionesnombre` varchar(150) DEFAULT NULL,
  `chatconversacionesdescripcion` text DEFAULT NULL,
  `xchatconversacionesidusuariocreador` int(11) NOT NULL,
  `chatconversacionesclaveunica` varchar(120) DEFAULT NULL,
  `chatconversacionesactivosino` tinyint(1) NOT NULL DEFAULT 1,
  `chatconversacionesfechacreacion` timestamp NOT NULL DEFAULT current_timestamp(),
  `chatconversacionesfechaactualizacion` timestamp NOT NULL DEFAULT current_timestamp() ON UPDATE current_timestamp(),
  PRIMARY KEY (`idchatconversaciones`),
  UNIQUE KEY `uq_chatconv_clave` (`chatconversacionesclaveunica`),
  KEY `idx_chatconv_tipo` (`chatconversacionestipo`),
  KEY `idx_chatconv_actualizacion` (`chatconversacionesfechaactualizacion`),
  KEY `idx_chatconv_creador` (`xchatconversacionesidusuariocreador`),
  CONSTRAINT `fk_chatconv_creator` FOREIGN KEY (`xchatconversacionesidusuariocreador`) REFERENCES `usuarios` (`idusuarios`) ON UPDATE CASCADE
) ENGINE=InnoDB AUTO_INCREMENT=8 DEFAULT CHARSET=utf8mb4 COLLATE=utf8mb4_unicode_ci;

INSERT INTO `chatconversaciones` VALUES(1,'soporte',NULL,NULL,2,'soporte:1:2',1,'2026-04-20 09:39:30','2026-04-22 13:43:57');
INSERT INTO `chatconversaciones` VALUES(2,'grupo','Comunidad Verdantia','Canal general para dudas, ayuda y conversaci+',1,'grupo:comunidad:general',1,'2026-04-20 09:44:01','2026-04-20 09:52:25');
INSERT INTO `chatconversaciones` VALUES(3,'grupo','Tomatera',NULL,1,NULL,1,'2026-04-20 09:44:39','2026-04-20 09:44:39');
INSERT INTO `chatconversaciones` VALUES(4,'directo',NULL,NULL,2,'directo:2:14',1,'2026-04-22 12:17:41','2026-04-22 12:17:41');
INSERT INTO `chatconversaciones` VALUES(5,'directo',NULL,NULL,2,'directo:1:2',1,'2026-04-22 13:43:29','2026-04-22 14:56:18');
INSERT INTO `chatconversaciones` VALUES(6,'directo',NULL,NULL,1,'directo:1:4',1,'2026-04-22 15:43:06','2026-04-22 15:43:06');
INSERT INTO `chatconversaciones` VALUES(7,'directo',NULL,NULL,1,'directo:1:3',1,'2026-04-22 16:28:56','2026-04-22 16:28:56');

DROP TABLE IF EXISTS `chatconversacionesusuarios`;
CREATE TABLE `chatconversacionesusuarios` (
  `idchatconversacionesusuarios` int(11) NOT NULL AUTO_INCREMENT,
  `xchatconversacionesusuariosidchatconversaciones` int(11) NOT NULL,
  `xchatconversacionesusuariosidusuarios` int(11) NOT NULL,
  `chatconversacionesusuariosrol` enum('miembro','admin_grupo','admin_soporte') NOT NULL DEFAULT 'miembro',
  `chatconversacionesusuariosultimalecturaidchatmensajes` int(11) DEFAULT NULL,
  `chatconversacionesusuariosactivosino` tinyint(1) NOT NULL DEFAULT 1,
  `chatconversacionesusuariosfechacreacion` timestamp NOT NULL DEFAULT current_timestamp(),
  `chatconversacionesusuariosfechaactualizacion` timestamp NOT NULL DEFAULT current_timestamp() ON UPDATE current_timestamp(),
  PRIMARY KEY (`idchatconversacionesusuarios`),
  UNIQUE KEY `uq_chatconv_user` (`xchatconversacionesusuariosidchatconversaciones`,`xchatconversacionesusuariosidusuarios`),
  KEY `idx_chatmem_user` (`xchatconversacionesusuariosidusuarios`),
  KEY `idx_chatmem_activo` (`chatconversacionesusuariosactivosino`),
  KEY `idx_chatmem_ultimalectura` (`chatconversacionesusuariosultimalecturaidchatmensajes`),
  CONSTRAINT `fk_chatmem_conv` FOREIGN KEY (`xchatconversacionesusuariosidchatconversaciones`) REFERENCES `chatconversaciones` (`idchatconversaciones`) ON DELETE CASCADE ON UPDATE CASCADE,
  CONSTRAINT `fk_chatmem_lastread` FOREIGN KEY (`chatconversacionesusuariosultimalecturaidchatmensajes`) REFERENCES `chatmensajes` (`idchatmensajes`) ON DELETE SET NULL ON UPDATE CASCADE,
  CONSTRAINT `fk_chatmem_user` FOREIGN KEY (`xchatconversacionesusuariosidusuarios`) REFERENCES `usuarios` (`idusuarios`) ON DELETE CASCADE ON UPDATE CASCADE
) ENGINE=InnoDB AUTO_INCREMENT=102 DEFAULT CHARSET=utf8mb4 COLLATE=utf8mb4_unicode_ci;

INSERT INTO `chatconversacionesusuarios` VALUES(1,1,2,'miembro',11,1,'2026-04-20 09:39:30','2026-04-22 13:43:57');
INSERT INTO `chatconversacionesusuarios` VALUES(2,1,1,'admin_soporte',11,1,'2026-04-20 09:39:30','2026-04-22 15:42:55');
INSERT INTO `chatconversacionesusuarios` VALUES(3,2,1,'admin_grupo',6,1,'2026-04-20 09:44:01','2026-04-20 09:52:25');
INSERT INTO `chatconversacionesusuarios` VALUES(4,2,2,'miembro',6,1,'2026-04-20 09:44:01','2026-04-22 16:31:21');
INSERT INTO `chatconversacionesusuarios` VALUES(5,2,3,'miembro',NULL,1,'2026-04-20 09:44:01','2026-04-22 16:31:21');
INSERT INTO `chatconversacionesusuarios` VALUES(6,2,4,'miembro',NULL,1,'2026-04-20 09:44:01','2026-04-22 16:31:21');
INSERT INTO `chatconversacionesusuarios` VALUES(7,2,5,'miembro',NULL,1,'2026-04-20 09:44:01','2026-04-22 16:31:21');
INSERT INTO `chatconversacionesusuarios` VALUES(8,2,6,'miembro',NULL,1,'2026-04-20 09:44:01','2026-04-22 16:31:21');
INSERT INTO `chatconversacionesusuarios` VALUES(9,2,7,'miembro',NULL,1,'2026-04-20 09:44:01','2026-04-22 16:31:21');
INSERT INTO `chatconversacionesusuarios` VALUES(10,2,8,'miembro',NULL,1,'2026-04-20 09:44:01','2026-04-22 16:31:21');
INSERT INTO `chatconversacionesusuarios` VALUES(11,2,9,'miembro',NULL,1,'2026-04-20 09:44:01','2026-04-22 16:31:21');
INSERT INTO `chatconversacionesusuarios` VALUES(12,2,10,'miembro',NULL,1,'2026-04-20 09:44:01','2026-04-22 16:31:21');
INSERT INTO `chatconversacionesusuarios` VALUES(13,2,11,'miembro',NULL,1,'2026-04-20 09:44:01','2026-04-22 16:31:21');
INSERT INTO `chatconversacionesusuarios` VALUES(14,2,12,'miembro',NULL,1,'2026-04-20 09:44:01','2026-04-22 16:31:21');
INSERT INTO `chatconversacionesusuarios` VALUES(15,2,13,'miembro',NULL,1,'2026-04-20 09:44:01','2026-04-22 16:31:21');
INSERT INTO `chatconversacionesusuarios` VALUES(16,2,14,'miembro',NULL,1,'2026-04-20 09:44:01','2026-04-22 16:31:21');
INSERT INTO `chatconversacionesusuarios` VALUES(17,3,1,'admin_grupo',NULL,1,'2026-04-20 09:44:39','2026-04-20 09:44:39');
INSERT INTO `chatconversacionesusuarios` VALUES(46,4,2,'miembro',7,1,'2026-04-22 12:17:41','2026-04-22 12:17:41');
INSERT INTO `chatconversacionesusuarios` VALUES(47,4,14,'miembro',NULL,1,'2026-04-22 12:17:41','2026-04-22 12:17:41');
INSERT INTO `chatconversacionesusuarios` VALUES(48,5,2,'miembro',24,1,'2026-04-22 13:43:29','2026-04-22 14:46:38');
INSERT INTO `chatconversacionesusuarios` VALUES(49,5,1,'miembro',25,1,'2026-04-22 13:43:29','2026-04-22 14:56:18');
INSERT INTO `chatconversacionesusuarios` VALUES(72,6,1,'miembro',26,1,'2026-04-22 15:43:06','2026-04-22 15:43:06');
INSERT INTO `chatconversacionesusuarios` VALUES(73,6,4,'miembro',NULL,1,'2026-04-22 15:43:06','2026-04-22 15:43:06');
INSERT INTO `chatconversacionesusuarios` VALUES(74,7,1,'miembro',27,1,'2026-04-22 16:28:56','2026-04-22 16:28:56');
INSERT INTO `chatconversacionesusuarios` VALUES(75,7,3,'miembro',NULL,1,'2026-04-22 16:28:56','2026-04-22 16:28:56');

DROP TABLE IF EXISTS `chatinvitaciones`;
CREATE TABLE `chatinvitaciones` (
  `idchatinvitaciones` int(11) NOT NULL AUTO_INCREMENT,
  `xchatinvitacionesidchatconversaciones` int(11) NOT NULL,
  `xchatinvitacionesidemisor` int(11) NOT NULL,
  `xchatinvitacionesidreceptor` int(11) NOT NULL,
  `chatinvitacionesestado` enum('pendiente','aceptada','rechazada','cancelada','expirada') NOT NULL DEFAULT 'pendiente',
  `chatinvitacionesmensaje` varchar(255) DEFAULT NULL,
  `chatinvitacionesfechacreacion` timestamp NOT NULL DEFAULT current_timestamp(),
  `chatinvitacionesfecharespuesta` timestamp NULL DEFAULT NULL,
  `chatinvitacionesfechaexpiracion` timestamp NULL DEFAULT NULL,
  PRIMARY KEY (`idchatinvitaciones`),
  KEY `idx_chatinv_conv_estado` (`xchatinvitacionesidchatconversaciones`,`chatinvitacionesestado`),
  KEY `idx_chatinv_receptor_estado` (`xchatinvitacionesidreceptor`,`chatinvitacionesestado`),
  KEY `idx_chatinv_emisor` (`xchatinvitacionesidemisor`),
  CONSTRAINT `fk_chatinv_conv` FOREIGN KEY (`xchatinvitacionesidchatconversaciones`) REFERENCES `chatconversaciones` (`idchatconversaciones`) ON DELETE CASCADE ON UPDATE CASCADE,
  CONSTRAINT `fk_chatinv_emisor` FOREIGN KEY (`xchatinvitacionesidemisor`) REFERENCES `usuarios` (`idusuarios`) ON DELETE CASCADE ON UPDATE CASCADE,
  CONSTRAINT `fk_chatinv_receptor` FOREIGN KEY (`xchatinvitacionesidreceptor`) REFERENCES `usuarios` (`idusuarios`) ON DELETE CASCADE ON UPDATE CASCADE
) ENGINE=InnoDB AUTO_INCREMENT=2 DEFAULT CHARSET=utf8mb4 COLLATE=utf8mb4_unicode_ci;

INSERT INTO `chatinvitaciones` VALUES(1,3,1,5,'pendiente','Invitaci+','2026-04-20 09:44:49',NULL,'2026-05-04 09:44:49');

DROP TABLE IF EXISTS `chatmensajes`;
CREATE TABLE `chatmensajes` (
  `idchatmensajes` int(11) NOT NULL AUTO_INCREMENT,
  `xchatmensajesidchatconversaciones` int(11) NOT NULL,
  `xchatmensajesidusuarios` int(11) DEFAULT NULL,
  `chatmensajestipo` enum('texto','imagen','archivo','sistema') NOT NULL DEFAULT 'texto',
  `chatmensajestexto` mediumtext DEFAULT NULL,
  `xchatmensajesidmensajerespuesta` int(11) DEFAULT NULL,
  `chatmensajeseditadosino` tinyint(1) NOT NULL DEFAULT 0,
  `chatmensajeseliminadosino` tinyint(1) NOT NULL DEFAULT 0,
  `chatmensajesfechacreacion` timestamp NOT NULL DEFAULT current_timestamp(),
  `chatmensajesfechaedicion` timestamp NULL DEFAULT NULL,
  PRIMARY KEY (`idchatmensajes`),
  KEY `idx_chatmsg_conv_fecha` (`xchatmensajesidchatconversaciones`,`chatmensajesfechacreacion`),
  KEY `idx_chatmsg_user` (`xchatmensajesidusuarios`),
  KEY `idx_chatmsg_reply` (`xchatmensajesidmensajerespuesta`),
  CONSTRAINT `fk_chatmsg_conv` FOREIGN KEY (`xchatmensajesidchatconversaciones`) REFERENCES `chatconversaciones` (`idchatconversaciones`) ON DELETE CASCADE ON UPDATE CASCADE,
  CONSTRAINT `fk_chatmsg_reply` FOREIGN KEY (`xchatmensajesidmensajerespuesta`) REFERENCES `chatmensajes` (`idchatmensajes`) ON DELETE SET NULL ON UPDATE CASCADE,
  CONSTRAINT `fk_chatmsg_user` FOREIGN KEY (`xchatmensajesidusuarios`) REFERENCES `usuarios` (`idusuarios`) ON DELETE SET NULL ON UPDATE CASCADE
) ENGINE=InnoDB AUTO_INCREMENT=28 DEFAULT CHARSET=utf8mb4 COLLATE=utf8mb4_unicode_ci;

INSERT INTO `chatmensajes` VALUES(1,1,2,'texto','Nueva consulta de soporte iniciada.',NULL,0,0,'2026-04-20 09:39:30',NULL);
INSERT INTO `chatmensajes` VALUES(2,1,2,'texto','Hola como va todo ?',NULL,0,0,'2026-04-20 09:39:42',NULL);
INSERT INTO `chatmensajes` VALUES(3,1,1,'texto','hola pedro gracias por estar',NULL,0,0,'2026-04-20 09:43:00',NULL);
INSERT INTO `chatmensajes` VALUES(4,2,NULL,'sistema','Canal general creado. Comparte aqu+',NULL,0,0,'2026-04-20 09:44:01',NULL);
INSERT INTO `chatmensajes` VALUES(5,2,1,'texto','Hoal a todos',NULL,0,0,'2026-04-20 09:44:01',NULL);
INSERT INTO `chatmensajes` VALUES(6,2,1,'texto','Es ahora tiempo deplnatar una tomatera ?',NULL,0,0,'2026-04-20 09:52:25',NULL);
INSERT INTO `chatmensajes` VALUES(7,4,2,'texto','Conversaci+',NULL,0,0,'2026-04-22 12:17:41',NULL);
INSERT INTO `chatmensajes` VALUES(8,5,2,'texto','Conversaci+',NULL,0,0,'2026-04-22 13:43:29',NULL);
INSERT INTO `chatmensajes` VALUES(9,5,2,'texto','Conversaci+',NULL,0,0,'2026-04-22 13:43:37',NULL);
INSERT INTO `chatmensajes` VALUES(10,5,2,'texto','Conversaci+',NULL,0,0,'2026-04-22 13:43:42',NULL);
INSERT INTO `chatmensajes` VALUES(11,1,2,'texto','Nueva consulta de soporte iniciada.',NULL,0,0,'2026-04-22 13:43:57',NULL);
INSERT INTO `chatmensajes` VALUES(12,5,2,'texto','Conversaci+',NULL,0,0,'2026-04-22 13:45:05',NULL);
INSERT INTO `chatmensajes` VALUES(13,5,2,'texto','Conversaci+',NULL,0,0,'2026-04-22 13:45:53',NULL);
INSERT INTO `chatmensajes` VALUES(14,5,2,'texto','rtyrty',NULL,0,0,'2026-04-22 13:45:57',NULL);
INSERT INTO `chatmensajes` VALUES(15,5,2,'texto','Conversaci+',NULL,0,0,'2026-04-22 13:46:34',NULL);
INSERT INTO `chatmensajes` VALUES(16,5,2,'texto','ho',NULL,0,0,'2026-04-22 13:46:39',NULL);
INSERT INTO `chatmensajes` VALUES(17,5,2,'texto','Conversaci+',NULL,0,0,'2026-04-22 13:46:58',NULL);
INSERT INTO `chatmensajes` VALUES(18,5,2,'texto','retrt',NULL,0,0,'2026-04-22 13:47:01',NULL);
INSERT INTO `chatmensajes` VALUES(19,5,2,'texto','Conversaci+',NULL,0,0,'2026-04-22 13:47:44',NULL);
INSERT INTO `chatmensajes` VALUES(20,5,2,'texto','Conversaci+',NULL,0,0,'2026-04-22 13:49:53',NULL);
INSERT INTO `chatmensajes` VALUES(21,5,2,'texto','Conversaci+',NULL,0,0,'2026-04-22 13:56:54',NULL);
INSERT INTO `chatmensajes` VALUES(22,5,2,'texto','Conversaci+',NULL,0,0,'2026-04-22 14:05:18',NULL);
INSERT INTO `chatmensajes` VALUES(23,5,2,'texto','hola',NULL,0,0,'2026-04-22 14:05:22',NULL);
INSERT INTO `chatmensajes` VALUES(24,5,2,'texto','te he denunciado porprinado',NULL,0,0,'2026-04-22 14:46:38',NULL);
INSERT INTO `chatmensajes` VALUES(25,5,1,'texto','eres un a malapersona',NULL,0,0,'2026-04-22 14:56:18',NULL);
INSERT INTO `chatmensajes` VALUES(26,6,1,'texto','Conversaci+',NULL,0,0,'2026-04-22 15:43:06',NULL);
INSERT INTO `chatmensajes` VALUES(27,7,1,'texto','Conversaci+',NULL,0,0,'2026-04-22 16:28:56',NULL);

DROP TABLE IF EXISTS `chatmensajesadjuntos`;
CREATE TABLE `chatmensajesadjuntos` (
  `idchatmensajesadjuntos` int(11) NOT NULL AUTO_INCREMENT,
  `xchatmensajesadjuntosidchatmensajes` int(11) NOT NULL,
  `chatmensajesadjuntosruta` varchar(255) NOT NULL,
  `chatmensajesadjuntosnombreoriginal` varchar(255) DEFAULT NULL,
  `chatmensajesadjuntostipo` varchar(100) DEFAULT NULL,
  `chatmensajesadjuntospeso` int(11) DEFAULT NULL,
  `chatmensajesadjuntosfechacreacion` timestamp NOT NULL DEFAULT current_timestamp(),
  PRIMARY KEY (`idchatmensajesadjuntos`),
  KEY `idx_chatatt_msg` (`xchatmensajesadjuntosidchatmensajes`),
  CONSTRAINT `fk_chatatt_msg` FOREIGN KEY (`xchatmensajesadjuntosidchatmensajes`) REFERENCES `chatmensajes` (`idchatmensajes`) ON DELETE CASCADE ON UPDATE CASCADE
) ENGINE=InnoDB DEFAULT CHARSET=utf8mb4 COLLATE=utf8mb4_unicode_ci;

DROP TABLE IF EXISTS `chatmensajeslecturas`;
CREATE TABLE `chatmensajeslecturas` (
  `idchatmensajeslecturas` int(11) NOT NULL AUTO_INCREMENT,
  `xchatmensajeslecturasidchatmensajes` int(11) NOT NULL,
  `xchatmensajeslecturasidusuarios` int(11) NOT NULL,
  `chatmensajeslecturasfecha` timestamp NOT NULL DEFAULT current_timestamp(),
  PRIMARY KEY (`idchatmensajeslecturas`),
  UNIQUE KEY `uq_chatread_msg_user` (`xchatmensajeslecturasidchatmensajes`,`xchatmensajeslecturasidusuarios`),
  KEY `idx_chatread_user_fecha` (`xchatmensajeslecturasidusuarios`,`chatmensajeslecturasfecha`),
  CONSTRAINT `fk_chatread_msg` FOREIGN KEY (`xchatmensajeslecturasidchatmensajes`) REFERENCES `chatmensajes` (`idchatmensajes`) ON DELETE CASCADE ON UPDATE CASCADE,
  CONSTRAINT `fk_chatread_user` FOREIGN KEY (`xchatmensajeslecturasidusuarios`) REFERENCES `usuarios` (`idusuarios`) ON DELETE CASCADE ON UPDATE CASCADE
) ENGINE=InnoDB AUTO_INCREMENT=331 DEFAULT CHARSET=utf8mb4 COLLATE=utf8mb4_unicode_ci;

INSERT INTO `chatmensajeslecturas` VALUES(1,1,1,'2026-04-20 09:40:09');
INSERT INTO `chatmensajeslecturas` VALUES(2,2,1,'2026-04-20 09:40:09');
INSERT INTO `chatmensajeslecturas` VALUES(65,4,1,'2026-04-20 09:44:01');
INSERT INTO `chatmensajeslecturas` VALUES(114,4,2,'2026-04-22 14:12:30');
INSERT INTO `chatmensajeslecturas` VALUES(115,5,2,'2026-04-22 14:12:30');
INSERT INTO `chatmensajeslecturas` VALUES(116,6,2,'2026-04-22 14:12:30');
INSERT INTO `chatmensajeslecturas` VALUES(126,3,2,'2026-04-22 14:14:26');
INSERT INTO `chatmensajeslecturas` VALUES(135,8,1,'2026-04-22 14:56:05');
INSERT INTO `chatmensajeslecturas` VALUES(136,9,1,'2026-04-22 14:56:05');
INSERT INTO `chatmensajeslecturas` VALUES(137,10,1,'2026-04-22 14:56:05');
INSERT INTO `chatmensajeslecturas` VALUES(138,12,1,'2026-04-22 14:56:05');
INSERT INTO `chatmensajeslecturas` VALUES(139,13,1,'2026-04-22 14:56:05');
INSERT INTO `chatmensajeslecturas` VALUES(140,14,1,'2026-04-22 14:56:05');
INSERT INTO `chatmensajeslecturas` VALUES(141,15,1,'2026-04-22 14:56:05');
INSERT INTO `chatmensajeslecturas` VALUES(142,16,1,'2026-04-22 14:56:05');
INSERT INTO `chatmensajeslecturas` VALUES(143,17,1,'2026-04-22 14:56:05');
INSERT INTO `chatmensajeslecturas` VALUES(144,18,1,'2026-04-22 14:56:05');
INSERT INTO `chatmensajeslecturas` VALUES(145,19,1,'2026-04-22 14:56:05');
INSERT INTO `chatmensajeslecturas` VALUES(146,20,1,'2026-04-22 14:56:05');
INSERT INTO `chatmensajeslecturas` VALUES(147,21,1,'2026-04-22 14:56:05');
INSERT INTO `chatmensajeslecturas` VALUES(148,22,1,'2026-04-22 14:56:05');
INSERT INTO `chatmensajeslecturas` VALUES(149,23,1,'2026-04-22 14:56:05');
INSERT INTO `chatmensajeslecturas` VALUES(150,24,1,'2026-04-22 14:56:05');
INSERT INTO `chatmensajeslecturas` VALUES(249,11,1,'2026-04-22 15:42:55');

DROP TABLE IF EXISTS `contenedores`;
CREATE TABLE `contenedores` (
  `idcontenedores` int(11) NOT NULL AUTO_INCREMENT,
  `contenedoresnombre` varchar(255) NOT NULL,
  `contenedorestipo` varchar(255) NOT NULL,
  `contenedorescantidadalveolos` int(11) DEFAULT 1,
  `contenedoresvolumenalveolocc` int(11) DEFAULT 0,
  `contenedoresprofundidadalveolocm` decimal(5,2) DEFAULT NULL,
  `contenedoresvolumentotallitros` decimal(10,2) DEFAULT 0.00,
  `contenedoresdimensiones` varchar(255) DEFAULT '',
  `contenedoresformaalveolo` varchar(100) DEFAULT '',
  `contenedoresantiespiralizacion` tinyint(1) DEFAULT 0,
  `contenedoresmaterial` varchar(255) DEFAULT '',
  `contenedoresreutilizable` tinyint(1) DEFAULT 1,
  `contenedoresobservaciones` text DEFAULT NULL,
  `contenedoresclasificacion` varchar(50) NOT NULL DEFAULT 'ambos',
  `contenedoresactivo` tinyint(1) NOT NULL DEFAULT 1,
  PRIMARY KEY (`idcontenedores`)
) ENGINE=InnoDB AUTO_INCREMENT=108 DEFAULT CHARSET=utf8mb4 COLLATE=utf8mb4_unicode_ci;

INSERT INTO `contenedores` VALUES(79,'10 cc - Bandeja micro-alvéolo (288 alvéolos)','bandeja_alveolos',288,10,'3.50','2.88','','',0,'',1,NULL,'semillero',1);
INSERT INTO `contenedores` VALUES(80,'15 cc - Bandeja de alta densidad (200 alvéolos)','bandeja_alveolos',200,15,'4.00','3.00','','',0,'',1,NULL,'semillero',1);
INSERT INTO `contenedores` VALUES(81,'20 cc - Bandeja de alta densidad profunda (150 alvéolos)','bandeja_alveolos',150,20,'5.00','3.00','','',0,'',1,NULL,'semillero',1);
INSERT INTO `contenedores` VALUES(82,'24 cc - Bandeja hortícola pequeña (104 alvéolos)','bandeja_alveolos',104,24,'4.50','2.50','','',0,'',1,NULL,'semillero',1);
INSERT INTO `contenedores` VALUES(83,'30 cc - Bandeja de 98 cavidades','bandeja_alveolos',98,30,'5.00','2.94','','',0,'',1,NULL,'semillero',1);
INSERT INTO `contenedores` VALUES(84,'40 cc - Bandeja hortícola (84 cavidades)','bandeja_alveolos',84,40,'5.50','3.36','','',0,'',1,NULL,'semillero',1);
INSERT INTO `contenedores` VALUES(85,'55 cc - Bandeja estándar (72 cavidades)','bandeja_alveolos',72,55,'6.00','3.96','','',0,'',1,NULL,'semillero',1);
INSERT INTO `contenedores` VALUES(86,'75 cc - Bandeja de 60 cavidades','bandeja_alveolos',60,75,'6.50','4.50','','',0,'',1,NULL,'semillero',1);
INSERT INTO `contenedores` VALUES(87,'110 cc - Bandeja de 50 cavidades','bandeja_alveolos',50,110,'7.00','5.50','','',0,'',1,NULL,'semillero',1);
INSERT INTO `contenedores` VALUES(88,'115 cc - Bandeja de 40 cavidades','bandeja_alveolos',40,115,'7.00','4.60','','',0,'',1,NULL,'semillero',1);
INSERT INTO `contenedores` VALUES(89,'150 cc - Bandeja forestal estándar (35 cavidades)','bandeja_alveolos',35,150,'12.00','5.25','','',1,'',1,NULL,'semillero',1);
INSERT INTO `contenedores` VALUES(90,'178 cc - Bandeja de 32 cavidades','bandeja_alveolos',32,178,'8.00','5.70','','',0,'',1,NULL,'semillero',1);
INSERT INTO `contenedores` VALUES(91,'230 cc - Bandeja grande / Macetita forestal (20 cavidades)','bandeja_alveolos',20,230,'15.00','4.60','','',1,'',1,NULL,'semillero',1);
INSERT INTO `contenedores` VALUES(92,'350 cc - Bandeja forestal profunda (15 cavidades)','bandeja_alveolos',15,350,'18.00','5.25','','',1,'',1,NULL,'semillero',1);
INSERT INTO `contenedores` VALUES(93,'230 cc - Maceta termoconformada de 6,5 cm','maceta_individual',1,230,'7.00','0.23','6.5x6.5x7 cm','',0,'',1,NULL,'ambos',1);
INSERT INTO `contenedores` VALUES(94,'500 cc - Maceta cuadrada P9 (9x9 cm)','maceta_individual',1,500,'10.00','0.50','9x9x10 cm','',0,'',1,NULL,'ambos',1);
INSERT INTO `contenedores` VALUES(95,'700 cc - Maceta redonda 11 cm','maceta_individual',1,700,'10.00','0.70','11x11x10 cm','',0,'',1,NULL,'maceta',1);
INSERT INTO `contenedores` VALUES(96,'1000 cc - Maceta redonda 13 cm (1 Litro)','maceta_individual',1,1000,'12.00','1.00','13x13x12 cm','',0,'',1,NULL,'maceta',1);
INSERT INTO `contenedores` VALUES(97,'1500 cc - Maceta redonda 15 cm (1,5 Litros)','maceta_mediana',1,1500,'14.00','1.50','15x15x14 cm','',0,'',1,NULL,'maceta',1);
INSERT INTO `contenedores` VALUES(98,'2000 cc - Maceta redonda 17 cm (2 Litros)','maceta_mediana',1,2000,'15.00','2.00','17x17x15 cm','',0,'',1,NULL,'maceta',1);
INSERT INTO `contenedores` VALUES(99,'2500 cc - Maceta 1 Galón Comercial (2,5 Litros)','maceta_mediana',1,2500,'17.00','2.50','18x18x17 cm','',0,'',1,NULL,'maceta',1);
INSERT INTO `contenedores` VALUES(100,'3000 cc - Maceta redonda 19 cm (3 Litros)','maceta_mediana',1,3000,'18.00','3.00','19x19x18 cm','',0,'',1,NULL,'maceta',1);
INSERT INTO `contenedores` VALUES(101,'5000 cc - Maceta redonda 22 cm (5 Litros)','maceta_mediana',1,5000,'20.00','5.00','22x22x20 cm','',0,'',1,NULL,'maceta',1);
INSERT INTO `contenedores` VALUES(102,'7000 cc - Maceta redonda 25 cm (7 Litros)','maceta_grande',1,7000,'23.00','7.00','25x25x23 cm','',0,'',1,NULL,'maceta',1);
INSERT INTO `contenedores` VALUES(103,'10000 cc - Contenedor 27 cm (10 Litros)','maceta_grande',1,10000,'25.00','10.00','27x27x25 cm','',0,'',1,NULL,'maceta',1);
INSERT INTO `contenedores` VALUES(104,'15000 cc - Contenedor 30 cm (15 Litros)','maceta_grande',1,15000,'28.00','15.00','30x30x28 cm','',0,'',1,NULL,'maceta',1);
INSERT INTO `contenedores` VALUES(105,'20000 cc - Contenedor 35 cm (20 Litros)','maceta_grande',1,20000,'30.00','20.00','35x35x30 cm','',0,'',1,NULL,'maceta',1);
INSERT INTO `contenedores` VALUES(106,'25000 cc - Contenedor con asas (25 Litros)','maceta_grande',1,25000,'33.00','25.00','38x38x33 cm','',0,'',1,NULL,'maceta',1);
INSERT INTO `contenedores` VALUES(107,'50000 cc - Capazo grande (50 Litros)','maceta_grande',1,50000,'40.00','50.00','45x45x40 cm','',0,'',1,NULL,'maceta',1);

DROP TABLE IF EXISTS `cultivos`;
CREATE TABLE `cultivos` (
  `idcultivos` int(11) NOT NULL AUTO_INCREMENT,
  `xcultivosidusuarios` int(11) NOT NULL,
  `xcultivosidvariedades` int(11) NOT NULL,
  `xcultivosidsemillas` int(11) DEFAULT NULL,
  `cultivosnumerocoleccion` int(11) DEFAULT NULL,
  `cultivosorigen` enum('semilla_inventario','semilla_nueva','plantel_comprado','plantel_regalado','esqueje') NOT NULL,
  `cultivosmetodo` enum('semillero','siembra_directa','trasplante_directo') NOT NULL,
  `cultivosestado` enum('germinacion','crecimiento','produccion','finalizado','perdido') NOT NULL DEFAULT 'germinacion',
  `cultivosfechainicio` date NOT NULL,
  `cultivosfechagerminacion` date DEFAULT NULL,
  `cultivosfechatrasplante` date DEFAULT NULL,
  `cultivosfechafinalizacion` date DEFAULT NULL,
  `cultivoscantidad` int(11) NOT NULL DEFAULT 1,
  `cultivosubicacion` varchar(150) DEFAULT NULL,
  `cultivosobservaciones` text DEFAULT NULL,
  `cultivosactivosino` tinyint(1) NOT NULL DEFAULT 1,
  `cultivosfechacreacion` timestamp NOT NULL DEFAULT current_timestamp(),
  `cultivosfechaactualizacion` timestamp NOT NULL DEFAULT current_timestamp() ON UPDATE current_timestamp(),
  `cultivosfechacrecimiento` datetime DEFAULT NULL,
  `cultivosfecharecoleccion` datetime DEFAULT NULL,
  `cultivosfechafructificacion` varchar(20) DEFAULT NULL,
  `cultivosalertas_ignoradas` longtext CHARACTER SET utf8mb4 COLLATE utf8mb4_bin DEFAULT NULL CHECK (json_valid(`cultivosalertas_ignoradas`)),
  `cultivosalertas_forzadas` longtext CHARACTER SET utf8mb4 COLLATE utf8mb4_bin DEFAULT NULL CHECK (json_valid(`cultivosalertas_forzadas`)),
  PRIMARY KEY (`idcultivos`),
  KEY `xcultivosidusuarios` (`xcultivosidusuarios`),
  KEY `xcultivosidvariedades` (`xcultivosidvariedades`),
  KEY `xcultivosidsemillas` (`xcultivosidsemillas`),
  CONSTRAINT `cultivos_ibfk_1` FOREIGN KEY (`xcultivosidusuarios`) REFERENCES `usuarios` (`idusuarios`) ON DELETE CASCADE,
  CONSTRAINT `cultivos_ibfk_2` FOREIGN KEY (`xcultivosidvariedades`) REFERENCES `variedades` (`idvariedades`) ON DELETE CASCADE,
  CONSTRAINT `cultivos_ibfk_3` FOREIGN KEY (`xcultivosidsemillas`) REFERENCES `semillas` (`idsemillas`) ON DELETE SET NULL
) ENGINE=InnoDB AUTO_INCREMENT=35 DEFAULT CHARSET=utf8mb4 COLLATE=utf8mb4_unicode_ci;

INSERT INTO `cultivos` VALUES(33,35,133,14,1,'semilla_nueva','semillero','germinacion','2026-05-25',NULL,NULL,NULL,1,NULL,NULL,1,'2026-05-25 16:46:00','2026-05-25 16:46:00',NULL,NULL,NULL,NULL,NULL);
INSERT INTO `cultivos` VALUES(34,37,134,NULL,1,'semilla_inventario','semillero','germinacion','2026-05-29',NULL,NULL,NULL,1,NULL,NULL,1,'2026-05-29 17:21:37','2026-05-29 17:22:33',NULL,NULL,NULL,'[224]',NULL);

DROP TABLE IF EXISTS `cultivosavisos`;
CREATE TABLE `cultivosavisos` (
  `idcultivosavisos` int(11) NOT NULL AUTO_INCREMENT,
  `xcultivosavisosidcultivos` int(11) NOT NULL,
  `xcultivosavisosidusuarios` int(11) NOT NULL,
  `xcultivosavisosidlaborespauta` int(11) NOT NULL,
  `cultivosavisosfechaemision` datetime NOT NULL,
  `cultivosavisosfecharespuesta` datetime NOT NULL,
  `cultivosavisosfase` varchar(50) NOT NULL,
  PRIMARY KEY (`idcultivosavisos`)
) ENGINE=InnoDB AUTO_INCREMENT=5 DEFAULT CHARSET=utf8mb4 COLLATE=utf8mb4_unicode_ci;

INSERT INTO `cultivosavisos` VALUES(2,20,22,266,'2026-05-17 10:00:00','2026-05-22 13:56:29','siembra');
INSERT INTO `cultivosavisos` VALUES(3,20,22,265,'2026-05-17 10:00:00','2026-05-22 14:09:54','siembra');
INSERT INTO `cultivosavisos` VALUES(4,20,22,267,'2026-05-17 10:00:00','2026-05-22 15:07:54','siembra');

DROP TABLE IF EXISTS `datosadjuntos`;
CREATE TABLE `datosadjuntos` (
  `iddatosadjuntos` int(11) NOT NULL AUTO_INCREMENT,
  `datosadjuntostipo` varchar(20) NOT NULL,
  `datosadjuntosmime` varchar(100) NOT NULL,
  `datosadjuntosnombreoriginal` varchar(255) NOT NULL,
  `datosadjuntostitulo` varchar(255) DEFAULT NULL,
  `datosadjuntosresumen` text DEFAULT NULL,
  `datosadjuntosapuntes` text DEFAULT NULL,
  `datosadjuntosurl` varchar(255) DEFAULT NULL,
  `datosadjuntosportada` varchar(255) DEFAULT NULL,
  `datosadjuntosruta` text NOT NULL,
  `datosadjuntospesobytes` bigint(20) NOT NULL,
  `datosadjuntosancho` int(11) DEFAULT NULL,
  `datosadjuntosalto` int(11) DEFAULT NULL,
  `datosadjuntoslqip` text DEFAULT NULL,
  `datosadjuntoscolor` varchar(7) DEFAULT NULL,
  `datosadjuntosesprincipal` tinyint(1) DEFAULT 0,
  `datosadjuntosorden` int(11) DEFAULT 0,
  `datosadjuntosdescripcion` text DEFAULT NULL,
  `datosadjuntosactivo` tinyint(1) DEFAULT 1,
  `datosadjuntosfechacreacion` datetime DEFAULT current_timestamp(),
  `datosadjuntosfechaactualizacion` datetime DEFAULT NULL ON UPDATE current_timestamp(),
  `datosadjuntosfechaeliminacion` datetime DEFAULT NULL,
  `xdatosadjuntosidusuarios` int(11) DEFAULT NULL,
  `xdatosadjuntosidespecies` int(11) DEFAULT NULL,
  `xdatosadjuntosidvariedades` int(11) DEFAULT NULL,
  `xdatosadjuntosidsemillas` int(11) DEFAULT NULL,
  `xdatosadjuntosidplantaciones` int(11) DEFAULT NULL,
  `xdatosadjuntosidrecolecciones` int(11) DEFAULT NULL,
  `xdatosadjuntosidlabores` int(11) DEFAULT NULL,
  `xdatosadjuntosidplagas` int(11) DEFAULT NULL,
  `datosadjuntosvalidado` tinyint(1) DEFAULT 1,
  `datosadjuntosfechavalidacion` datetime DEFAULT NULL,
  `datosadjuntosresultadovalidacion` varchar(50) DEFAULT NULL,
  `xdatosadjuntosidusuariovalidador` int(11) DEFAULT NULL,
  `xdatosadjuntosidcultivos` int(11) DEFAULT NULL,
  `xdatosadjuntosidcontenedores` int(11) DEFAULT NULL,
  `xdatosadjuntosidcultivosavisos` int(11) DEFAULT NULL,
  PRIMARY KEY (`iddatosadjuntos`),
  KEY `idx_tipo` (`datosadjuntostipo`),
  KEY `idx_especies` (`xdatosadjuntosidespecies`),
  KEY `idx_variedades` (`xdatosadjuntosidvariedades`),
  KEY `fk_datosadjuntos_validador` (`xdatosadjuntosidusuariovalidador`),
  CONSTRAINT `fk_datosadjuntos_validador` FOREIGN KEY (`xdatosadjuntosidusuariovalidador`) REFERENCES `usuarios` (`idusuarios`)
) ENGINE=InnoDB AUTO_INCREMENT=401 DEFAULT CHARSET=utf8mb4 COLLATE=utf8mb4_unicode_ci;

INSERT INTO `datosadjuntos` VALUES(1,'imagen','image/jpeg','d2ddafa1-ab63-4966-b472-49e50332cebd.jpg',NULL,NULL,NULL,NULL,NULL,'uploads/especies/especie_3_1776242200.jpg',112035,1024,559,NULL,NULL,0,0,NULL,0,'2026-04-15 10:36:40','2026-05-22 18:44:25','2026-04-15 10:43:13',NULL,3,NULL,NULL,NULL,NULL,NULL,NULL,0,NULL,NULL,NULL,NULL,NULL,NULL);
INSERT INTO `datosadjuntos` VALUES(2,'imagen','image/jpeg','d2ddafa1-ab63-4966-b472-49e50332cebd.jpg',NULL,NULL,NULL,NULL,NULL,'uploads/especies/tomate_2.jpg',112035,1024,559,NULL,NULL,0,0,NULL,0,'2026-04-15 10:45:55','2026-05-22 18:44:25','2026-04-15 10:47:04',NULL,3,NULL,NULL,NULL,NULL,NULL,NULL,0,NULL,NULL,NULL,NULL,NULL,NULL);
INSERT INTO `datosadjuntos` VALUES(3,'imagen','image/jpeg','d2ddafa1-ab63-4966-b472-49e50332cebd.jpg',NULL,NULL,NULL,NULL,NULL,'uploads/especies/tomate_3.jpg',112035,1024,559,NULL,NULL,0,0,NULL,0,'2026-04-15 10:47:13','2026-05-22 18:44:25','2026-04-15 10:53:31',NULL,3,NULL,NULL,NULL,NULL,NULL,NULL,0,NULL,NULL,NULL,NULL,NULL,NULL);
INSERT INTO `datosadjuntos` VALUES(4,'imagen','image/jpeg','d2ddafa1-ab63-4966-b472-49e50332cebd.jpg',NULL,NULL,NULL,NULL,NULL,'uploads/especies/tomate_4.jpg',112035,1024,559,NULL,NULL,0,0,'Detalle de Tomate (Imagen #4)',0,'2026-04-15 10:49:13','2026-05-22 18:44:25','2026-04-15 10:53:29',NULL,3,NULL,NULL,NULL,NULL,NULL,NULL,0,NULL,NULL,NULL,NULL,NULL,NULL);
INSERT INTO `datosadjuntos` VALUES(5,'imagen','image/jpeg','d2ddafa1-ab63-4966-b472-49e50332cebd.jpg',NULL,NULL,NULL,NULL,NULL,'uploads/especies/tomate_5.jpg',112035,1024,559,NULL,NULL,0,0,'Detalle de Tomate (Imagen #5)',0,'2026-04-15 10:53:40','2026-05-22 18:44:25','2026-04-15 10:54:48',NULL,3,NULL,NULL,NULL,NULL,NULL,NULL,0,NULL,NULL,NULL,NULL,NULL,NULL);
INSERT INTO `datosadjuntos` VALUES(6,'imagen','image/jpeg','d2ddafa1-ab63-4966-b472-49e50332cebd.jpg',NULL,NULL,NULL,NULL,NULL,'uploads/especies/tomate_6.jpg',112035,1024,559,NULL,NULL,0,0,'Detalle de Tomate (Imagen #6)',0,'2026-04-15 10:55:03','2026-05-22 18:44:25','2026-04-15 10:56:58',NULL,3,NULL,NULL,NULL,NULL,NULL,NULL,0,NULL,NULL,NULL,NULL,NULL,NULL);
INSERT INTO `datosadjuntos` VALUES(7,'imagen','image/jpeg','d2ddafa1-ab63-4966-b472-49e50332cebd.jpg',NULL,NULL,NULL,NULL,NULL,'uploads/especies/tomate_7.jpg',112035,1024,559,NULL,NULL,0,0,'Detalle de Tomate (Imagen #7)',0,'2026-04-15 10:57:10','2026-05-22 18:44:25','2026-04-15 10:57:57',NULL,3,NULL,NULL,NULL,NULL,NULL,NULL,0,NULL,NULL,NULL,NULL,NULL,NULL);
INSERT INTO `datosadjuntos` VALUES(8,'imagen','image/jpeg','d2ddafa1-ab63-4966-b472-49e50332cebd.jpg',NULL,NULL,NULL,NULL,NULL,'uploads/especies/tomate_8.jpg',112035,1024,559,NULL,NULL,0,0,'Detalle de Tomate (Imagen #8)',0,'2026-04-15 10:58:09','2026-05-22 18:44:25','2026-04-15 10:58:53',NULL,3,NULL,NULL,NULL,NULL,NULL,NULL,0,NULL,NULL,NULL,NULL,NULL,NULL);
INSERT INTO `datosadjuntos` VALUES(9,'imagen','image/jpeg','d2ddafa1-ab63-4966-b472-49e50332cebd.jpg',NULL,NULL,NULL,NULL,NULL,'uploads/especies/tomate_9.jpg',112035,1024,559,NULL,NULL,0,0,'Detalle de Tomate (Imagen #9)',0,'2026-04-15 10:58:57','2026-05-22 18:44:25','2026-04-15 10:59:48',NULL,3,NULL,NULL,NULL,NULL,NULL,NULL,0,NULL,NULL,NULL,NULL,NULL,NULL);
INSERT INTO `datosadjuntos` VALUES(10,'imagen','image/jpeg','92d981b7-ff6a-4091-bc79-b649f2ddcf2a.jpg',NULL,NULL,NULL,NULL,NULL,'uploads/especies/tomate_10_1776243758.jpg',112035,1024,559,NULL,NULL,0,0,'Detalle de Tomate (Imagen #10)',0,'2026-04-15 11:02:38','2026-05-22 18:44:25','2026-04-15 11:04:41',NULL,3,NULL,NULL,NULL,NULL,NULL,NULL,0,NULL,NULL,NULL,NULL,NULL,NULL);
INSERT INTO `datosadjuntos` VALUES(11,'imagen','image/jpeg','92d981b7-ff6a-4091-bc79-b649f2ddcf2a.jpg','','',NULL,NULL,NULL,'uploads/especies/tomate_11.jpg',112035,1024,559,NULL,NULL,0,0,'Tomate maduro de color rojo intenso en una planta saludable.',0,'2026-04-15 11:04:48','2026-05-22 18:44:25','2026-04-26 13:22:07',NULL,3,NULL,NULL,NULL,NULL,NULL,NULL,0,NULL,NULL,NULL,NULL,NULL,NULL);
INSERT INTO `datosadjuntos` VALUES(12,'imagen','image/jpeg','4ecb4961-9941-4177-933a-3c0e1d5797c0.jpg',NULL,NULL,NULL,NULL,NULL,'uploads/especies/tomate_12.jpg',121563,1024,559,NULL,NULL,0,0,'Tomate maduro y saludable en rodajas sobre tabla de madera.',0,'2026-04-15 11:06:03','2026-05-22 18:44:25','2026-04-26 13:22:09',NULL,3,NULL,NULL,NULL,NULL,NULL,NULL,0,NULL,NULL,NULL,NULL,NULL,NULL);
INSERT INTO `datosadjuntos` VALUES(13,'imagen','image/jpeg','a2b23884-41ce-4cc8-9773-1a5d78c6850f.jpg',NULL,NULL,NULL,NULL,NULL,'uploads/variedad/variedad_1.jpg',172988,1024,572,NULL,NULL,0,0,'Tomates asurcados sanos en distintas etapas de maduraci+',0,'2026-04-15 17:59:10','2026-05-22 18:44:25','2026-04-15 18:07:05',NULL,NULL,12,NULL,NULL,NULL,NULL,NULL,0,NULL,NULL,NULL,NULL,NULL,NULL);
INSERT INTO `datosadjuntos` VALUES(14,'imagen','image/jpeg','f2abcec5-e690-48a2-a920-708a05934f4e.jpg',NULL,NULL,NULL,NULL,NULL,'uploads/variedad/variedad_1_1776269367.jpg',79793,1024,559,NULL,NULL,0,0,'Tomate valenciano gordal maduro, de color rojo intenso y estado +',1,'2026-04-15 18:09:32','2026-05-22 18:44:25',NULL,NULL,NULL,1,NULL,NULL,NULL,NULL,NULL,0,NULL,NULL,NULL,NULL,NULL,NULL);
INSERT INTO `datosadjuntos` VALUES(15,'imagen','image/jpeg','6a2baa1d-f856-4aab-8590-8c5b986652f2.jpg',NULL,NULL,NULL,NULL,NULL,'uploads/variedad/variedad_2.jpg',172988,1024,572,NULL,NULL,0,0,'Tomates saludables en distintas etapas de maduraci+',1,'2026-04-15 18:09:37','2026-05-22 18:44:25',NULL,NULL,NULL,1,NULL,NULL,NULL,NULL,NULL,0,NULL,NULL,NULL,NULL,NULL,NULL);
INSERT INTO `datosadjuntos` VALUES(16,'imagen','image/jpeg','f2abcec5-e690-48a2-a920-708a05934f4e.jpg',NULL,NULL,NULL,NULL,NULL,'uploads/variedad/variedad_2_1776269489.jpg',79793,1024,559,NULL,NULL,0,0,'Tomate costillado maduro, rojo vibrante, piel sana y estado +',0,'2026-04-15 18:11:35','2026-05-22 18:44:25','2026-04-15 18:11:55',NULL,NULL,12,NULL,NULL,NULL,NULL,NULL,0,NULL,NULL,NULL,NULL,NULL,NULL);
INSERT INTO `datosadjuntos` VALUES(17,'imagen','image/jpeg','f2abcec5-e690-48a2-a920-708a05934f4e.jpg',NULL,NULL,NULL,NULL,NULL,'uploads/variedad/tomate_variedad_valenciano_gordal_plus_3.jpg',79793,1024,559,NULL,NULL,0,0,'Tomate maduro, gran calibre, costillas marcadas, sano y color intenso.',0,'2026-04-15 18:14:16','2026-05-22 18:44:25','2026-04-15 18:15:20',NULL,NULL,12,NULL,NULL,NULL,NULL,NULL,0,NULL,NULL,NULL,NULL,NULL,NULL);
INSERT INTO `datosadjuntos` VALUES(18,'imagen','image/jpeg','f2abcec5-e690-48a2-a920-708a05934f4e.jpg',NULL,NULL,NULL,NULL,NULL,'uploads/variedad/tomate_variedad_valenciano_gordal_plus_4.jpg',79793,1024,559,NULL,NULL,0,0,'Tomate - Variedad Valenciano Gordal Plus: Tomate maduro, globoso y acostillado en excelente estado de salud.',0,'2026-04-15 18:15:47','2026-05-22 18:44:25','2026-04-15 18:17:53',NULL,NULL,12,NULL,NULL,NULL,NULL,NULL,0,NULL,NULL,NULL,NULL,NULL,NULL);
INSERT INTO `datosadjuntos` VALUES(19,'imagen','image/jpeg','6a2baa1d-f856-4aab-8590-8c5b986652f2.jpg',NULL,NULL,NULL,NULL,NULL,'uploads/variedad/tomate_variedad_valenciano_gordal_plus_5.jpg',172988,1024,572,NULL,NULL,0,0,'Tomate - Variedad Valenciano Gordal Plus: Planta saludable con frutos carnosos en distintos puntos de madurez.',0,'2026-04-15 18:16:03','2026-05-22 18:44:25','2026-04-15 18:17:55',NULL,NULL,12,NULL,NULL,NULL,NULL,NULL,0,NULL,NULL,NULL,NULL,NULL,NULL);
INSERT INTO `datosadjuntos` VALUES(20,'imagen','image/jpeg','f2abcec5-e690-48a2-a920-708a05934f4e.jpg',NULL,NULL,NULL,NULL,NULL,'uploads/variedad/tomate-variedad-valenciano-gordal-plus_6.jpg',79793,1024,559,NULL,NULL,0,0,'Tomate - Variedad Valenciano Gordal Plus: Tomate acostillado, rojo intenso, sano y en madurez comercial +',0,'2026-04-15 18:18:03','2026-05-22 18:44:25','2026-04-15 18:20:28',NULL,NULL,12,NULL,NULL,NULL,NULL,NULL,0,NULL,NULL,NULL,NULL,NULL,NULL);
INSERT INTO `datosadjuntos` VALUES(21,'imagen','image/jpeg','6a2baa1d-f856-4aab-8590-8c5b986652f2.jpg',NULL,NULL,NULL,NULL,NULL,'uploads/variedad/tomate-variedad-valenciano-gordal-plus_7.jpg',172988,1024,572,NULL,NULL,0,0,'Tomate - Variedad Valenciano Gordal Plus: Grandes tomates sanos madurando progresivamente sobre una planta vigorosa.',0,'2026-04-15 18:18:09','2026-05-22 18:44:25','2026-04-15 18:20:30',NULL,NULL,12,NULL,NULL,NULL,NULL,NULL,0,NULL,NULL,NULL,NULL,NULL,NULL);
INSERT INTO `datosadjuntos` VALUES(22,'imagen','image/jpeg','f2abcec5-e690-48a2-a920-708a05934f4e.jpg',NULL,NULL,NULL,NULL,NULL,'uploads/variedad/tomate-variedad-valenciano-gordal-plus_8.jpg',79793,1024,559,NULL,NULL,0,0,'Tomate - Variedad Valenciano Gordal Plus: Tomate maduro, gran calibre, costillado y en +',0,'2026-04-15 18:26:21','2026-05-22 18:44:25','2026-04-15 18:28:37',NULL,NULL,12,NULL,NULL,NULL,NULL,NULL,0,NULL,NULL,NULL,NULL,NULL,NULL);
INSERT INTO `datosadjuntos` VALUES(23,'imagen','image/jpeg','f2abcec5-e690-48a2-a920-708a05934f4e.jpg',NULL,NULL,NULL,NULL,NULL,'uploads/variedad/tomate-variedad-valenciano-gordal-plus_9.jpg',79793,1024,559,NULL,NULL,0,0,'Tomate - Variedad Valenciano Gordal Plus: Tomate Valenciano maduro, sano, firme y de forma marcadamente acostillada.',0,'2026-04-15 18:51:18','2026-05-22 18:44:25','2026-04-15 18:53:48',NULL,NULL,12,NULL,NULL,NULL,NULL,NULL,0,NULL,NULL,NULL,NULL,NULL,NULL);
INSERT INTO `datosadjuntos` VALUES(24,'imagen','image/jpeg','f2abcec5-e690-48a2-a920-708a05934f4e.jpg',NULL,NULL,NULL,NULL,NULL,'uploads/variedad/tomate-variedad-valenciano-gordal-plus_10.jpg',79793,1024,559,NULL,NULL,0,0,'Tomate - Variedad Valenciano Gordal Plus: Fruto acostillado de gran calibre, madurez +',1,'2026-04-15 18:55:50','2026-05-22 18:44:25',NULL,NULL,NULL,12,NULL,NULL,NULL,NULL,NULL,0,NULL,NULL,NULL,NULL,NULL,NULL);
INSERT INTO `datosadjuntos` VALUES(25,'imagen','image/jpeg','6a2baa1d-f856-4aab-8590-8c5b986652f2.jpg',NULL,NULL,NULL,NULL,NULL,'uploads/variedad/tomate-variedad-valenciano-gordal-plus_11.jpg',172988,1024,572,NULL,NULL,0,0,'Tomate - Variedad Valenciano Gordal Plus: Tomates grandes acostillados, planta saludable en diversos estados de maduraci+',1,'2026-04-15 18:56:04','2026-05-22 18:44:25',NULL,NULL,NULL,12,NULL,NULL,NULL,NULL,NULL,0,NULL,NULL,NULL,NULL,NULL,NULL);
INSERT INTO `datosadjuntos` VALUES(26,'imagen','image/jpeg','69244b7f-9790-41aa-81c2-d5780de9f536.jpg',NULL,NULL,NULL,NULL,NULL,'uploads/variedad/tomate-variedad-valenciano-gordal-plus_12.jpg',123055,1024,559,NULL,NULL,0,0,'Tomate - Variedad Valenciano Gordal Plus: Tomates maduros, carnosos y sanos de gran calibre y calidad.',1,'2026-04-15 18:56:09','2026-05-22 18:44:25',NULL,NULL,NULL,12,NULL,NULL,NULL,NULL,NULL,0,NULL,NULL,NULL,NULL,NULL,NULL);
INSERT INTO `datosadjuntos` VALUES(27,'documento','application/pdf','hd_1985_05.pdf',NULL,NULL,NULL,NULL,NULL,'uploads/especies/tomate_13.pdf',1044893,0,0,NULL,NULL,0,0,'Detalle de Tomate (Imagen #13)',0,'2026-04-18 12:13:36','2026-04-18 12:21:47','2026-04-18 12:21:47',NULL,3,NULL,NULL,NULL,NULL,NULL,NULL,1,NULL,NULL,NULL,NULL,NULL,NULL);
INSERT INTO `datosadjuntos` VALUES(28,'documento','application/pdf','hd_1985_05 (1).pdf','hd_1985_05 (1).pdf',NULL,NULL,NULL,NULL,'uploads/especies/tomate_14.pdf',1044893,0,0,NULL,NULL,0,0,'Detalle de Tomate (Imagen #14)',0,'2026-04-18 12:21:56','2026-04-18 12:37:52','2026-04-18 12:37:52',NULL,3,NULL,NULL,NULL,NULL,NULL,NULL,1,NULL,NULL,NULL,NULL,NULL,NULL);
INSERT INTO `datosadjuntos` VALUES(29,'documento','application/pdf','hd_1985_05 (1).pdf','Medios de protecci+','Gu+',NULL,NULL,NULL,'uploads/especies/tomate_15.pdf',1044893,0,0,NULL,NULL,0,0,'Detalle de Tomate (Imagen #15)',0,'2026-04-18 12:38:13','2026-04-18 12:38:48','2026-04-18 12:38:48',NULL,3,NULL,NULL,NULL,NULL,NULL,NULL,1,NULL,NULL,NULL,NULL,NULL,NULL);
INSERT INTO `datosadjuntos` VALUES(30,'documento','application/pdf','2005,-El-cultivo-de-la-zanahoria,-F.pdf','Gu+','Gu+',NULL,NULL,'https://storage.googleapis.com/verdantia-494121.firebasestorage.app/uploads/especies_pdfs_covers/cover_9_30_1778518258952.jpg','uploads/especies/zanahoria_1.pdf',533838,0,0,NULL,NULL,0,0,'Vista general de Zanahoria',1,'2026-04-18 12:56:08','2026-05-11 16:51:01',NULL,NULL,9,NULL,NULL,NULL,NULL,NULL,NULL,1,NULL,NULL,NULL,NULL,NULL,NULL);
INSERT INTO `datosadjuntos` VALUES(31,'documento','text/html','Manual_Zanahoria_Cundinamarca.pdf','Manual_Zanahoria_Cundinamarca.pdf',NULL,NULL,NULL,'https://storage.googleapis.com/verdantia-494121.firebasestorage.app/uploads/especies_pdfs_covers/cover_9_31_1778518266772.jpg','uploads/especies/zanahoria_2.pdf',434204,0,0,NULL,NULL,0,0,'Detalle de Zanahoria (Imagen #2)',1,'2026-04-18 12:57:14','2026-05-11 16:51:08',NULL,NULL,9,NULL,NULL,NULL,NULL,NULL,NULL,1,NULL,NULL,NULL,NULL,NULL,NULL);
INSERT INTO `datosadjuntos` VALUES(32,'documento','application/pdf','hd_1985_05 (1).pdf','Medios de protecci+','Manual t+',NULL,NULL,NULL,'uploads/especies/tomate_16.pdf',1044893,0,0,NULL,NULL,0,0,'Detalle de Tomate (Imagen #16)',0,'2026-04-18 13:02:20','2026-04-18 13:03:23','2026-04-18 13:03:23',NULL,3,NULL,NULL,NULL,NULL,NULL,NULL,1,NULL,NULL,NULL,NULL,NULL,NULL);
INSERT INTO `datosadjuntos` VALUES(33,'documento','application/pdf','i3359s.pdf','El cultivo de tomate con Buenas Pr+','Manual t+',NULL,'https://www.fao.org/3/i3359s/i3359s.pdf',NULL,'uploads/especies/tomate_17.pdf',8396817,0,0,NULL,NULL,0,0,'Detalle de Tomate (Imagen #17)',0,'2026-04-18 13:04:37','2026-04-18 13:09:47','2026-04-18 13:09:47',NULL,3,NULL,NULL,NULL,NULL,NULL,NULL,1,NULL,NULL,NULL,NULL,NULL,NULL);
INSERT INTO `datosadjuntos` VALUES(34,'documento','application/pdf','as415s.pdf','Estado del Arte y Novedades de la Bioenerg+','Informe de la FAO que analiza el desarrollo de la bioenerg+',NULL,'https://www.fao.org/3/as415s/as415s.pdf','uploads/especies/portadas/tomate_18.pdf_cover.jpg','uploads/especies/tomate_18.pdf',413587,0,0,NULL,NULL,0,0,'Detalle de Tomate (Imagen #18)',0,'2026-04-18 13:13:25','2026-04-26 16:44:55','2026-04-26 16:44:55',NULL,3,NULL,NULL,NULL,NULL,NULL,NULL,1,NULL,NULL,NULL,NULL,NULL,NULL);
INSERT INTO `datosadjuntos` VALUES(35,'imagen','image/png','ChatGPT Image 9 mar 2026, 12_25_06.png','ChatGPT Image 9 mar 2026, 12_25_06.png',NULL,NULL,NULL,NULL,'uploads/usuario/usuario_1.png',852773,1536,1024,NULL,NULL,0,0,'Variedad de frutas y hortalizas frescas en +',0,'2026-04-18 18:11:22','2026-05-22 18:44:25','2026-04-18 18:20:55',1,NULL,NULL,NULL,NULL,NULL,NULL,NULL,0,NULL,NULL,NULL,NULL,NULL,NULL);
INSERT INTO `datosadjuntos` VALUES(36,'imagen','image/png','ChatGPT Image 9 mar 2026, 12_39_23.png','','',NULL,NULL,NULL,'uploads/usuario/usuario_2.png',1482028,1536,1024,NULL,NULL,0,0,'Muestra variada de frutos y hortalizas frescas en madurez +',0,'2026-04-18 18:12:29','2026-05-22 18:44:25','2026-04-18 18:45:21',1,NULL,NULL,NULL,NULL,NULL,NULL,NULL,0,NULL,NULL,NULL,NULL,NULL,NULL);
INSERT INTO `datosadjuntos` VALUES(37,'imagen','image/png','ChatGPT Image 9 mar 2026, 12_39_23.png','','',NULL,NULL,NULL,'uploads/usuario/usuario_3.png',1482028,1536,1024,NULL,NULL,0,0,'Frutos y hortalizas variados en estado +',0,'2026-04-18 18:14:20','2026-05-22 18:44:25','2026-04-18 18:41:45',1,NULL,NULL,NULL,NULL,NULL,NULL,NULL,0,NULL,NULL,NULL,NULL,NULL,NULL);
INSERT INTO `datosadjuntos` VALUES(38,'imagen','image/png','ChatGPT Image 9 mar 2026, 12_39_23.png','ChatGPT Image 9 mar 2026, 12_39_23.png',NULL,NULL,NULL,NULL,'uploads/usuario/usuario_4.png',1482028,1536,1024,NULL,NULL,0,0,'Diversos frutos y hortalizas frescas en perfecto estado de madurez.',0,'2026-04-18 18:16:34','2026-05-22 18:44:25','2026-04-18 18:37:21',1,NULL,NULL,NULL,NULL,NULL,NULL,NULL,0,NULL,NULL,NULL,NULL,NULL,NULL);
INSERT INTO `datosadjuntos` VALUES(39,'imagen','image/jpeg','images.jpeg','images.jpeg',NULL,NULL,NULL,NULL,'uploads/usuario/usuario_5.jpeg',3194,275,183,NULL,NULL,0,0,'No es vegetal; son paneles solares fotovoltaicos en perfecto estado.',0,'2026-04-18 18:16:57','2026-05-22 18:44:25','2026-04-18 18:23:42',1,NULL,NULL,NULL,NULL,NULL,NULL,NULL,0,NULL,NULL,NULL,NULL,NULL,NULL);
INSERT INTO `datosadjuntos` VALUES(40,'imagen','image/jpeg','2020-01-17. FOTO. Juan Cano Aviles.jpg','','',NULL,NULL,NULL,'uploads/usuario/usuario_6.jpg',47946,236,295,NULL,NULL,0,0,'Ejemplar humano maduro, saludable, con anteojos y vestimenta oscura.',0,'2026-04-18 18:25:11','2026-05-22 18:44:25','2026-04-18 18:49:29',1,NULL,NULL,NULL,NULL,NULL,NULL,NULL,0,NULL,NULL,NULL,NULL,NULL,NULL);
INSERT INTO `datosadjuntos` VALUES(41,'imagen','image/png','ChatGPT Image 9 mar 2026, 12_32_15.png','ChatGPT Image 9 mar 2026, 12_32_15.png',NULL,NULL,NULL,NULL,'uploads/usuario/usuario_7.png',1440678,1024,1024,NULL,NULL,0,0,'Ilustraci+',0,'2026-04-18 18:45:47','2026-05-22 18:44:25','2026-04-18 18:49:31',1,NULL,NULL,NULL,NULL,NULL,NULL,NULL,0,NULL,NULL,NULL,NULL,NULL,NULL);
INSERT INTO `datosadjuntos` VALUES(42,'imagen','image/png','ChatGPT Image 9 mar 2026, 12_12_18.png','ChatGPT Image 9 mar 2026, 12_12_18.png',NULL,NULL,NULL,NULL,'uploads/usuario/usuario_8.png',257506,1024,1024,NULL,NULL,0,0,'Fruto b+',0,'2026-04-18 18:45:55','2026-05-22 18:44:25','2026-04-18 18:49:35',1,NULL,NULL,NULL,NULL,NULL,NULL,NULL,0,NULL,NULL,NULL,NULL,NULL,NULL);
INSERT INTO `datosadjuntos` VALUES(43,'imagen','image/png','ChatGPT Image 9 mar 2026, 12_32_15.png','ChatGPT Image 9 mar 2026, 12_32_15.png',NULL,NULL,NULL,NULL,'uploads/usuario/usuario_9.png',1440678,1024,1024,NULL,NULL,0,0,'Ilustraci+',0,'2026-04-18 18:46:01','2026-05-22 18:44:25','2026-04-18 18:49:39',1,NULL,NULL,NULL,NULL,NULL,NULL,NULL,0,NULL,NULL,NULL,NULL,NULL,NULL);
INSERT INTO `datosadjuntos` VALUES(44,'imagen','image/png','ChatGPT Image 9 mar 2026, 12_25_06.png','ChatGPT Image 9 mar 2026, 12_25_06.png',NULL,NULL,NULL,NULL,'uploads/usuario/usuario_10.png',852773,1536,1024,NULL,NULL,0,0,'Muestrario de productos vegetales frescos con madurez y sanidad +',0,'2026-04-18 18:46:14','2026-05-22 18:44:25','2026-04-18 18:49:41',1,NULL,NULL,NULL,NULL,NULL,NULL,NULL,0,NULL,NULL,NULL,NULL,NULL,NULL);
INSERT INTO `datosadjuntos` VALUES(45,'imagen','image/jpeg','WIN_20251202_09_22_44_Pro.jpg','WIN_20251202_09_22_44_Pro.jpg',NULL,NULL,NULL,NULL,'uploads/usuario/usuario_11.jpg',157674,1920,1080,NULL,NULL,0,0,'',0,'2026-04-18 18:50:26','2026-05-22 18:44:25','2026-04-18 18:52:20',1,NULL,NULL,NULL,NULL,NULL,NULL,NULL,0,NULL,NULL,NULL,NULL,NULL,NULL);
INSERT INTO `datosadjuntos` VALUES(46,'imagen','image/jpeg','WIN_20250930_16_01_36_Pro.jpg','WIN_20250930_16_01_36_Pro.jpg',NULL,NULL,NULL,NULL,'uploads/usuario/usuario_12.jpg',169058,1920,1080,NULL,NULL,0,0,'',0,'2026-04-18 18:52:45','2026-05-22 18:44:25','2026-04-18 18:53:08',1,NULL,NULL,NULL,NULL,NULL,NULL,NULL,0,NULL,NULL,NULL,NULL,NULL,NULL);
INSERT INTO `datosadjuntos` VALUES(47,'imagen','image/jpeg','WIN_20251202_09_22_44_Pro.jpg','WIN_20251202_09_22_44_Pro.jpg',NULL,NULL,NULL,NULL,'uploads/usuario/usuario_13.jpg',157674,1920,1080,NULL,NULL,0,0,'',0,'2026-04-18 18:53:45','2026-05-22 18:44:25','2026-04-18 18:53:53',1,NULL,NULL,NULL,NULL,NULL,NULL,NULL,0,NULL,NULL,NULL,NULL,NULL,NULL);
INSERT INTO `datosadjuntos` VALUES(48,'imagen','image/jpeg','WIN_20251202_09_22_44_Pro.jpg','WIN_20251202_09_22_44_Pro.jpg',NULL,NULL,NULL,NULL,'uploads/usuario/usuario_14.jpg',157674,1920,1080,NULL,NULL,0,0,'',0,'2026-04-18 18:53:58','2026-05-22 18:44:25','2026-04-18 18:54:41',1,NULL,NULL,NULL,NULL,NULL,NULL,NULL,0,NULL,NULL,NULL,NULL,NULL,NULL);
INSERT INTO `datosadjuntos` VALUES(49,'imagen','image/jpeg','WIN_20251202_09_22_44_Pro.jpg','WIN_20251202_09_22_44_Pro.jpg',NULL,NULL,NULL,NULL,'uploads/usuario/usuario_15.jpg',157674,1920,1080,NULL,NULL,0,0,'',0,'2026-04-18 18:54:45','2026-05-22 18:44:25','2026-04-18 18:54:55',1,NULL,NULL,NULL,NULL,NULL,NULL,NULL,0,NULL,NULL,NULL,NULL,NULL,NULL);
INSERT INTO `datosadjuntos` VALUES(50,'imagen','image/jpeg','1 .jpg','1 .jpg',NULL,NULL,NULL,NULL,'uploads/usuario/usuario_16.jpg',142126,1920,1080,NULL,NULL,0,0,'',0,'2026-04-18 18:55:01','2026-05-22 18:44:25','2026-04-18 18:55:49',1,NULL,NULL,NULL,NULL,NULL,NULL,NULL,0,NULL,NULL,NULL,NULL,NULL,NULL);
INSERT INTO `datosadjuntos` VALUES(51,'imagen','image/jpeg','1 .jpg','1 .jpg',NULL,NULL,NULL,NULL,'uploads/usuario/usuario_17.jpg',142126,1920,1080,NULL,NULL,0,0,'',0,'2026-04-18 18:56:00','2026-05-22 18:44:25','2026-04-18 18:56:04',1,NULL,NULL,NULL,NULL,NULL,NULL,NULL,0,NULL,NULL,NULL,NULL,NULL,NULL);
INSERT INTO `datosadjuntos` VALUES(52,'imagen','image/jpeg','1 (12).jpg','1 (12).jpg',NULL,NULL,NULL,NULL,'uploads/usuario/usuario_18.jpg',39088,263,350,NULL,NULL,0,0,'',0,'2026-04-18 18:56:10','2026-05-22 18:44:25','2026-04-18 18:57:13',1,NULL,NULL,NULL,NULL,NULL,NULL,NULL,0,NULL,NULL,NULL,NULL,NULL,NULL);
INSERT INTO `datosadjuntos` VALUES(53,'imagen','image/jpeg','WIN_20251202_09_22_44_Pro.jpg','WIN_20251202_09_22_44_Pro.jpg',NULL,NULL,NULL,NULL,'uploads/usuario/usuario_19.jpg',157674,1920,1080,NULL,NULL,0,0,'',0,'2026-04-18 18:56:18','2026-05-22 18:44:25','2026-04-18 18:56:22',1,NULL,NULL,NULL,NULL,NULL,NULL,NULL,0,NULL,NULL,NULL,NULL,NULL,NULL);
INSERT INTO `datosadjuntos` VALUES(54,'imagen','image/jpeg','1 .jpg','','',NULL,NULL,NULL,'uploads/usuario/usuario_20.jpg',142126,1920,1080,NULL,NULL,0,0,'',0,'2026-04-18 18:57:46','2026-05-22 18:44:25','2026-04-18 19:00:43',1,NULL,NULL,NULL,NULL,NULL,NULL,NULL,0,NULL,NULL,NULL,NULL,NULL,NULL);
INSERT INTO `datosadjuntos` VALUES(55,'imagen','image/jpeg','2012-12-04 16.23.42.jpg','2012-12-04 16.23.42.jpg',NULL,NULL,NULL,NULL,'uploads/usuario/usuario_21.jpg',60111,320,240,NULL,NULL,0,0,'',0,'2026-04-18 18:57:58','2026-05-22 18:44:25','2026-04-18 18:58:05',1,NULL,NULL,NULL,NULL,NULL,NULL,NULL,0,NULL,NULL,NULL,NULL,NULL,NULL);
INSERT INTO `datosadjuntos` VALUES(56,'imagen','image/jpeg','1 (13).jpg','','{"profile_object_x":54,"profile_object_y":65}',NULL,NULL,NULL,'uploads/usuario/usuario_22.jpg',67043,281,374,NULL,NULL,0,0,'',0,'2026-04-18 19:03:14','2026-05-22 18:44:25','2026-04-18 19:05:53',1,NULL,NULL,NULL,NULL,NULL,NULL,NULL,0,NULL,NULL,NULL,NULL,NULL,NULL);
INSERT INTO `datosadjuntos` VALUES(57,'imagen','image/jpeg','WIN_20251120_17_59_34_Pro.jpg','','{"profile_object_x":50,"profile_object_y":38,"profile_style":""}',NULL,NULL,NULL,'uploads/usuario/usuario_23.jpg',172902,1920,1080,NULL,NULL,0,0,'',0,'2026-04-18 19:06:04','2026-05-22 18:44:25','2026-04-18 19:29:47',1,NULL,NULL,NULL,NULL,NULL,NULL,NULL,0,NULL,NULL,NULL,NULL,NULL,NULL);
INSERT INTO `datosadjuntos` VALUES(58,'imagen','image/jpeg','1 .jpg','','{"profile_object_x":50,"profile_object_y":38,"profile_style":""}',NULL,NULL,NULL,'uploads/usuario/usuario_24.jpg',142126,1920,1080,NULL,NULL,0,0,'',0,'2026-04-18 19:30:19','2026-05-22 18:44:25','2026-04-18 19:37:23',1,NULL,NULL,NULL,NULL,NULL,NULL,NULL,0,NULL,NULL,NULL,NULL,NULL,NULL);
INSERT INTO `datosadjuntos` VALUES(59,'imagen','image/jpeg','1 .jpg','','{"profile_object_x":48,"profile_object_y":37,"profile_style":""}',NULL,NULL,NULL,'uploads/usuario/usuario_25.jpg',142126,1920,1080,NULL,NULL,0,0,'',0,'2026-04-18 19:37:27','2026-05-22 18:44:25','2026-04-22 18:09:19',1,NULL,NULL,NULL,NULL,NULL,NULL,NULL,0,NULL,NULL,NULL,NULL,NULL,NULL);
INSERT INTO `datosadjuntos` VALUES(60,'imagen','image/jpeg','1 (14).jpg','1 (14).jpg',NULL,NULL,NULL,NULL,'uploads/especies/tomate_19.jpg',46534,275,367,NULL,NULL,0,0,'No se visualiza un tomate, sino el retrato de un hombre.',0,'2026-04-19 18:30:56','2026-05-22 18:44:25','2026-04-19 18:31:11',1,3,NULL,NULL,NULL,NULL,NULL,NULL,0,NULL,NULL,NULL,NULL,NULL,NULL);
INSERT INTO `datosadjuntos` VALUES(61,'imagen','image/jpeg','8948c996-5e64-430d-8840-1666c59d46bd.jpg','8948c996-5e64-430d-8840-1666c59d46bd.jpg',NULL,NULL,NULL,NULL,'uploads/especies/tomate_20.jpg',150157,1024,559,NULL,NULL,0,0,'Tomate maduro en planta saludable con follaje vigoroso y flores.',0,'2026-04-20 09:08:38','2026-05-22 18:44:25','2026-04-20 09:08:59',1,3,NULL,NULL,NULL,NULL,NULL,NULL,0,NULL,NULL,NULL,NULL,NULL,NULL);
INSERT INTO `datosadjuntos` VALUES(62,'imagen','image/jpeg','8948c996-5e64-430d-8840-1666c59d46bd.jpg','8948c996-5e64-430d-8840-1666c59d46bd.jpg',NULL,NULL,NULL,NULL,'uploads/especies/tomate_21.jpg',150157,1024,559,NULL,NULL,0,0,'Tomate maduro y saludable rodeado de frutos verdes en crecimiento.',0,'2026-04-20 09:08:42','2026-05-22 18:44:25','2026-04-20 09:08:53',1,3,NULL,NULL,NULL,NULL,NULL,NULL,0,NULL,NULL,NULL,NULL,NULL,NULL);
INSERT INTO `datosadjuntos` VALUES(63,'imagen','image/jpeg','8948c996-5e64-430d-8840-1666c59d46bd.jpg','8948c996-5e64-430d-8840-1666c59d46bd.jpg',NULL,NULL,NULL,NULL,'uploads/especies/tomate_22.jpg',150157,1024,559,NULL,NULL,0,0,'Tomate maduro y saludable en planta con excelente vigor vegetativo.',0,'2026-04-20 09:09:20','2026-05-22 18:44:25','2026-04-20 09:11:34',1,3,NULL,NULL,NULL,NULL,NULL,NULL,0,NULL,NULL,NULL,NULL,NULL,NULL);
INSERT INTO `datosadjuntos` VALUES(64,'imagen','image/jpeg','8948c996-5e64-430d-8840-1666c59d46bd.jpg','8948c996-5e64-430d-8840-1666c59d46bd.jpg',NULL,NULL,NULL,NULL,'uploads/especies/tomate_23.jpg',150157,1024,559,NULL,NULL,0,0,'Tomate rojo maduro y saludable en planta con frutos verdes.',0,'2026-04-20 09:09:23','2026-05-22 18:44:25','2026-04-20 09:11:37',1,3,NULL,NULL,NULL,NULL,NULL,NULL,0,NULL,NULL,NULL,NULL,NULL,NULL);
INSERT INTO `datosadjuntos` VALUES(65,'imagen','image/jpeg','8948c996-5e64-430d-8840-1666c59d46bd.jpg','8948c996-5e64-430d-8840-1666c59d46bd.jpg',NULL,NULL,NULL,NULL,'uploads/especies/tomate_24.jpg',150157,1024,559,NULL,NULL,0,0,'Tomate rojo maduro y saludable en planta con follaje verde.',0,'2026-04-20 09:11:48','2026-05-22 18:44:25','2026-04-20 09:12:01',1,3,NULL,NULL,NULL,NULL,NULL,NULL,0,NULL,NULL,NULL,NULL,NULL,NULL);
INSERT INTO `datosadjuntos` VALUES(66,'imagen','image/jpeg','8948c996-5e64-430d-8840-1666c59d46bd.jpg','','',NULL,NULL,NULL,'uploads/especies/tomate_25.jpg',150157,1024,559,NULL,NULL,0,0,'Tomate rojo maduro y saludable en planta con frutos verdes.',0,'2026-04-20 09:12:20','2026-05-22 18:44:25','2026-04-20 10:02:12',1,3,NULL,NULL,NULL,NULL,NULL,NULL,0,NULL,NULL,NULL,NULL,NULL,NULL);
INSERT INTO `datosadjuntos` VALUES(67,'imagen','image/jpeg','8948c996-5e64-430d-8840-1666c59d46bd.jpg','8948c996-5e64-430d-8840-1666c59d46bd.jpg',NULL,NULL,NULL,NULL,'uploads/especies/tomate_26.jpg',150157,1024,559,NULL,NULL,0,0,'Tomate maduro y sano en planta con +',0,'2026-04-20 10:03:02','2026-05-22 18:44:25','2026-04-20 10:05:58',1,3,NULL,NULL,NULL,NULL,NULL,NULL,0,NULL,NULL,NULL,NULL,NULL,NULL);
INSERT INTO `datosadjuntos` VALUES(68,'imagen','image/jpeg','8948c996-5e64-430d-8840-1666c59d46bd.jpg','','',NULL,NULL,NULL,'uploads/especies/tomate_27.jpg',150157,1024,559,NULL,NULL,0,0,'Tomate rojo maduro en planta sana con follaje verde vigoroso.',0,'2026-04-20 10:06:18','2026-05-22 18:44:25','2026-04-22 18:12:17',1,3,NULL,NULL,NULL,NULL,NULL,NULL,0,NULL,NULL,NULL,NULL,NULL,NULL);
INSERT INTO `datosadjuntos` VALUES(69,'documento','application/pdf','RENF01CH517t.pdf','Manual de cultivo de tomate (Nicaragua)','Manual t+',NULL,'','uploads/especies/portadas/tomate_28.pdf_cover.jpg','uploads/especies/tomate_28.pdf',499275,0,0,NULL,NULL,0,0,'Detalle de Tomate (Imagen #28)',0,'2026-04-20 10:12:09','2026-04-26 15:51:15','2026-04-26 15:51:15',1,3,NULL,NULL,NULL,NULL,NULL,NULL,1,NULL,NULL,NULL,NULL,NULL,NULL);
INSERT INTO `datosadjuntos` VALUES(75,'imagen','image/jpeg','09c55399-1d41-46cd-84b1-b860fcc61281.jpg','','',NULL,NULL,NULL,'uploads/variedad/calabac-n-variedad-verde_1.jpg',164760,1024,559,NULL,NULL,1,0,'Calabac+',1,'2026-04-20 15:19:34','2026-05-22 18:44:25',NULL,NULL,NULL,34,NULL,NULL,NULL,NULL,NULL,0,NULL,NULL,NULL,NULL,NULL,NULL);
INSERT INTO `datosadjuntos` VALUES(95,'imagen','image/jpeg','1 (13).jpg','','{"profile_object_x":49,"profile_object_y":25,"profile_object_zoom":100,"profile_style":""}',NULL,NULL,NULL,'uploads/usuario/usuario_36.jpg',67043,281,374,NULL,NULL,0,0,'',0,'2026-04-22 18:11:58','2026-05-22 18:44:25','2026-04-23 19:42:05',1,NULL,NULL,NULL,NULL,NULL,NULL,NULL,0,NULL,NULL,NULL,NULL,NULL,NULL);
INSERT INTO `datosadjuntos` VALUES(96,'imagen','image/jpeg','usuario_36.jpg',NULL,'{"profile_object_x":49,"profile_object_y":25,"profile_object_zoom":100,"profile_brightness":100,"profile_contrast":100,"profile_style":"comic"}',NULL,NULL,NULL,'uploads/usuario/usuario_1_1776972805914.jpg',67043,NULL,NULL,NULL,NULL,0,2,NULL,0,'2026-04-23 19:33:26','2026-05-22 18:44:25','2026-05-02 12:58:04',1,NULL,NULL,NULL,NULL,NULL,NULL,NULL,0,NULL,NULL,NULL,NULL,NULL,NULL);
INSERT INTO `datosadjuntos` VALUES(97,'imagen','image/jpeg','WIN_20251030_18_10_16_Pro.jpg',NULL,'{"profile_object_x":48,"profile_object_y":22,"profile_object_zoom":190,"profile_style":""}',NULL,NULL,NULL,'uploads/usuario/usuario_1_1776973359871.jpg',85795,NULL,NULL,NULL,NULL,0,2,NULL,0,'2026-04-23 19:42:40','2026-05-22 18:44:25','2026-04-23 19:54:19',1,NULL,NULL,NULL,NULL,NULL,NULL,NULL,0,NULL,NULL,NULL,NULL,NULL,NULL);
INSERT INTO `datosadjuntos` VALUES(98,'imagen','image/jpeg','20221030_131338.jpg',NULL,'{"profile_object_x":59.641022035759924,"profile_object_y":15.340579710144926,"profile_object_zoom":230,"profile_style":""}',NULL,NULL,NULL,'uploads/usuario/usuario_1_1776974113151.jpg',1899717,NULL,NULL,NULL,NULL,0,2,NULL,0,'2026-04-23 19:55:13','2026-05-22 18:44:25','2026-05-02 12:58:02',1,NULL,NULL,NULL,NULL,NULL,NULL,NULL,0,NULL,NULL,NULL,NULL,NULL,NULL);
INSERT INTO `datosadjuntos` VALUES(99,'imagen','image/jpeg','1 (16).jpg',NULL,'{"profile_object_x":54,"profile_object_y":36,"profile_object_zoom":100,"profile_style":""}',NULL,NULL,NULL,'uploads/usuario/usuario_1_1776974156034.jpg',22183,NULL,NULL,NULL,NULL,0,3,NULL,0,'2026-04-23 19:55:56','2026-05-22 18:44:25','2026-04-23 19:56:51',1,NULL,NULL,NULL,NULL,NULL,NULL,NULL,0,NULL,NULL,NULL,NULL,NULL,NULL);
INSERT INTO `datosadjuntos` VALUES(100,'imagen','image/jpeg','20210529_115259.jpg',NULL,'{"profile_object_x":54.42496661751952,"profile_object_y":15.625923099508553,"profile_object_zoom":117,"profile_brightness":100,"profile_contrast":100,"profile_style":""}',NULL,NULL,NULL,'uploads/usuario/usuario_1_1776974200725.jpg',1221061,NULL,NULL,NULL,NULL,0,4,NULL,0,'2026-04-23 19:56:41','2026-05-22 18:44:25','2026-05-02 12:58:06',1,NULL,NULL,NULL,NULL,NULL,NULL,NULL,0,NULL,NULL,NULL,NULL,NULL,NULL);
INSERT INTO `datosadjuntos` VALUES(101,'imagen','image/jpeg','20221001_211125.jpg',NULL,'{"profile_object_x":47,"profile_object_y":37,"profile_object_zoom":100,"profile_brightness":90,"profile_contrast":149,"profile_style":""}',NULL,NULL,NULL,'uploads/usuario/usuario_1_1776974258619.jpg',489143,NULL,NULL,NULL,NULL,0,4,NULL,0,'2026-04-23 19:57:39','2026-05-22 18:44:25','2026-05-02 12:58:08',1,NULL,NULL,NULL,NULL,NULL,NULL,NULL,0,NULL,NULL,NULL,NULL,NULL,NULL);
INSERT INTO `datosadjuntos` VALUES(102,'imagen','image/jpeg','1000063946.jpg',NULL,'{"profile_object_x":14.747754630214445,"profile_object_y":63.5766747754491,"profile_object_zoom":265,"profile_brightness":62,"profile_contrast":100,"profile_style":""}',NULL,NULL,NULL,'uploads/usuario/usuario_20_1777055888195.jpg',166525,NULL,NULL,NULL,NULL,1,1,NULL,1,'2026-04-24 18:38:08','2026-05-22 18:44:25',NULL,20,NULL,NULL,NULL,NULL,NULL,NULL,NULL,0,NULL,NULL,NULL,NULL,NULL,NULL);
INSERT INTO `datosadjuntos` VALUES(103,'imagen','image/png','Gemini_Generated_Image_yivbjnyivbjnyivb.png',NULL,NULL,NULL,NULL,NULL,'uploads/especies/especie_3_1777210029363.png',2458950,NULL,NULL,NULL,NULL,0,1,NULL,0,'2026-04-26 13:27:07','2026-05-22 18:44:25','2026-04-26 13:41:43',NULL,3,NULL,NULL,NULL,NULL,NULL,NULL,0,NULL,NULL,NULL,NULL,NULL,NULL);
INSERT INTO `datosadjuntos` VALUES(104,'imagen','image/png','Gemini_Generated_Image_yivbjnyivbjnyivb.png',NULL,'{"profile_object_x":50,"profile_object_y":38,"profile_object_zoom":100,"profile_style":"","seo_alt":"Tomate rojo maduro en la planta con hojas verdes y gotas de agua."}',NULL,NULL,NULL,'uploads/especies/especie_3_1777210912258.png',2458950,NULL,NULL,NULL,NULL,0,1,NULL,0,'2026-04-26 13:41:55','2026-05-22 18:44:25','2026-04-26 13:44:17',NULL,3,NULL,NULL,NULL,NULL,NULL,NULL,0,NULL,NULL,NULL,NULL,NULL,NULL);
INSERT INTO `datosadjuntos` VALUES(105,'imagen','image/png','Gemini_Generated_Image_yivbjnyivbjnyivb.png',NULL,'{"profile_object_x":50,"profile_object_y":38,"profile_object_zoom":100,"profile_style":"","seo_alt":"Tomate rojo maduro en la planta con hojas verdes y gotas de agua."}',NULL,NULL,NULL,'uploads/especies/tomate-rojo-maduro-en-la-planta-con-hojas-verdes-y-gotas-de-agua-1777211105513.png',2458950,NULL,NULL,NULL,NULL,0,1,NULL,0,'2026-04-26 13:45:04','2026-05-22 18:44:25','2026-04-26 13:47:10',NULL,3,NULL,NULL,NULL,NULL,NULL,NULL,0,NULL,NULL,NULL,NULL,NULL,NULL);
INSERT INTO `datosadjuntos` VALUES(106,'imagen','image/png','Gemini_Generated_Image_yivbjnyivbjnyivb.png',NULL,'{"profile_object_x":48.020833333333336,"profile_object_y":37.6875,"profile_object_zoom":144,"profile_brightness":100,"profile_contrast":100,"profile_style":"","seo_alt":"Tomate rojo maduro con gotas de agua en la planta, rodeado de hojas verdes."}',NULL,NULL,NULL,'uploads/especies/tomate-rojo-maduro-con-gotas-de-agua-en-la-planta-rodeado-de-hojas-verdes-1777211239759.png',2458950,NULL,NULL,NULL,NULL,0,1,NULL,0,'2026-04-26 13:47:18','2026-05-22 18:44:25','2026-04-26 14:03:31',NULL,3,NULL,NULL,NULL,NULL,NULL,NULL,0,NULL,NULL,NULL,NULL,NULL,NULL);
INSERT INTO `datosadjuntos` VALUES(107,'imagen','image/jpeg','19845da7-ca5a-41d8-ba1a-603b327fce11.jpg',NULL,'{"profile_object_x":50,"profile_object_y":38,"profile_object_zoom":100,"profile_style":"","seo_alt":"Tomate rojo maduro con gotas de agua en la planta, en un huerto soleado."}',NULL,NULL,NULL,'uploads/especies/tomate-rojo-maduro-con-gotas-de-agua-en-la-planta-en-un-huerto-soleado-1777211815968.jpg',151543,NULL,NULL,NULL,NULL,0,2,NULL,0,'2026-04-26 13:56:54','2026-05-22 18:44:25','2026-04-26 14:03:33',NULL,3,NULL,NULL,NULL,NULL,NULL,NULL,0,NULL,NULL,NULL,NULL,NULL,NULL);
INSERT INTO `datosadjuntos` VALUES(108,'imagen','image/jpeg','8b940444-711f-45d2-a95e-4661ed6e8fe4.jpg',NULL,'{"profile_object_x":50,"profile_object_y":38,"profile_object_zoom":100,"profile_style":"","seo_alt":"Tomates rojos maduros con gotas de agua en una planta en el jardín."}',NULL,NULL,NULL,'uploads/especies/tomates-rojos-maduros-con-gotas-de-agua-en-una-planta-en-el-jardin-1777211984964.jpg',140829,NULL,NULL,NULL,NULL,0,3,NULL,0,'2026-04-26 13:59:43','2026-05-22 18:44:25','2026-04-26 14:03:36',NULL,3,NULL,NULL,NULL,NULL,NULL,NULL,0,NULL,NULL,NULL,NULL,NULL,NULL);
INSERT INTO `datosadjuntos` VALUES(109,'imagen','image/jpeg','8b940444-711f-45d2-a95e-4661ed6e8fe4.jpg',NULL,'{"profile_object_x":50,"profile_object_y":38,"profile_object_zoom":100,"profile_style":"","seo_alt":"Tomates rojos maduros con gotas de agua en una planta en un huerto soleado."}',NULL,NULL,NULL,'uploads/especies/tomates-rojos-maduros-con-gotas-de-agua-en-una-planta-en-un-huerto-soleado-1777212226342.webp',140829,NULL,NULL,NULL,NULL,0,1,NULL,0,'2026-04-26 14:03:45','2026-05-22 18:44:25','2026-04-26 14:34:37',NULL,3,NULL,NULL,NULL,NULL,NULL,NULL,0,NULL,NULL,NULL,NULL,NULL,NULL);
INSERT INTO `datosadjuntos` VALUES(110,'imagen','image/jpeg','552718e0-a8f3-4dfd-9c94-e4249cdc16cd.jpg',NULL,'{"profile_object_x":50,"profile_object_y":38,"profile_object_zoom":138,"profile_brightness":100,"profile_contrast":100,"profile_style":"","seo_alt":"Tomate rojo maduro con gotas de agua en una planta de huerto."}',NULL,NULL,NULL,'uploads/especies/tomate-rojo-maduro-con-gotas-de-agua-en-una-planta-de-huerto-1777212233024.webp',151543,NULL,NULL,NULL,NULL,0,2,NULL,0,'2026-04-26 14:03:51','2026-05-22 18:44:25','2026-04-26 14:34:35',NULL,3,NULL,NULL,NULL,NULL,NULL,NULL,0,NULL,NULL,NULL,NULL,NULL,NULL);
INSERT INTO `datosadjuntos` VALUES(111,'imagen','image/jpeg','c5ba5775-648e-4729-aa66-10f43fb6ce75.jpg',NULL,'{"profile_object_x":50,"profile_object_y":38,"profile_object_zoom":151,"profile_brightness":100,"profile_contrast":100,"profile_style":"","seo_alt":"Tomate rojo maduro en planta con hojas verdes y tomates verdes."}',NULL,NULL,NULL,'uploads/especies/tomate-rojo-maduro-en-planta-con-hojas-verdes-y-tomates-verdes-1777212246151.webp',150157,NULL,NULL,NULL,NULL,0,3,NULL,0,'2026-04-26 14:04:04','2026-05-22 18:44:25','2026-04-26 14:34:40',NULL,3,NULL,NULL,NULL,NULL,NULL,NULL,0,NULL,NULL,NULL,NULL,NULL,NULL);
INSERT INTO `datosadjuntos` VALUES(112,'imagen','image/jpeg','blob',NULL,'{"profile_object_x":50,"profile_object_y":38,"profile_object_zoom":100,"profile_style":"","seo_alt":"Tomate rojo maduro en planta con hojas verdes y tomates verdes.","dominant_color":"rgb(24, 56, 8)","vibrant_color":"#d02b0c","blurhash":"LGD,6+0gpGpC~mNGjcV[O?M|$7Vu","exif_data":null}',NULL,NULL,NULL,'uploads/especies/tomate-rojo-maduro-en-planta-con-hojas-verdes-y-tomates-verdes-1777214090621.webp',130863,NULL,NULL,NULL,NULL,0,1,NULL,0,'2026-04-26 14:34:52','2026-05-22 18:44:25','2026-04-26 14:37:34',NULL,3,NULL,NULL,NULL,NULL,NULL,NULL,0,NULL,NULL,NULL,NULL,NULL,NULL);
INSERT INTO `datosadjuntos` VALUES(113,'imagen','image/jpeg','blob',NULL,'{"profile_object_x":50,"profile_object_y":50,"profile_object_zoom":100,"profile_style":"","seo_alt":"Tomate rojo maduro en planta con hojas verdes y tomates verdes.","dominant_color":"rgb(24, 56, 8)","vibrant_color":"#d02b0c","blurhash":"LGD,6+0gpGpC~mNGjcV[O?M|$7Vu","exif_data":null}',NULL,NULL,NULL,'uploads/especies/tomate-rojo-maduro-en-planta-con-hojas-verdes-y-tomates-verdes-1777214280437.webp',130863,NULL,NULL,NULL,NULL,0,1,NULL,0,'2026-04-26 14:37:59','2026-05-22 18:44:25','2026-04-26 14:38:17',NULL,3,NULL,NULL,NULL,NULL,NULL,NULL,0,NULL,NULL,NULL,NULL,NULL,NULL);
INSERT INTO `datosadjuntos` VALUES(114,'imagen','image/jpeg','blob',NULL,'{"profile_object_x":50,"profile_object_y":50,"profile_object_zoom":100,"profile_style":"","seo_alt":"Tomate rojo maduro en planta con hojas verdes y tomates inmaduros.","dominant_color":"rgb(24, 56, 8)","vibrant_color":"#d02b0c","blurhash":"LGD,6+0gpGpC~mNGjcV[O?M|$7Vu","exif_data":null}',NULL,NULL,NULL,'uploads/especies/tomate-rojo-maduro-en-planta-con-hojas-verdes-y-tomates-inmaduros-1777214351735.webp',130863,NULL,NULL,NULL,NULL,0,1,NULL,0,'2026-04-26 14:39:11','2026-05-22 18:44:25','2026-04-26 14:40:42',NULL,3,NULL,NULL,NULL,NULL,NULL,NULL,0,NULL,NULL,NULL,NULL,NULL,NULL);
INSERT INTO `datosadjuntos` VALUES(115,'imagen','image/jpeg','blob',NULL,'{"profile_object_x":50,"profile_object_y":50,"profile_object_zoom":100,"profile_style":"","seo_alt":"Tomate rojo maduro con gotas de agua en planta verde de huerto.","dominant_color":"rgb(24, 56, 8)","vibrant_color":"#d02b0c","blurhash":"LGD,6+0gpGpC~mNGjcV[O?M|$7Vu","exif_data":null}',NULL,NULL,NULL,'uploads/especies/tomate-rojo-maduro-con-gotas-de-agua-en-planta-verde-de-huerto-1777214451174.webp',130863,NULL,NULL,NULL,NULL,0,1,NULL,0,'2026-04-26 14:40:50','2026-05-22 18:44:25','2026-04-26 14:43:04',NULL,3,NULL,NULL,NULL,NULL,NULL,NULL,0,NULL,NULL,NULL,NULL,NULL,NULL);
INSERT INTO `datosadjuntos` VALUES(116,'imagen','image/jpeg','blob',NULL,'{"profile_object_x":50,"profile_object_y":50,"profile_object_zoom":144,"profile_brightness":100,"profile_contrast":100,"profile_style":"","seo_alt":"Tomate rojo maduro en planta con hojas verdes y tomates verdes en huerto."}',NULL,NULL,NULL,'uploads/especies/tomate-rojo-maduro-en-planta-con-hojas-verdes-y-tomates-verdes-en-huerto-1777214593185.webp',130863,NULL,NULL,NULL,NULL,0,1,NULL,0,'2026-04-26 14:43:12','2026-05-22 18:44:25','2026-05-06 20:13:29',NULL,3,NULL,NULL,NULL,NULL,NULL,NULL,0,NULL,NULL,NULL,NULL,NULL,NULL);
INSERT INTO `datosadjuntos` VALUES(117,'imagen','image/jpeg','blob',NULL,'{"profile_object_x":50,"profile_object_y":50,"profile_object_zoom":140,"profile_brightness":100,"profile_contrast":100,"profile_style":"","seo_alt":""}',NULL,NULL,NULL,'uploads/especies/tomate-1777214610450.webp',150004,NULL,NULL,NULL,NULL,0,2,NULL,0,'2026-04-26 14:43:29','2026-05-22 18:44:25','2026-04-26 14:44:18',NULL,3,NULL,NULL,NULL,NULL,NULL,NULL,0,NULL,NULL,NULL,NULL,NULL,NULL);
INSERT INTO `datosadjuntos` VALUES(118,'imagen','image/jpeg','blob',NULL,'{"profile_object_x":50,"profile_object_y":50,"profile_object_zoom":100,"profile_style":"","seo_alt":"","dominant_color":"rgb(8, 40, 8)","vibrant_color":"#d9742b","blurhash":"LKE{E#0MK$%G~nEKkDoITvRQ,Haf","exif_data":null}',NULL,NULL,NULL,'uploads/especies/tomate-1777214625442.webp',140803,NULL,NULL,NULL,NULL,0,3,NULL,0,'2026-04-26 14:43:44','2026-05-22 18:44:25','2026-04-26 14:44:21',NULL,3,NULL,NULL,NULL,NULL,NULL,NULL,0,NULL,NULL,NULL,NULL,NULL,NULL);
INSERT INTO `datosadjuntos` VALUES(119,'imagen','image/jpeg','blob',NULL,'{"profile_object_x":50,"profile_object_y":50,"profile_object_zoom":100,"profile_style":"","seo_alt":"","dominant_color":"rgb(8, 40, 8)","vibrant_color":"#d88429","blurhash":"LLDmA^0LcEtK~nE1s=V@TJM{$kVu","exif_data":null}',NULL,NULL,NULL,'uploads/especies/tomate-1777214669675.webp',150004,NULL,NULL,NULL,NULL,0,2,NULL,0,'2026-04-26 14:44:28','2026-05-22 18:44:25','2026-04-26 14:45:06',NULL,3,NULL,NULL,NULL,NULL,NULL,NULL,0,NULL,NULL,NULL,NULL,NULL,NULL);
INSERT INTO `datosadjuntos` VALUES(120,'imagen','image/jpeg','blob',NULL,'{"profile_object_x":50,"profile_object_y":50,"profile_object_zoom":100,"profile_style":"","seo_alt":"","dominant_color":"rgb(8, 40, 8)","vibrant_color":"#d88429","blurhash":"LLDmA^0LcEtK~nE1s=V@TJM{$kVu","exif_data":null}',NULL,NULL,NULL,'uploads/especies/tomate-1777214743053.webp',150004,NULL,NULL,NULL,NULL,0,2,NULL,0,'2026-04-26 14:45:42','2026-05-22 18:44:25','2026-04-26 14:45:57',NULL,3,NULL,NULL,NULL,NULL,NULL,NULL,0,NULL,NULL,NULL,NULL,NULL,NULL);
INSERT INTO `datosadjuntos` VALUES(121,'imagen','image/jpeg','blob',NULL,'{"profile_object_x":50,"profile_object_y":50,"profile_object_zoom":132,"profile_brightness":100,"profile_contrast":100,"profile_style":"","seo_alt":"Tomate rojo maduro con gotas de agua en la planta, con hojas verdes y tutores."}',NULL,NULL,NULL,'uploads/especies/tomate-rojo-maduro-con-gotas-de-agua-en-la-planta-con-hojas-verdes-y-tutores-1777214766014.webp',150004,NULL,NULL,NULL,NULL,0,2,NULL,0,'2026-04-26 14:46:05','2026-05-22 18:44:25','2026-05-06 20:13:31',NULL,3,NULL,NULL,NULL,NULL,NULL,NULL,0,NULL,NULL,NULL,NULL,NULL,NULL);
INSERT INTO `datosadjuntos` VALUES(122,'imagen','image/jpeg','blob',NULL,'{"profile_object_x":50,"profile_object_y":38,"profile_object_zoom":100,"profile_brightness":100,"profile_contrast":100,"profile_style":"","seo_alt":""}',NULL,NULL,NULL,'uploads/especies/tomate-1777214777799.webp',140803,NULL,NULL,NULL,NULL,0,3,NULL,0,'2026-04-26 14:46:16','2026-05-22 18:44:25','2026-04-26 14:54:59',NULL,3,NULL,NULL,NULL,NULL,NULL,NULL,0,NULL,NULL,NULL,NULL,NULL,NULL);
INSERT INTO `datosadjuntos` VALUES(123,'imagen','image/jpeg','blob',NULL,'{"profile_object_x":50,"profile_object_y":50,"profile_object_zoom":100,"profile_style":"","seo_alt":"","dominant_color":"rgb(8, 40, 8)","vibrant_color":"#c24a18","blurhash":"LJDvc40Mtk%G~nEKf,j=yBRQwzaf","exif_data":null}',NULL,NULL,NULL,'uploads/especies/tomate-1777215232323.webp',140571,NULL,NULL,NULL,NULL,0,4,NULL,0,'2026-04-26 14:53:52','2026-05-22 18:44:25','2026-04-26 14:54:37',NULL,3,NULL,NULL,NULL,NULL,NULL,NULL,0,NULL,NULL,NULL,NULL,NULL,NULL);
INSERT INTO `datosadjuntos` VALUES(124,'imagen','image/jpeg','blob',NULL,'{"profile_object_x":50,"profile_object_y":50,"profile_object_zoom":100,"profile_style":"","seo_alt":"","dominant_color":"rgb(8, 40, 8)","vibrant_color":"#d9742b","blurhash":"LKE{E#0MK$%G~nEKkDoITvRQ,Haf","exif_data":null}',NULL,NULL,NULL,'uploads/especies/tomate-1777215342198.webp',140803,NULL,NULL,NULL,NULL,0,3,NULL,0,'2026-04-26 14:55:41','2026-05-22 18:44:25','2026-04-26 14:55:57',NULL,3,NULL,NULL,NULL,NULL,NULL,NULL,0,NULL,NULL,NULL,NULL,NULL,NULL);
INSERT INTO `datosadjuntos` VALUES(125,'imagen','image/jpeg','blob',NULL,'{"profile_object_x":50,"profile_object_y":50,"profile_object_zoom":100,"profile_style":"","seo_alt":"","dominant_color":"rgb(8, 40, 8)","vibrant_color":"#d9742b","blurhash":"LKE{E#0MK$%G~nEKkDoITvRQ,Haf","exif_data":null}',NULL,NULL,NULL,'uploads/especies/tomate-1777215361860.webp',140803,NULL,NULL,NULL,NULL,0,3,NULL,0,'2026-04-26 14:56:01','2026-05-22 18:44:25','2026-04-26 14:57:05',NULL,3,NULL,NULL,NULL,NULL,NULL,NULL,0,NULL,NULL,NULL,NULL,NULL,NULL);
INSERT INTO `datosadjuntos` VALUES(126,'imagen','image/jpeg','blob',NULL,'{"profile_object_x":50,"profile_object_y":50,"profile_object_zoom":100,"profile_style":"","seo_alt":"","dominant_color":"rgb(8, 40, 8)","vibrant_color":"#d9742b","blurhash":"LKE{E#0MK$%G~nEKkDoITvRQ,Haf","exif_data":null}',NULL,NULL,NULL,'uploads/especies/tomate-1777215464700.webp',140803,NULL,NULL,NULL,NULL,0,3,NULL,0,'2026-04-26 14:57:43','2026-05-22 18:44:25','2026-04-26 14:57:56',NULL,3,NULL,NULL,NULL,NULL,NULL,NULL,0,NULL,NULL,NULL,NULL,NULL,NULL);
INSERT INTO `datosadjuntos` VALUES(127,'imagen','image/jpeg','blob',NULL,'{"profile_object_x":50,"profile_object_y":50,"profile_object_zoom":100,"profile_style":"","seo_alt":"","dominant_color":"rgb(8, 40, 8)","vibrant_color":"#d9742b","blurhash":"LKE{E#0MK$%G~nEKkDoITvRQ,Haf","exif_data":null}',NULL,NULL,NULL,'uploads/especies/tomate-1777215480301.webp',140803,NULL,NULL,NULL,NULL,0,3,NULL,0,'2026-04-26 14:57:59','2026-05-22 18:44:25','2026-04-26 15:01:23',NULL,3,NULL,NULL,NULL,NULL,NULL,NULL,0,NULL,NULL,NULL,NULL,NULL,NULL);
INSERT INTO `datosadjuntos` VALUES(128,'imagen','image/jpeg','blob',NULL,'{"profile_object_x":50,"profile_object_y":50,"profile_object_zoom":100,"profile_style":"","seo_alt":"Tomates rojos maduros con gotas de agua en la planta, jardín soleado.","dominant_color":"rgb(8, 40, 8)","vibrant_color":"#d9742b","blurhash":"LKE{E#0MK$%G~nEKkDoITvRQ,Haf","exif_data":null}',NULL,NULL,NULL,'uploads/especies/tomates-rojos-maduros-con-gotas-de-agua-en-la-planta-jardin-soleado-1777215694707.webp',140803,NULL,NULL,NULL,NULL,0,3,NULL,0,'2026-04-26 15:01:33','2026-05-22 18:44:25','2026-05-06 20:13:33',NULL,3,NULL,NULL,NULL,NULL,NULL,NULL,0,NULL,NULL,NULL,NULL,NULL,NULL);
INSERT INTO `datosadjuntos` VALUES(129,'imagen','image/jpeg','blob',NULL,'{"profile_object_x":50,"profile_object_y":50,"profile_object_zoom":100,"profile_style":"","seo_alt":"Planta de tomate cherry en maceta con frutos rojos, naranjas y amarillos.","dominant_color":"rgb(8, 24, 8)","vibrant_color":"#d97e19","blurhash":"LJEVcW0Mt+-i~n9tt8WU%eM|xGi|","exif_data":null}',NULL,NULL,NULL,'uploads/especies/planta-de-tomate-cherry-en-maceta-con-frutos-rojos-naranjas-y-amarillos-1777215708198.webp',174469,NULL,NULL,NULL,NULL,0,4,NULL,0,'2026-04-26 15:01:47','2026-05-22 18:44:25','2026-04-26 15:08:39',NULL,3,NULL,NULL,NULL,NULL,NULL,NULL,0,NULL,NULL,NULL,NULL,NULL,NULL);
INSERT INTO `datosadjuntos` VALUES(130,'imagen','image/jpeg','blob',NULL,'{"profile_object_x":50,"profile_object_y":50,"profile_object_zoom":100,"profile_style":"","seo_alt":"Cortando un tomate kumato o negro en rodajas sobre tabla de madera.","dominant_color":"rgb(24, 24, 8)","vibrant_color":"#a43c16","blurhash":"LIHw}k00_N-6^jsp%2%19Y%g9ZI;","exif_data":null}',NULL,NULL,NULL,'uploads/especies/cortando-un-tomate-kumato-o-negro-en-rodajas-sobre-tabla-de-madera-1777215767654.webp',85040,NULL,NULL,NULL,NULL,0,5,NULL,0,'2026-04-26 15:02:46','2026-05-22 18:44:25','2026-04-26 15:08:37',NULL,3,NULL,NULL,NULL,NULL,NULL,NULL,0,NULL,NULL,NULL,NULL,NULL,NULL);
INSERT INTO `datosadjuntos` VALUES(131,'imagen','image/jpeg','blob',NULL,'{"profile_object_x":50,"profile_object_y":50,"profile_object_zoom":100,"profile_style":"","seo_alt":"Planta de tomate cherry en maceta con frutos de varios colores y madurez.","dominant_color":"rgb(8, 24, 8)","vibrant_color":"#d77e16","blurhash":"LIEL[s0Mt+-i~n9ttQWU%eM|xGi|","exif_data":null}',NULL,NULL,NULL,'uploads/especies/planta-de-tomate-cherry-en-maceta-con-frutos-de-varios-colores-y-madurez-1777216195522.webp',163494,NULL,NULL,NULL,NULL,0,4,NULL,0,'2026-04-26 15:09:55','2026-05-22 18:44:25','2026-05-06 20:13:35',NULL,3,NULL,NULL,NULL,NULL,NULL,NULL,0,NULL,NULL,NULL,NULL,NULL,NULL);
INSERT INTO `datosadjuntos` VALUES(132,'documento','application/pdf','Documento_Web','Poda y Entutorado del Tomate','',NULL,NULL,NULL,'https://vertexaisearch.cloud.google.com/grounding-api-redirect/AUZIYQFdL0tEMEdVsPZyn_0L2ahpxUdjCYVC0trKa-hlL65JpetW8nqqtTzbnxqu-aJVJPxy4KaMpPGWDm-OBmEBohs_it-kWQHPDBbx6_5ctYpjCl7pXnrb4d8oKd_LB-nrp19ty_HOSttII2Yl4GZvQaaY2Y7nO1SrPqSoJuvM7_3k6Fw=',0,NULL,NULL,NULL,NULL,0,1,NULL,0,'2026-04-26 16:52:03','2026-04-26 16:52:55','2026-04-26 16:52:55',NULL,3,NULL,NULL,NULL,NULL,NULL,NULL,1,NULL,NULL,NULL,NULL,NULL,NULL);
INSERT INTO `datosadjuntos` VALUES(133,'documento','application/pdf','Documento_Web','Poda y entutorado del tomate','Este documento del Ministerio de Agricultura de España detalla las prácticas culturales esenciales para el cultivo intensivo de tomate, tanto en invernadero como al aire libre. Aporta metodologías específicas para la poda de formación, el despunte, el deshojado y el entutorado. Explica que la poda limita el número de tallos, lo que resulta en frutos de mayor calidad (tamaño, uniformidad de color, tersura) y mayor precocidad. También facilita las labores de cultivo, el control de plagas y enfermedades, y la recolección. Se describen métodos de poda como dejar uno o dos tallos principales y eliminar los brotes axilares, así como técnicas específicas como la "poda Curro" y la "poda en candelabro". Además, aborda los sistemas de entutorado con cuerdas o alambres en invernaderos y el tradicional "caballete", señalando sus ventajas y desventajas.',NULL,NULL,NULL,'https://web.archive.org/web/2/https://vertexaisearch.cloud.google.com/grounding-api-redirect/AUZIYQHgMh-cMAXxM4eK7A2-YSowLyz22hiyx38RfLVPn920uJEtypnsozsxt0ksF6RpeuGdr5vRCKlHeHiIWNRZgcJtC1PZDsiz8No8geOS9UNBiMCLbs5kqce3GrelWLnwMtC6p2daXpx5zMllHBDVu3qlSIcnPsflDJIiFXE6ZKn5DM0t',0,NULL,NULL,NULL,NULL,0,1,NULL,0,'2026-04-26 17:02:57','2026-04-26 17:10:40','2026-04-26 17:10:40',NULL,3,NULL,NULL,NULL,NULL,NULL,NULL,1,NULL,NULL,NULL,NULL,NULL,NULL);
INSERT INTO `datosadjuntos` VALUES(134,'documento','application/pdf','Documento_Web','Poda y entutorado del tomate','Este documento, parte de las "Hojas Divulgadoras del Ministerio de Agricultura" de España, se centra en las técnicas de poda y entutorado necesarias para el cultivo intensivo de tomate, tanto en invernadero como al aire libre. Describe el "destallado" o "desbrote" como una operación fundamental para limitar el número de tallos, lo que resulta en una mayor precocidad, frutos de mayor tamaño, mejor uniformidad de color, mayor tersura y limpieza, facilidad en las prácticas de cultivo, mejor control de plagas y enfermedades, y mayor rapidez en la recolección. El manual detalla diferentes formas de poda, incluyendo la eliminación de brotes axilares dejando uno o dos tallos principales, y la poda del "curro". También aborda los factores que influyen en el número de brazos a dejar (marco de plantación, precocidad deseada, mano de obra, variedad y clima) y presenta diversos sistemas de entutorado.','',NULL,NULL,'https://web.archive.org/web/2/https://www.mapa.gob.es/ministerio/pags/biblioteca/hojas/hd_1973_1974_19.pdf',0,NULL,NULL,NULL,NULL,0,1,NULL,0,'2026-04-26 17:39:04','2026-04-26 17:39:23','2026-04-26 17:39:23',NULL,3,NULL,NULL,NULL,NULL,NULL,NULL,1,NULL,NULL,NULL,NULL,NULL,NULL);
INSERT INTO `datosadjuntos` VALUES(135,'documento','application/pdf','Documento_Web','Poda y entutorado del tomate','Este documento, parte de las "Hojas Divulgadoras del Ministerio de Agricultura" de España, se centra en las técnicas de poda y entutorado necesarias para el cultivo intensivo de tomate, tanto en invernadero como al aire libre. Describe el "destallado" o "desbrote" como una operación fundamental para limitar el número de tallos, lo que resulta en una mayor precocidad, frutos de mayor tamaño, mejor uniformidad de color, mayor tersura y limpieza, facilidad en las prácticas de cultivo, mejor control de plagas y enfermedades, y mayor rapidez en la recolección. El manual detalla diferentes formas de poda, incluyendo la eliminación de brotes axilares dejando uno o dos tallos principales, y la poda del "curro". También aborda los factores que influyen en el número de brazos a dejar (marco de plantación, precocidad deseada, mano de obra, variedad y clima) y presenta diversos sistemas de entutorado.','',NULL,NULL,'https://web.archive.org/web/2/https://www.mapa.gob.es/ministerio/pags/biblioteca/hojas/hd_1973_1974_19.pdf',0,NULL,NULL,NULL,NULL,0,2,NULL,0,'2026-04-26 17:39:04','2026-04-26 17:39:21','2026-04-26 17:39:21',NULL,3,NULL,NULL,NULL,NULL,NULL,NULL,1,NULL,NULL,NULL,NULL,NULL,NULL);
INSERT INTO `datosadjuntos` VALUES(136,'documento','application/pdf','Documento_Web','mapa.gob.es','Este documento de la Extensión Cooperativa de Alabama (Alabama Cooperative Extension System) proporciona técnicas de poda para la producción de tomates frescos, con el objetivo de lograr plantas más saludables y frutos de mayor tamaño. Explica que la poda ayuda a mantener un equilibrio entre el crecimiento vegetativo y reproductivo, evitando el crecimiento excesivo del follaje que podría reducir el tamaño del fruto. Recomienda la poda moderada para obtener vides más pequeñas y frutos más grandes que maduran antes, además de mantener las plantas y frutos alejados del suelo para controlar enfermedades. El método más común descrito es la poda a dos tallos, eliminando los brotes laterales (chupones) que aparecen en las axilas de cada hoja, especialmente los que se encuentran inmediatamente debajo del primer racimo floral. Se aconseja eliminar los chupones cuando son pequeños (no más de 2 a 4 pulgadas de longitud) para evitar el desperdicio de energía de la planta y reducir los puntos de entrada para patógenos. También se recomienda podar temprano en la mañana, después de que las plantas se hayan secado.','',NULL,NULL,'https://web.archive.org/web/2/https://vertexaisearch.cloud.google.com/grounding-api-redirect/AUZIYQGIZRjB6p-RMJQSIrqZRmkmIzA_Qp1uvI_VqZQx5doWEB_T-AWTxIKa5IbDrDM4F8dyRUvovFiXRLOljznwiR1uOezIkz6_-cLDBhc8bXLy4WzfdNcwEGF6HC6z9tfSXomjXKKHFUForVYWiUJnUwWcyLv1iNRrStHcksZhSMZGDQg=',0,NULL,NULL,NULL,NULL,0,1,NULL,0,'2026-04-26 17:44:00','2026-04-26 17:45:50','2026-04-26 17:45:50',NULL,3,NULL,NULL,NULL,NULL,NULL,NULL,1,NULL,NULL,NULL,NULL,NULL,NULL);
INSERT INTO `datosadjuntos` VALUES(137,'documento','application/pdf','Documento_Web','mapa.gob.es','Informe técnico del INTA (Argentina) que aborda las prácticas culturales esenciales de conducción y poda en el cultivo de tomate, destacando su importancia para la rentabilidad, la calidad del fruto y el control de plagas y enfermedades en sistemas intensivos.','- **Contexto:** El cultivo intensivo de tomate (en invernadero o al aire libre) requiere prácticas culturales específicas para obtener una buena producción y rentabilidad.\n- **Prácticas imprescindibles:** Poda o destallado, despunte o pinzamiento de los tallos, deshojado o limpieza de hojas, y entutorado o enrame.\n- **Poda o destallado:**\n  - **Objetivo:** Encauzar el desarrollo de la vegetación, limitar el número de tallos y, por tanto, la cantidad de fruto por planta, a cambio de una mayor precocidad.\n  - **Ventajas:** Mayor calidad de los frutos (mayor tamaño, uniformidad de color, más tersos y limpios), mayor facilidad en las prácticas de cultivo, mejor control de plagas y enfermedades, mayor rapidez y comodidad en la recolección, y aumento de la producción por unidad de superficie (al cultivar más plantas).\n  - **Inconvenientes:** Excesiva mano de obra.\n  - **Método:** Consiste en dejar varios tallos guía y cortar todos los brotes que salen en las axilas de las hojas de esos tallos.\n- **Formas de poda:**\n  - **Poda normal (más usada):** Se deja el tallo principal y uno o dos hijos que brotan en las axilas de las hojas de ese tallo; se desbrotan todos los hijuelos que salen en los dos o tres brazos que se dejan.\n  - **Poda "Curro":** Se dejan uno o dos tallos que se deshijan a medida que la planta crece, y se deja otro tallo denominado "curro" al cual se le despuntan o cortan la yema terminal inmediatamente después de formado el primer racimo de flores.\n  - **Poda en candelabro simple:** Se describe un esquema donde la planta queda con dos tallos principales y dos secundarios.\n- **Despunte o pinzamiento:** Se refiere a cortar la yema terminal de los tallos para detener su crecimiento y fomentar el desarrollo de frutos existentes.\n- **Deshojado:** Eliminación de hojas, especialmente las inferiores o enfermas, para mejorar la aireación y reducir la incidencia de plagas y enfermedades.',NULL,NULL,'https://web.archive.org/web/2/https://vertexaisearch.cloud.google.com/grounding-api-redirect/AUZIYQFdPOERc1H33iokpp7j3HtbCxdW-bQ9pV5_RCW4M2IP4-CiNUyGF1Ar5HN7diKs8mJUPE3vBOwtsa5UHAMvvHZ0ldfjFI1CoTgzhqWd-CQcTGvLM-2YUJMRcNBOeYa9kJ-GiLEsU5QtUDoE9KtMt55kbs5VRHSw_vII3mvUq9dSDlal',0,NULL,NULL,NULL,NULL,0,1,NULL,0,'2026-04-26 17:46:49','2026-04-26 17:48:56','2026-04-26 17:48:56',NULL,3,NULL,NULL,NULL,NULL,NULL,NULL,1,NULL,NULL,NULL,NULL,NULL,NULL);
INSERT INTO `datosadjuntos` VALUES(138,'documento','application/pdf','Documento_Web','mapa.gob.es','Este documento del Ministerio de Agricultura detalla las técnicas de poda y destallado en el cultivo intensivo de tomate, tanto en invernadero como al aire libre, buscando optimizar la producción y calidad del fruto.','Apuntes de estudiante:\n*   La poda o destallado es una práctica cultural imprescindible en el cultivo intensivo de tomate para asegurar la rentabilidad.\n*   Su objetivo principal es encauzar el desarrollo vegetativo, limitando el número de tallos para lograr mayor precocidad y una mejor calidad de los frutos (mayor tamaño, uniformidad de color, tersura y limpieza).\n*   Entre las ventajas adicionales se incluyen: mayor facilidad en las prácticas de cultivo, mejor control de plagas y enfermedades, mayor rapidez y comodidad en la recolección, y un aumento de la producción por unidad de superficie.\n*   El principal inconveniente es la considerable mano de obra que requiere esta práctica y las operaciones asociadas como el entutorado.\n*   Se describen diferentes formas de poda:\n    *   **Poda normal:** Consiste en dejar el tallo principal y uno o dos hijos que brotan de las axilas de las hojas de ese tallo, eliminando todos los demás hijuelos.\n    *   **Poda \'Curro\':** Se dejan uno o dos tallos principales y un tallo adicional denominado \'curro\', al cual se le despuntará la yema terminal inmediatamente después de la formación del primer racimo de flores.\n    *   **Poda en candelabro simple:** La planta se configura para tener dos tallos principales y dos secundarios.\n*   El destallado implica dejar varios tallos guía y cortar todos los brotes que emergen de las axilas de las hojas de esos tallos.\n*   Se autoriza la reproducción íntegra de la publicación mencionando su origen: «Hojas Divulgadoras del Ministerio de Agricultura».',NULL,'https://storage.googleapis.com/verdantia-494121.firebasestorage.app/uploads/especies_pdfs_covers/cover_3_138_1778428712910.jpg','https://web.archive.org/web/2/https://www.mapa.gob.es/ministerio/pags/biblioteca/hojas/hd_1973_19.pdf',0,NULL,NULL,NULL,NULL,0,1,NULL,0,'2026-04-26 17:49:39','2026-05-12 10:13:41','2026-05-12 10:13:41',NULL,3,NULL,NULL,NULL,NULL,NULL,NULL,1,NULL,NULL,NULL,NULL,NULL,NULL);
INSERT INTO `datosadjuntos` VALUES(139,'documento','application/pdf','Documento_Web','icta.gob.gt','Este manual del Instituto de Ciencia y Tecnología Agrícolas (ICTA) de Guatemala ofrece recomendaciones técnicas para el cultivo de tomate bajo invernadero, incluyendo pautas específicas para la frecuencia de poda según las condiciones climáticas.','Apuntes de estudiante:\n*   El manual es el resultado de la colaboración entre el Ministerio de Agricultura Ganadería y Alimentación (MAGA) de Guatemala, el ICTA y la Agencia de Cooperación Internacional del Japón (JICA).\n*   Proporciona recomendaciones técnicas para el cultivo de tomate, papa, frijol y haba bajo invernadero, con el fin de mejorar la producción de alimentos y la seguridad alimentaria de las comunidades rurales.\n*   **Frecuencia de poda del tomate según el clima:**\n    *   En condiciones frías del altiplano, se recomienda podar el tomate una vez a la semana.\n    *   En climas templados, la frecuencia de poda aumenta a dos veces por semana.\n*   Es crucial que los brotes axilares a podar tengan una longitud de 2.5 a 5 centímetros.\n*   Las variedades de tomate a las que se refieren estas recomendaciones son de hábito de crecimiento indeterminado, lo que significa que continúan su crecimiento después de la floración con una guía.',NULL,'https://storage.googleapis.com/verdantia-494121.firebasestorage.app/uploads/especies_pdfs_covers/cover_3_139_1778428755684.jpg','https://web.archive.org/web/2/https://www.icta.gob.gt/publicaciones/Frijol/Manual%20cultivos.pdf',0,NULL,NULL,NULL,NULL,0,2,NULL,0,'2026-04-26 17:50:35','2026-05-12 10:13:39','2026-05-12 10:13:39',NULL,3,NULL,NULL,NULL,NULL,NULL,NULL,1,NULL,NULL,NULL,NULL,NULL,NULL);
INSERT INTO `datosadjuntos` VALUES(140,'documento','application/pdf','Documento_Web','fao.org','Este manual de la FAO y CORPOICA detalla las Buenas Prácticas Agrícolas para la producción de tomate en condiciones protegidas, haciendo énfasis en la poda de variedades de crecimiento indeterminado para optimizar la producción y calidad del fruto.','Apuntes de estudiante:\n*   El manual se centra en la implementación de Buenas Prácticas Agrícolas (BPA) en sistemas de producción de tomate bajo condiciones protegidas, abarcando desde la preparación del terreno hasta la cosecha y el embalaje.\n*   Para materiales de tomate de crecimiento indeterminado, la poda es una práctica fundamental que se realiza en diversas partes de la planta, incluyendo tallos, chupones, hojas, flores y frutos.\n*   **Los objetivos de la poda son:**\n    *   Crear mejores condiciones para las partes de la planta que están directamente relacionadas con la producción.\n    *   Eliminar aquellas partes que no contribuyen a la cosecha y que, por el contrario, consumen energía que podría destinarse al desarrollo de frutos.\n    *   Contribuir a la obtención de frutos de mayor tamaño y calidad.\n*   La implementación de estas BPA contribuye al desarrollo de políticas de producción más limpia y al desarrollo rural.\n*   Este documento es una colaboración entre la Organización de las Naciones Unidas para la Alimentación y la Agricultura (FAO), la Gobernación de Antioquia, MANA y la Corporación Colombiana de Investigación Agropecuaria (CORPOICA).',NULL,'https://storage.googleapis.com/verdantia-494121.firebasestorage.app/uploads/especies_pdfs_covers/cover_3_140_1778428778395.jpg','https://web.archive.org/web/2/https://www.fao.org/4/a1374s/a1374s00.pdf',0,NULL,NULL,NULL,NULL,0,3,NULL,0,'2026-04-26 17:51:10','2026-05-12 10:13:28','2026-05-12 10:13:28',NULL,3,NULL,NULL,NULL,NULL,NULL,NULL,1,NULL,NULL,NULL,NULL,NULL,NULL);
INSERT INTO `datosadjuntos` VALUES(141,'documento','application/pdf','Documento_Web','platicar.go.cr','Esta guía técnica del Instituto Nacional de Innovación y Transferencia en Tecnología Agropecuaria (INTA) de Costa Rica aborda el cultivo de tomate, incluyendo la poda de follaje o saneamiento y la poda apical, destacando su importancia para el desarrollo óptimo y la calidad de los racimos.','Apuntes de estudiante:\n*   La guía técnica es elaborada por el Instituto Nacional de Innovación y Transferencia en Tecnología Agropecuaria (INTA) de Costa Rica.\n*   Se describen dos tipos principales de poda:\n    *   **Poda de follaje o saneamiento:** Consiste en la eliminación de hojas dañadas, viejas o enfermas para mantener la sanidad general de la planta y mejorar la aireación.\n    *   **Poda apical:** Implica la poda del eje principal en híbridos y/o variedades de tomate de crecimiento indeterminado.\n*   La poda apical es una práctica que propicia la precocidad del cultivo y favorece un mayor tamaño en los racimos que se encuentran en desarrollo.\n*   Es de suma importancia retirar los restos de poda del campo de cultivo para prevenir la diseminación de posibles enfermedades.\n*   En general, la poda es una práctica común en variedades de crecimiento indeterminado, donde se seleccionan dos o tres tallos principales y se podan los demás.\n*   Se recomienda encarecidamente desinfectar los instrumentos utilizados para la poda como medida preventiva contra la propagación de enfermedades.',NULL,'https://storage.googleapis.com/verdantia-494121.firebasestorage.app/uploads/especies_pdfs_covers/cover_3_141_1778428751796.jpg','https://web.archive.org/web/2/http://platicar.go.cr/images/buscador/documents/pdf/2021/Tomate_Edit.pdf',0,NULL,NULL,NULL,NULL,0,4,NULL,0,'2026-04-26 17:51:24','2026-05-12 10:13:25','2026-05-12 10:13:25',NULL,3,NULL,NULL,NULL,NULL,NULL,NULL,1,NULL,NULL,NULL,NULL,NULL,NULL);
INSERT INTO `datosadjuntos` VALUES(142,'documento','application/pdf','Documento_Web','una.edu.ni','Documento técnico encontrado en internet vía Google Search.','',NULL,'https://storage.googleapis.com/verdantia-494121.firebasestorage.app/uploads/especies_pdfs_covers/cover_3_142_1778428774970.jpg','https://web.archive.org/web/2/https://cenida.una.edu.ni/relectronicos/RENF01CH517t.pdf',0,NULL,NULL,NULL,NULL,0,5,NULL,0,'2026-04-26 17:51:43','2026-05-12 10:13:22','2026-05-12 10:13:22',NULL,3,NULL,NULL,NULL,NULL,NULL,NULL,1,NULL,NULL,NULL,NULL,NULL,NULL);
INSERT INTO `datosadjuntos` VALUES(143,'imagen','image/png','calabacin.png',NULL,'{}',NULL,NULL,NULL,'especies/calabacin_icon.png',10784,NULL,NULL,NULL,NULL,0,0,NULL,0,'2026-04-27 11:37:13','2026-05-22 18:44:25','2026-04-27 12:02:24',NULL,10,NULL,NULL,NULL,NULL,NULL,NULL,0,NULL,NULL,NULL,NULL,NULL,NULL);
INSERT INTO `datosadjuntos` VALUES(144,'imagen','image/jpeg','blob',NULL,'{"profile_object_x":65.66520979020979,"profile_object_y":58.47727272727273,"profile_object_zoom":106,"profile_brightness":100,"profile_contrast":100,"profile_style":"","seo_alt":""}',NULL,NULL,NULL,'https://storage.googleapis.com/verdantia-494121.firebasestorage.app/uploads/especies/calabacin-1777291475736.webp',191925,NULL,NULL,NULL,NULL,0,1,NULL,0,'2026-04-27 12:04:40','2026-05-22 18:44:25','2026-04-27 12:11:19',NULL,10,NULL,NULL,NULL,NULL,NULL,NULL,0,NULL,NULL,NULL,NULL,NULL,NULL);
INSERT INTO `datosadjuntos` VALUES(145,'imagen','image/jpeg','blob',NULL,'{"profile_object_x":50,"profile_object_y":50,"profile_object_zoom":100,"profile_style":"","seo_alt":"","dominant_color":"rgb(8, 8, 8)","vibrant_color":"#ddb421","blurhash":"LMD^6-WZRS$y_MbcM~s9.9j1RnWT","exif_data":null}',NULL,NULL,NULL,'https://storage.googleapis.com/verdantia-494121.firebasestorage.app/uploads/especies/calabacin-1777291523553.webp',201146,NULL,NULL,NULL,NULL,0,2,NULL,0,'2026-04-27 12:05:26','2026-05-22 18:44:25','2026-04-27 12:11:40',NULL,10,NULL,NULL,NULL,NULL,NULL,NULL,0,NULL,NULL,NULL,NULL,NULL,NULL);
INSERT INTO `datosadjuntos` VALUES(146,'imagen','image/jpeg','blob',NULL,'{"profile_object_x":63.93733307148468,"profile_object_y":92.21946190102122,"profile_object_zoom":134,"profile_brightness":100,"profile_contrast":100,"profile_style":"","seo_alt":"Calabacín verde en planta con flores amarillas y hojas grandes en huerto.","watermarked":true}',NULL,NULL,NULL,'uploads/especies/calabacin-verde-en-planta-con-flores-amarillas-y-hojas-grandes-en-huerto-1777292668749.webp',191925,NULL,NULL,NULL,NULL,0,3,NULL,1,'2026-04-27 12:24:32','2026-05-22 18:44:25',NULL,NULL,10,NULL,NULL,NULL,NULL,NULL,NULL,0,NULL,NULL,NULL,NULL,NULL,NULL);
INSERT INTO `datosadjuntos` VALUES(147,'imagen','image/jpeg','blob',NULL,'{"profile_object_x":50,"profile_object_y":50,"profile_object_zoom":100,"profile_style":"","seo_alt":"Calabacín verde con gotas de agua, flores amarillas y hojas en un huerto.","dominant_color":"rgb(8, 8, 8)","vibrant_color":"#d9ac16","blurhash":"LHB;KsOWR.-T_KIVIExF-;RQNyxZ","exif_data":null,"watermarked":true}',NULL,NULL,NULL,'uploads/especies/calabacin-verde-con-gotas-de-agua-flores-amarillas-y-hojas-en-un-huerto-1777293492006.webp',192475,NULL,NULL,NULL,NULL,0,2,NULL,1,'2026-04-27 12:38:18','2026-05-22 18:44:25',NULL,NULL,10,NULL,NULL,NULL,NULL,NULL,NULL,0,NULL,NULL,NULL,NULL,NULL,NULL);
INSERT INTO `datosadjuntos` VALUES(148,'imagen','image/jpeg','blob',NULL,'{"profile_object_x":50,"profile_object_y":50,"profile_object_zoom":100,"profile_style":"","seo_alt":"Calabacines frescos, algunos cortados, con flores y tomates en cocina.","dominant_color":"rgb(72, 40, 8)","vibrant_color":"#b72b07","blurhash":"LFGbL-_4RO-7_N_2MxMd-q?uIpM{","exif_data":null,"watermarked":true}',NULL,NULL,NULL,'uploads/especies/calabacines-frescos-algunos-cortados-con-flores-y-tomates-en-cocina-1777310811906.webp',514661,NULL,NULL,NULL,NULL,1,1,NULL,1,'2026-04-27 17:26:57','2026-05-22 18:44:25',NULL,NULL,10,NULL,NULL,NULL,NULL,NULL,NULL,0,NULL,NULL,NULL,NULL,NULL,NULL);
INSERT INTO `datosadjuntos` VALUES(149,'imagen','image/jpeg','17773129376631444782729221830632.jpg',NULL,'{"profile_object_x":43.58762650637282,"profile_object_y":45.47422857382862,"profile_object_zoom":140,"profile_brightness":100,"profile_contrast":100,"profile_style":"","watermarked":true}',NULL,NULL,NULL,'uploads/usuario/usuario_1_1777312944664.jpg',3587011,NULL,NULL,NULL,NULL,1,5,NULL,0,'2026-04-27 18:02:30','2026-05-22 18:44:25','2026-05-08 19:19:59',1,NULL,NULL,NULL,NULL,NULL,NULL,NULL,0,NULL,NULL,NULL,NULL,NULL,NULL);
INSERT INTO `datosadjuntos` VALUES(150,'imagen','image/jpeg','ai-generated-1777371923514.jpg',NULL,'{"profile_object_x":50,"profile_object_y":50,"profile_object_zoom":100,"profile_style":"","seo_alt":"Planta de calabacín con frutos verdes, flores amarillas y hojas mojadas.","dominant_color":"rgb(8, 8, 8)","vibrant_color":"#8dba1d","blurhash":"LJAxPKtQN2tO.joyV[j=MzjuaKWB","exif_data":{}}',NULL,NULL,NULL,'https://storage.googleapis.com/verdantia-494121.firebasestorage.app/uploads/especies/planta-de-calabacin-con-frutos-verdes-flores-amarillas-y-hojas-mojadas-1777371929030.webp',1958634,NULL,NULL,NULL,NULL,0,4,NULL,0,'2026-04-28 10:25:32','2026-05-22 18:44:25','2026-04-28 10:25:46',NULL,10,NULL,NULL,NULL,NULL,NULL,NULL,0,NULL,NULL,NULL,NULL,NULL,NULL);
INSERT INTO `datosadjuntos` VALUES(151,'imagen','image/jpeg','ai-generated-1777372018491.jpg',NULL,'{"profile_object_x":50,"profile_object_y":50,"profile_object_zoom":100,"profile_style":"","seo_alt":"Rodajas de calabacín fresco con pasta y quinoa en un plato blanco.","dominant_color":"rgb(216, 216, 216)","vibrant_color":"#e9b926","blurhash":"LoK-OFn#tSs:t7Rjaxaz.AR*WAf,","exif_data":{},"watermarked":true}',NULL,NULL,NULL,'uploads/especies/rodajas-de-calabacin-fresco-con-pasta-y-quinoa-en-un-plato-blanco-1777372022253.webp',1292017,NULL,NULL,NULL,NULL,0,4,NULL,1,'2026-04-28 10:27:04','2026-05-22 18:44:25',NULL,NULL,10,NULL,NULL,NULL,NULL,NULL,NULL,0,NULL,NULL,NULL,NULL,NULL,NULL);
INSERT INTO `datosadjuntos` VALUES(152,'imagen','image/jpeg','ai-generated-labor-1777373554005.jpg',NULL,'{"profile_object_x":50,"profile_object_y":50,"profile_object_zoom":100,"profile_style":"","seo_alt":"Sistema de riego por pivote central regando un campo de cultivo verde.","dominant_color":"rgb(216, 216, 216)","vibrant_color":"#acb008","blurhash":"LrJ8kcNHRjof_4Rkayj[9GWBoej?","exif_data":{}}',NULL,NULL,NULL,'uploads/labores/sistema-de-riego-por-pivote-central-regando-un-campo-de-cultivo-verde-1777373557050.webp',1859552,NULL,NULL,NULL,NULL,0,3,NULL,0,'2026-04-28 10:52:40','2026-05-22 18:44:25','2026-05-08 13:52:21',NULL,NULL,NULL,NULL,NULL,NULL,1,NULL,0,NULL,NULL,NULL,NULL,NULL,NULL);
INSERT INTO `datosadjuntos` VALUES(153,'imagen','image/jpeg','ai-generated-labor-1777373588214.jpg',NULL,'{"profile_object_x":50,"profile_object_y":50,"profile_object_zoom":100,"profile_style":"","seo_alt":"Grifo regando plántulas de tomate en un campo, labor agrícola.","dominant_color":"rgb(8, 8, 8)","vibrant_color":"#829a0e","blurhash":"L5AA,1.101?aywo]xwxt8;M+k6WB","exif_data":{}}',NULL,NULL,NULL,'uploads/labores/grifo-regando-plantulas-de-tomate-en-un-campo-labor-agricola-1777373591957.webp',1691693,NULL,NULL,NULL,NULL,0,4,NULL,0,'2026-04-28 10:53:15','2026-05-22 18:44:25','2026-05-08 13:52:23',NULL,NULL,NULL,NULL,NULL,NULL,1,NULL,0,NULL,NULL,NULL,NULL,NULL,NULL);
INSERT INTO `datosadjuntos` VALUES(154,'imagen','image/jpeg','ai-generated-labor-1777373613571.jpg',NULL,'{"profile_object_x":50,"profile_object_y":50,"profile_object_zoom":100,"profile_style":"","seo_alt":"Agua de riego fluyendo por un canal de piedra sinuoso en tierra fértil.","dominant_color":"rgb(8, 8, 8)","vibrant_color":"#a28e2f","blurhash":"L7A0:f=#00NE~mxIS6tPIttRxuow","exif_data":{}}',NULL,NULL,NULL,'uploads/labores/agua-de-riego-fluyendo-por-un-canal-de-piedra-sinuoso-en-tierra-fertil-1777373618526.webp',1759077,NULL,NULL,NULL,NULL,0,2,NULL,0,'2026-04-28 10:53:41','2026-05-22 18:44:25','2026-05-08 13:52:15',NULL,NULL,NULL,NULL,NULL,NULL,1,NULL,0,NULL,NULL,NULL,NULL,NULL,NULL);
INSERT INTO `datosadjuntos` VALUES(155,'imagen','image/jpeg','ai-generated-labor-1777373672283.jpg',NULL,'{"profile_object_x":50,"profile_object_y":50,"profile_object_zoom":100,"profile_style":"","seo_alt":"Agua de riego brotando de una tubería metálica, creando salpicaduras.","dominant_color":"rgb(8, 8, 8)","vibrant_color":"#97663d","blurhash":"L3BDWrDh00t7z-x[?w%MK7t7Na_N","exif_data":{}}',NULL,NULL,NULL,'uploads/labores/agua-de-riego-brotando-de-una-tuberia-metalica-creando-salpicaduras-1777373677086.webp',1694567,NULL,NULL,NULL,NULL,0,1,NULL,0,'2026-04-28 10:54:39','2026-05-22 18:44:25','2026-05-08 13:52:18',NULL,NULL,NULL,NULL,NULL,NULL,1,NULL,0,NULL,NULL,NULL,NULL,NULL,NULL);
INSERT INTO `datosadjuntos` VALUES(156,'imagen','image/jpeg','ai-generated-labor-1777373702524.jpg',NULL,'{"profile_object_x":50,"profile_object_y":50,"profile_object_zoom":100,"profile_style":"","seo_alt":"Chorro de agua cayendo y salpicando, representando el riego agrícola.","dominant_color":"rgb(40, 40, 24)","vibrant_color":"#b48a4a","blurhash":"L29a59_300bw00D%$%RO.At7Ioay","exif_data":{}}',NULL,NULL,NULL,'https://storage.googleapis.com/verdantia-494121.firebasestorage.app/uploads/labores/chorro-de-agua-cayendo-y-salpicando-representando-el-riego-agricola-1777373707141.webp',1501075,NULL,NULL,NULL,NULL,0,5,NULL,0,'2026-04-28 10:55:09','2026-05-22 18:44:25','2026-04-28 10:55:25',NULL,NULL,NULL,NULL,NULL,NULL,1,NULL,0,NULL,NULL,NULL,NULL,NULL,NULL);
INSERT INTO `datosadjuntos` VALUES(157,'documento','application/pdf','Documento_Web','scribd.com','Documento técnico del Dr. Francisco Camacho Ferre del Departamento de Producción Vegetal de la Universidad de Almería sobre el cultivo del calabacín bajo invernadero, abordando la morfología, fisiología y exigencias ambientales, incluyendo la producción de plántulas.','Apuntes sobre el semillero de calabacín en invernadero:\n*   **Morfología de la plántula**: Se menciona la \'Plántula desarrollada en bandeja de semillero\' como parte de la morfología de los órganos vegetativos y productivos del calabacín.\n*   **Germinación**: El documento cubre la germinación como un proceso fisiológico clave en el desarrollo de la planta.\n*   **Ciclo de producción**: El calabacín entra en producción en un periodo de 35 a 55 días desde la siembra.\n*   **Exigencias climáticas**: El calabacín es menos exigente en altas temperaturas que otras cucurbitáceas como el melón o el pepino, pero es sensible a los fríos y las heladas. La temperatura óptima de germinación se sitúa entre 20-25°C.\n*   **Humedad óptima**: La humedad relativa óptima para el cultivo del calabacín en invernadero oscila entre el 65% y el 80%.',NULL,NULL,'https://web.archive.org/web/2/https://es.scribd.com/document/358661619/Ficha-Tecnica-Calabacin',0,NULL,NULL,NULL,NULL,0,1,NULL,0,'2026-04-29 10:48:43','2026-04-29 10:56:48','2026-04-29 10:56:48',NULL,10,NULL,NULL,NULL,NULL,NULL,NULL,1,NULL,NULL,NULL,NULL,NULL,NULL);
INSERT INTO `datosadjuntos` VALUES(158,'documento','application/pdf','Documento_Web','uky.edu','Manual sobre el cultivo intensivo del calabacín que aborda aspectos botánicos, exigencias climáticas, abonado y, de manera relevante, las enfermedades producidas por hongos como el oídio y la roña (Cladosporium cucumerinum).','-   **Generalidades del cultivo:** El calabacín (*Cucurbita pepo*) es una planta anual de vegetación compacta y crecimiento indeterminado, cultivada en ciclos cortos (otoño o primavera).\n-   **Exigencias climáticas:** Prefiere climas templados o cálidos, sensible a fríos y heladas. Temperatura óptima para floración entre 20°C (noche) y 25°C (día). Humedad óptima en invernadero entre 65% y 80%.\n-   **Suelo:** Profundo, fresco, bien drenado y rico en materia orgánica.\n-   **Enfermedades fúngicas:**\n    -   **Oídio:** Muy extendida y de fácil diagnóstico. Afecta a toda la planta, especialmente hojas (haz y envés). Causada por *Erysiphe cichoracearum* y *Sphaerotheca fuliginia*. Produce manchas aisladas y circulares con micelio blanco pulverulento.\n    -   **Roña (Sarna):** Causada por el hongo *Cladosporium cucumerinum*. Se refugia en restos de plantas enfermas y se propaga por semillas y restos vegetales.\n    -   **Síntomas de Roña en frutos:** Manchas deprimidas con exudación que se recubre con una masa de esporas.\n-   **Manejo de enfermedades:** La prevención es clave. Rotación de cultivos, fertilización adecuada, eliminación de plantas viejas y hojas enfermas. Evitar el exceso de humedad favorece la aparición de enfermedades fúngicas.\n-   **Otras enfermedades mencionadas en el contexto de cucurbitáceas (no específicas de este documento para calabacín pero relevantes):** Pudrición radicular (*Phoma, Fusarium, Sclerotinia*), mildiu velloso (*Pseudoperonospora cubensis*), botrytis (*Botrytis cinerea*), virus del mosaico amarillo del calabacín, virus del mosaico del pepino, mancha bacteriana de la hoja (*Xanthomonas campestris*).',NULL,NULL,'https://web.archive.org/web/2/https://plantpathology.mgcafe.uky.edu/sites/plantpathology.ca.uky.edu/files/PPFS-VG-10-S.pdf',0,NULL,NULL,NULL,NULL,0,1,NULL,0,'2026-04-29 10:57:40','2026-04-29 10:59:30','2026-04-29 10:59:30',NULL,10,NULL,NULL,NULL,NULL,NULL,NULL,1,NULL,NULL,NULL,NULL,NULL,NULL);
INSERT INTO `datosadjuntos` VALUES(159,'documento','application/pdf','Documento_Web','uky.eduf','Documento técnico encontrado en internet vía Google Search.','',NULL,NULL,'https://web.archive.org/web/2/https://publications.mgcafe.uky.edu/sites/publications.ca.uky.edu/files/ID91s.pdf',0,NULL,NULL,NULL,NULL,0,1,NULL,0,'2026-04-29 11:07:16','2026-04-29 11:12:58','2026-04-29 11:12:58',NULL,10,NULL,NULL,NULL,NULL,NULL,NULL,1,NULL,NULL,NULL,NULL,NULL,NULL);
INSERT INTO `datosadjuntos` VALUES(160,'documento','application/pdf','Documento_Web','','','',NULL,'/api/media?path=uploads%2Fespecies_pdfs_covers%2Fcover_10_160_1777461307113.jpg','https://web.archive.org/web/2/https://redhuertosalicante.files.wordpress.com/2019/05/calabacc38dn.pdf',0,NULL,NULL,NULL,NULL,0,1,NULL,0,'2026-04-29 11:14:54','2026-04-29 11:17:34','2026-04-29 11:17:34',NULL,10,NULL,NULL,NULL,NULL,NULL,NULL,1,NULL,NULL,NULL,NULL,NULL,NULL);
INSERT INTO `datosadjuntos` VALUES(161,'documento','application/pdf','Documento_Web','','','',NULL,'/api/media?path=uploads%2Fespecies_pdfs_covers%2Fcover_10_161_1777461499632.jpg','https://web.archive.org/web/2/https://www.mapa.gob.es/ministerio/pags/biblioteca/hojas/hd_1973_07.pdf',0,NULL,NULL,NULL,NULL,0,1,NULL,0,'2026-04-29 11:18:06','2026-04-29 11:22:30','2026-04-29 11:22:30',NULL,10,NULL,NULL,NULL,NULL,NULL,NULL,1,NULL,NULL,NULL,NULL,NULL,NULL);
INSERT INTO `datosadjuntos` VALUES(162,'documento','application/pdf','Documento_Web','','','',NULL,'/api/media?path=uploads%2Fespecies_pdfs_covers%2Fcover_10_162_1777461818160.jpg','https://web.archive.org/web/2/https://www.procam.bio/wp-content/uploads/2023/10/calabacin_tcm30-102356.pdf',0,NULL,NULL,NULL,NULL,0,1,NULL,0,'2026-04-29 11:23:26','2026-04-29 11:30:13','2026-04-29 11:30:13',NULL,10,NULL,NULL,NULL,NULL,NULL,NULL,1,NULL,NULL,NULL,NULL,NULL,NULL);
INSERT INTO `datosadjuntos` VALUES(163,'documento','application/pdf','Documento_Web','','','',NULL,'/api/media?path=uploads%2Fespecies_pdfs_covers%2Fcover_10_163_1777462616723.jpg','https://web.archive.org/web/2/https://www.mapa.gob.es/ministerio/pags/biblioteca/hojas/hd_1995_01-02.pdf',0,NULL,NULL,NULL,NULL,0,1,NULL,0,'2026-04-29 11:36:35','2026-04-29 13:14:34','2026-04-29 13:14:34',NULL,10,NULL,NULL,NULL,NULL,NULL,NULL,1,NULL,NULL,NULL,NULL,NULL,NULL);
INSERT INTO `datosadjuntos` VALUES(164,'documento','application/pdf','Documento_Web','Poda de Hortalizas en Invernaderos','Documento técnico del Ministerio de Agricultura, Pesca y Alimentación de España que aborda la poda en cultivos hortícolas intensivos en invernadero, incluyendo el calabacín.','- La poda en cultivos hortícolas intensivos en invernadero busca encauzar el crecimiento para una mayor rentabilidad, especialmente en marcos de plantación estrechos.\n- El objetivo general es dejar uno o varios tallos, eliminando brotes, hojas, frutos y chupones que no fructifican o tienen un desarrollo excesivo.\n- Se puede utilizar un código de 3 cifras para indicar el tipo de poda (ej. 2-8-2 para número de brazos, hojas por encima de ramos de 2º orden y hojas por encima de tallos de 3º orden).\n- La poda debe ser racional y con un criterio económico, adaptándose a la especie, marco de plantación, forma de vegetar, fructificar y climatología.',NULL,NULL,'https://web.archive.org/web/2/https://es.scribd.com/document/135961428/calabacin-cladosporium',0,NULL,NULL,NULL,NULL,0,2,NULL,0,'2026-04-29 12:30:07','2026-04-29 13:14:32','2026-04-29 13:14:32',NULL,10,NULL,NULL,NULL,NULL,NULL,NULL,1,NULL,NULL,NULL,NULL,NULL,NULL);
INSERT INTO `datosadjuntos` VALUES(165,'documento','application/pdf','Documento_Web','','','',NULL,'/api/media?path=uploads%2Fespecies_pdfs_covers%2Fcover_10_165_1777470604674.jpg','https://web.archive.org/web/2/https://www.olivosdebadajoz.com/PLANTAS-DE-HORTALIZA/Calabacin.pdf',0,NULL,NULL,NULL,NULL,0,1,NULL,0,'2026-04-29 13:49:49','2026-04-29 13:58:42','2026-04-29 13:58:42',NULL,10,NULL,NULL,NULL,NULL,NULL,NULL,1,NULL,NULL,NULL,NULL,NULL,NULL);
INSERT INTO `datosadjuntos` VALUES(166,'documento','application/pdf','Documento_Web','Poda de Hortalizas en Invernadero (Calabacín)','Guía del Ministerio de Agricultura sobre técnicas de poda para hortalizas en invernadero, con sección específica para calabacín.','Detalla poda de flores, frutos y hojas envejecidas o dañadas. Menciona aclareo de frutos para mejorar calidad y poda de yemas/brotes terminales (pinzamiento/despunte) para favorecer órganos de producción. También aborda el destallado.',NULL,'/api/media?path=uploads%2Fespecies_pdfs_covers%2Fcover_10_166_1777473117207.jpg','https://web.archive.org/web/2/https://www.mapa.gob.es/ministerio/pags/biblioteca/hojas/hd_1995_01-02.pdf',0,NULL,NULL,NULL,NULL,0,1,NULL,0,'2026-04-29 14:31:36','2026-04-29 14:35:31','2026-04-29 14:35:31',NULL,10,NULL,NULL,NULL,NULL,NULL,NULL,1,NULL,NULL,NULL,NULL,NULL,NULL);
INSERT INTO `datosadjuntos` VALUES(167,'documento','application/pdf','Documento_Web','Poda de Hortalizas en Invernadero (Calabacín)','Este documento del Ministerio de Agricultura, Pesca y Alimentación detalla las técnicas de poda aplicadas a hortalizas en invernadero, con un enfoque específico en el calabacín. Aborda la poda de formación, sugiriendo la poda a dos brazos para fomentar el desarrollo de guías secundarias, y la poda de brotes, recomendando la eliminación de brotes secundarios que surgen por exceso de abonado nitrogenado. También cubre la poda de hojas para mejorar la aireación y reducir enfermedades, y el aclareo de frutos para optimizar la calidad y el tamaño de los restantes, eliminando los dañados o deformes.','- No se acostumbra poda de formación, pero se puede ensayar la poda a dos brazos cortando el tallo principal tras dos hojas verdaderas.\n- Eliminar brotes secundarios que aparecen por exceso de abonado nitrogenado para evitar frutos no comerciales.\n- Realizar poda de hojas (deshojado) para mejorar la aireación, reducir enfermedades y facilitar labores, evitando cortar hojas superiores que protegen los frutos.',NULL,'/api/media?path=uploads%2Fespecies_pdfs_covers%2Fcover_10_167_1777473376143.jpg','https://web.archive.org/web/2/https://www.mapa.gob.es/ministerio/pags/biblioteca/hojas/hd_1995_01-02.pdf',0,NULL,NULL,NULL,NULL,0,1,NULL,0,'2026-04-29 14:36:02','2026-04-29 14:39:52','2026-04-29 14:39:52',NULL,10,NULL,NULL,NULL,NULL,NULL,NULL,1,NULL,NULL,NULL,NULL,NULL,NULL);
INSERT INTO `datosadjuntos` VALUES(168,'documento','application/pdf','Documento_Web','Poda de Hortalizas en Invernadero: Calabacín','Este documento del Ministerio de Agricultura, Pesca y Alimentación aborda la poda en cultivos hortícolas intensivos bajo invernadero, con un enfoque específico en el calabacín. Detalla cómo la poda es fundamental para regular el crecimiento y la productividad, mejorando la aireación de la planta y facilitando las labores culturales. Se enfatiza la eliminación de hojas envejecidas o dañadas para reducir la incidencia de enfermedades criptogámicas y plagas, aunque se advierte sobre el aumento de mano de obra y el riesgo de botrytis en los cortes. Se describen métodos para el aclareo de frutos y la poda de yemas y brotes terminales para optimizar la calidad y el número de frutos.','La poda en calabacín elimina flores, frutos, hojas y brotaciones secundarias para mejorar la aireación y reducir enfermedades criptogámicas.\nSe facilitan las prácticas culturales al eliminar masa foliar y se reducen focos de plagas al suprimir hojas dañadas o enfermas.\nInconvenientes de la poda incluyen un mayor aporte de mano de obra y la posibilidad de ataque de botrytis sobre los cortes efectuados.\nEl deshojado se realiza dando cortes limpios en la unión del peciolo con el tallo, siempre por debajo de los frutos más bajos, evitando podar las hojas superiores para no desproteger los frutos del sol.\nSe puede practicar una poda intermedia para regularizar la producción y desarrollo, pinzando brotes laterales a 1 fruto entre 0.60-1.5 m de altura, y despuntando tallos laterales a 2 frutos a partir de 1.5 m.',NULL,'/api/media?path=uploads%2Fespecies_pdfs_covers%2Fcover_10_168_1777473666939.jpg','https://web.archive.org/web/2/https://www.mapa.gob.es/ministerio/pags/biblioteca/hojas/hd_1995_01-02.pdf',0,NULL,NULL,NULL,NULL,0,1,NULL,0,'2026-04-29 14:40:48','2026-04-30 13:49:03','2026-04-30 13:49:03',NULL,10,NULL,NULL,NULL,NULL,NULL,NULL,1,NULL,NULL,NULL,NULL,NULL,NULL);
INSERT INTO `datosadjuntos` VALUES(169,'documento','application/pdf','Documento_Web','Poda de Hortalizas en Invernadero (Calabacín)','Este documento del Ministerio de Agricultura, Pesca y Alimentación, se centra en las técnicas de poda aplicadas a cultivos hortícolas intensivos bajo invernadero, con una sección dedicada al calabacín. Detalla la importancia de eliminar hojas envejecidas o con desarrollo excesivo para optimizar la luminosidad y la circulación del aire dentro de la planta, lo cual es crucial para la prevención de enfermedades fúngicas. Además, aborda la supresión de brotes secundarios y el aclareo de frutos, prácticas esenciales para mejorar la calidad y el rendimiento de la cosecha, siempre enfatizando la necesidad de realizar cortes limpios para minimizar el riesgo de infecciones.','La poda en calabacín implica la eliminación de flores, frutos, hojas y brotaciones secundarias, especialmente en variedades que muestran un desarrollo excesivo.\nUno de los objetivos principales es mejorar la aireación de la planta, lo que disminuye significativamente las condiciones favorables para el ataque de enfermedades criptogámicas como el oídio.\nLa supresión de hojas dañadas o enfermas es fundamental para reducir los focos de penetración y desarrollo de plagas y enfermedades aéreas, contribuyendo a la sanidad general del cultivo.\nComo inconvenientes de la poda, se mencionan el mayor aporte de mano de obra y la posibilidad de ataques de Botrytis sobre los cortes realizados, lo que requiere precauciones post-poda.\nEl deshojado se justifica cuando las hojas de la parte baja de la planta están muy envejecidas o su excesivo desarrollo dificulta la luminosidad y aireación, debiendo realizarse cortes limpios en la unión del peciolo con el tallo, siempre por debajo de los frutos más bajos.',NULL,'/api/media?path=uploads%2Fespecies_pdfs_covers%2Fcover_10_169_1777557022647.jpg','https://web.archive.org/web/2/https://www.mapa.gob.es/ministerio/pags/biblioteca/hojas/hd_1995_01-02.pdf',0,NULL,NULL,NULL,NULL,0,1,NULL,0,'2026-04-30 13:50:04','2026-04-30 13:56:29','2026-04-30 13:56:29',NULL,10,NULL,NULL,NULL,NULL,NULL,NULL,1,NULL,NULL,NULL,NULL,NULL,NULL);
INSERT INTO `datosadjuntos` VALUES(170,'documento','application/pdf','Documento_Web','Poda de Hortalizas en Invernadero: Calabacín','Este manual del Ministerio de Agricultura, Pesca y Alimentación detalla las técnicas de poda aplicables al calabacín en cultivos de invernadero. Se enfoca en la eliminación de brotes secundarios no comerciales, el deshojado de hojas envejecidas o dañadas para mejorar la aireación y luminosidad, y la supresión de frutos enfermos o deformados. La poda busca optimizar la producción y la sanidad de la planta, reduciendo la incidencia de enfermedades criptogámicas y facilitando las labores culturales, aunque advierte sobre la posible reducción de la producción si se excede en el corte.','La poda en calabacín elimina flores, frutos y hojas, así como brotaciones secundarias que pueden surgir por un desarrollo excesivo o en variedades específicas.\nEl deshojado se justifica en hojas muy envejecidas o cuando su excesivo desarrollo dificulta la luminosidad y aireación interna de la planta.\nLos cortes para el deshojado deben ser limpios, realizados en la unión del peciolo con el tallo, siempre por debajo de los frutos más bajos, preferentemente por la mañana y con ambiente seco.\nNo se deben eliminar las hojas superiores, ya que esto puede exponer los frutos al sol, causando daños y endurecimiento.\nTras una poda intensa de hojas, se recomienda aplicar un tratamiento fungicida (anti-botrytis) para prevenir infecciones en los cortes.\nLa supresión de brotes secundarios es crucial en variedades híbridas que, con un abonado nitrogenado excesivo, pueden producir frutos no comerciales.\nSe deben suprimir los frutos dañados por plagas o enfermedades, deformados o excesivamente desarrollados que no sean comerciales.',NULL,'/api/media?path=uploads%2Fespecies_pdfs_covers%2Fcover_10_170_1777557437454.jpg','https://web.archive.org/web/2/https://www.mapa.gob.es/ministerio/pags/biblioteca/hojas/hd_1995_01-02.pdf',0,NULL,NULL,NULL,NULL,0,1,NULL,0,'2026-04-30 13:57:02','2026-04-30 13:57:29','2026-04-30 13:57:29',NULL,10,NULL,NULL,NULL,NULL,NULL,NULL,1,NULL,NULL,NULL,NULL,NULL,NULL);
INSERT INTO `datosadjuntos` VALUES(171,'documento','application/pdf','Documento_Web','Poda de Formación y Brotes en Calabacín','Este estudio de la Universidad de Zaragoza, aunque enfocado en la evaluación agronómica de variedades de calabacín, incluye una sección relevante sobre la poda. Destaca que, si bien la poda de formación no es una práctica común, se considera interesante la poda a dos brazos, que implica cortar el tallo principal por encima de las dos primeras hojas verdaderas para fomentar el crecimiento de dos brazos secundarios y potencialmente aumentar la producción. También aborda la poda de brotes laterales que pueden surgir en variedades híbridas debido a un exceso de nitrógeno, y el deshojado de la parte inferior de la planta.','La poda de formación en calabacín no es habitual, pero se sugiere la poda a dos brazos cortando el tallo principal tras las dos primeras hojas verdaderas para estimular dos brazos secundarios.\nEsta técnica de poda a dos brazos podría influir en una mayor producción de frutos.\nLas variedades híbridas de calabacín pueden desarrollar brotes secundarios con un exceso de abonado nitrogenado, los cuales deben ser eliminados.\nEl deshojado se realiza en las hojas inferiores, envejecidas o dañadas, para mejorar la aireación y la penetración de la luz.\nLos cortes de deshojado deben ser limpios y realizados en la unión del peciolo con el tallo, siempre por debajo de los frutos más bajos.\nSe recomienda realizar el deshojado por la mañana y en condiciones de ambiente seco para minimizar el riesgo de enfermedades.',NULL,'/api/media?path=uploads%2Fespecies_pdfs_covers%2Fcover_10_171_1777557474636.jpg','https://web.archive.org/web/2/https://zaguan.unizar.es/record/76356/files/TAZ-TFG-2018-4730.pdf',0,NULL,NULL,NULL,NULL,0,1,NULL,0,'2026-04-30 13:57:33','2026-05-01 12:46:42','2026-05-01 12:46:42',NULL,10,NULL,NULL,NULL,NULL,NULL,NULL,1,NULL,NULL,NULL,NULL,NULL,NULL);
INSERT INTO `datosadjuntos` VALUES(172,'documento','application/pdf','Documento_Web','Cultivo de Calabacín en Invernadero: Riego y Fertilización','Este documento de la Universidad de Almería detalla el cultivo de calabacín bajo invernadero, con un enfoque particular en el manejo del riego y la fertilización. Se describen las necesidades hídricas y nutricionales de la planta, así como las pautas para la aplicación de fertilizantes en diferentes etapas del cultivo, tanto en riego a manta como en fertirrigación hidropónica. Se enfatiza la importancia de ajustar el pH de la solución de riego y se proporcionan unidades fertilizantes recomendadas por hectárea para lograr producciones óptimas.','Para una producción media de 70.000-80.000 kg/ha comercializable en riego a manta y terreno enarenado, se recomiendan 300-400 kg de Nitrógeno (N), 150-200 kg de Fósforo (P2O5) y 350-500 kg de Potasio (K2O) por hectárea.\nEl primer riego se realiza antes de la siembra, incorporando abonado de fondo con sulfato amónico (350-475 kg/ha), superfosfato de cal (600-900 kg/ha) y sulfato de potasa (250-350 kg/ha).\nEl segundo riego se aplica aproximadamente a los 15-25 días de la nascencia, con 250 kg/ha de Sulfato amónico 21%, 300 kg/ha de Superfosfato de cal 18% y 150 kg/ha de Sulfato de potasa.\nEn fertirrigación hidropónica, se aconsejan 200-300 U.F. de N, 150-200 U.F. de P2O5, 350-500 U.F. de K2O y 50 U.F. de MgO por hectárea.\nEs crucial ajustar el pH de la solución de riego utilizando ácido fosfórico o nítrico según proceda.',NULL,'/api/media?path=uploads%2Fespecies_pdfs_covers%2Fcover_10_172_1777557832101.jpg','https://web.archive.org/web/2/https://cooperativas-agro.s3.eu-west-1.amazonaws.com/old/docs/02428.pdf',0,NULL,NULL,NULL,NULL,0,2,NULL,0,'2026-04-30 14:03:31','2026-05-01 12:46:44','2026-05-01 12:46:44',NULL,10,NULL,NULL,NULL,NULL,NULL,NULL,1,NULL,NULL,NULL,NULL,NULL,NULL);
INSERT INTO `datosadjuntos` VALUES(173,'imagen_blog','image/webp','calabacin-en-huerto-cosecha-fresca-y-saludable-1777560311466.webp','Calabacín en Huerto: Cosecha Fresca y Saludable','{"seo_alt":"Imagen de un calabacín sano y listo para cosechar en un huerto moderno, con un agricultor feliz de fondo.","seo_title":"Calabacín en Huerto: Cosecha Fresca y Saludable","profile_object_x":50,"profile_object_y":50,"profile_object_zoom":100,"profile_style":"","es_portada_blog":true}',NULL,NULL,NULL,'uploads/blog/calabacin-en-huerto-cosecha-fresca-y-saludable-1777560311466.webp',90564,NULL,NULL,NULL,NULL,1,1,NULL,1,'2026-04-30 14:45:12',NULL,NULL,NULL,10,NULL,NULL,NULL,NULL,NULL,NULL,1,NULL,NULL,NULL,NULL,NULL,NULL);
INSERT INTO `datosadjuntos` VALUES(174,'imagen_blog','image/webp','preparacion-del-suelo-para-cultivo-de-calabacin-1777560317898.webp','Preparación del Suelo para Cultivo de Calabacín','{"seo_alt":"Fotografía detallada de la siembra de calabacín en suelo fértil y bien preparado, clave para un buen inicio del cultivo.","seo_title":"Preparación del Suelo para Cultivo de Calabacín","profile_object_x":50,"profile_object_y":50,"profile_object_zoom":100,"profile_style":"","es_portada_blog":false}',NULL,NULL,NULL,'uploads/blog/preparacion-del-suelo-para-cultivo-de-calabacin-1777560317898.webp',80386,NULL,NULL,NULL,NULL,0,2,NULL,1,'2026-04-30 14:45:18',NULL,NULL,NULL,10,NULL,NULL,NULL,NULL,NULL,NULL,1,NULL,NULL,NULL,NULL,NULL,NULL);
INSERT INTO `datosadjuntos` VALUES(175,'imagen_blog','image/webp','riego-y-acolchado-eficiente-en-cultivo-de-calabacin-1777560324201.webp','Riego y Acolchado Eficiente en Cultivo de Calabacín','{"seo_alt":"Planta de calabacín con sistema de riego por goteo y acolchado, mostrando un cuidado óptimo para una cosecha abundante.","seo_title":"Riego y Acolchado Eficiente en Cultivo de Calabacín","profile_object_x":50,"profile_object_y":50,"profile_object_zoom":100,"profile_style":"","es_portada_blog":false}',NULL,NULL,NULL,'uploads/blog/riego-y-acolchado-eficiente-en-cultivo-de-calabacin-1777560324201.webp',110664,NULL,NULL,NULL,NULL,0,3,NULL,1,'2026-04-30 14:45:25',NULL,NULL,NULL,10,NULL,NULL,NULL,NULL,NULL,NULL,1,NULL,NULL,NULL,NULL,NULL,NULL);
INSERT INTO `datosadjuntos` VALUES(176,'imagen_blog','image/webp','calabacin-en-el-huerto-planta-sana-y-frutos-verdes-1777561255834.webp','Calabacín en el huerto: Planta sana y frutos verdes','{"seo_alt":"Imagen de una planta de calabacín vigorosa con frutos verdes, cultivada en un huerto moderno y soleado.","seo_title":"Calabacín en el huerto: Planta sana y frutos verdes","profile_object_x":50,"profile_object_y":50,"profile_object_zoom":100,"profile_style":"","es_portada_blog":true}',NULL,NULL,NULL,'uploads/blog/calabacin-en-el-huerto-planta-sana-y-frutos-verdes-1777561255834.webp',44526,NULL,NULL,NULL,NULL,1,1,NULL,1,'2026-04-30 15:00:56',NULL,NULL,NULL,10,NULL,NULL,NULL,NULL,NULL,NULL,1,NULL,NULL,NULL,NULL,NULL,NULL);
INSERT INTO `datosadjuntos` VALUES(177,'imagen_blog','image/webp','preparacion-del-suelo-abono-organico-para-calabacin-1777561261299.webp','Preparación del suelo: Abono orgánico para calabacín','{"seo_alt":"Detalle de una mano añadiendo abono orgánico a un suelo fértil, preparando el terreno para el cultivo de calabacín.","seo_title":"Preparación del suelo: Abono orgánico para calabacín","profile_object_x":50,"profile_object_y":50,"profile_object_zoom":100,"profile_style":"","es_portada_blog":false}',NULL,NULL,NULL,'uploads/blog/preparacion-del-suelo-abono-organico-para-calabacin-1777561261299.webp',88316,NULL,NULL,NULL,NULL,0,2,NULL,1,'2026-04-30 15:01:02',NULL,NULL,NULL,10,NULL,NULL,NULL,NULL,NULL,NULL,1,NULL,NULL,NULL,NULL,NULL,NULL);
INSERT INTO `datosadjuntos` VALUES(178,'imagen_blog','image/webp','cosecha-de-calabacines-frutos-frescos-y-listos-1777561267060.webp','Cosecha de calabacines: Frutos frescos y listos','{"seo_alt":"Calabacines recién cosechados con rocío matutino, presentados en una caja de madera rústica en el huerto.","seo_title":"Cosecha de calabacines: Frutos frescos y listos","profile_object_x":50,"profile_object_y":50,"profile_object_zoom":100,"profile_style":"","es_portada_blog":false}',NULL,NULL,NULL,'uploads/blog/cosecha-de-calabacines-frutos-frescos-y-listos-1777561267060.webp',162614,NULL,NULL,NULL,NULL,0,3,NULL,1,'2026-04-30 15:01:07',NULL,NULL,NULL,10,NULL,NULL,NULL,NULL,NULL,NULL,1,NULL,NULL,NULL,NULL,NULL,NULL);
INSERT INTO `datosadjuntos` VALUES(179,'documento','application/pdf','Documento_Web','Evaluación Agronómica y Poda de Calabacín','Este documento técnico de la Universidad de Zaragoza aborda la evaluación agronómica de variedades de calabacín, incluyendo aspectos cruciales de la poda. Se detalla la eliminación de brotes secundarios para evitar frutos no comerciales y la poda de hojas envejecidas o excesivamente desarrolladas que dificulten la luminosidad y aireación. Se enfatiza la importancia de realizar cortes limpios en la unión del peciolo con el tallo, preferentemente por la mañana y con ambiente seco, para minimizar riesgos de enfermedades.','Las variedades híbridas de calabacín suelen emitir una sola guía, pero un exceso de abono nitrogenado puede inducir brotes secundarios que deben eliminarse.\nLa poda de brotes secundarios es crucial para mantener la calidad y comercialidad de los frutos, ya que los brotes laterales pueden producir frutos de menor valor.\nEl corte de hojas se justifica en casos de envejecimiento avanzado o desarrollo excesivo que comprometa la luminosidad y aireación interna de la planta, lo que puede disminuir la producción.\nEl deshojado debe realizarse por la mañana, con ambiente seco, efectuando cortes limpios en la unión del peciolo con el tallo, siempre por debajo de los frutos más bajos.\nEs fundamental no podar las hojas superiores que protegen los frutos del sol, y tras la poda, se recomienda aplicar tratamientos fungicidas para prevenir infecciones.',NULL,'https://storage.googleapis.com/verdantia-494121.firebasestorage.app/uploads/especies_pdfs_covers/cover_10_179_1777639663690.jpg','https://web.archive.org/web/2/https://zaguan.unizar.es/record/76356/files/TAZ-TFG-2018-4730.pdf',0,NULL,NULL,NULL,NULL,0,1,NULL,0,'2026-05-01 12:47:26','2026-05-01 12:51:35','2026-05-01 12:51:35',NULL,10,NULL,NULL,NULL,NULL,NULL,NULL,1,NULL,NULL,NULL,NULL,NULL,NULL);
INSERT INTO `datosadjuntos` VALUES(180,'documento','application/pdf','HC_49232588F (1).pdf','Informe Aptitud Conducción','Este documento es un informe de reconocimiento médico y psicofísico completo para evaluar la aptitud de un individuo, detallando su historial de salud, exploraciones físicas, oftalmológicas y psicológicas, y un dictamen final.','El documento proporcionado es un informe de reconocimiento médico y psicofísico exhaustivo, no un análisis sobre una especie agrícola. Como experto agrónomo, debo señalar que el contenido es ajeno a mi campo de especialización. El informe evalúa la aptitud de un individuo, probablemente para la conducción, y se estructura en las siguientes secciones clave:\n\n*   **Anamnesis General y Datos Personales (AMG, DP, AS):** Recoge el historial médico del interesado, incluyendo preguntas sobre enfermedades, mareos, problemas cardíacos, respiratorios, y uso de alcohol o estupefacientes. Se registran datos personales como edad (18 años), sexo (V), nacionalidad (ESPAÑA), y detalles de conducción (Num de Expediente 176/2026, Tipo Permiso B). El individuo declara no padecer enfermedades ni tomar medicación habitual.\n*   **Exploración Médica General (EMG, Inspección General):** Incluye audiometría (valores de 10-20 dB en OD y OI), talla (178 cm) y peso (77 kg). La tensión arterial es 123/67 mmHg con ritmo regular. El dictamen parcial general es \'APTO\'.\n*   **Anamnesis y Exploración Oftalmológica (AO, EO):** Evalúa la salud ocular y la agudeza visual. La agudeza visual con corrección es OD 1.4 y OI 1.5. El dictamen parcial oftalmológico es \'APTO\' con la restricción de usar gafas o lentes de contacto (código 0106) para asegurar una agudeza visual binocular de al menos 0,5.\n*   **Anamnesis y Aptitud Psicológica (AP, EP, Aptitud Perceptivo-Motora, Trastornos Mentales):** Se evalúa el estado psicológico, la aptitud perceptivo-motora (atención, coordinación bimanual, tiempo de reacción) y la presencia de trastornos mentales. El informe indica que el individuo no presenta alteraciones en el área afectiva ni toma medicación psiquiátrica. El dictamen parcial psicológico es \'APTO\'.\n*   **Dictamen Final (DF):** Concluye que el individuo es \'APTO\' para la actividad evaluada, con la única restricción de \'Gafas o lentes de contacto\' (0106).\n\nEn resumen, este documento es una evaluación de salud para determinar la idoneidad de una persona, y no contiene ninguna información relevante para un análisis agronómico sobre especies agrícolas, plagas, cultivos o técnicas agrícolas.',NULL,'https://storage.googleapis.com/verdantia-494121.firebasestorage.app/uploads/especies_pdfs_covers/cover_10_180_1777639943575.jpg','uploads/especies_pdfs/especie_10_1777639903719.pdf',1756745,NULL,NULL,NULL,NULL,0,1,NULL,0,'2026-05-01 12:52:03','2026-05-01 12:54:21','2026-05-01 12:54:21',NULL,10,NULL,NULL,NULL,NULL,NULL,NULL,1,NULL,NULL,NULL,NULL,NULL,NULL);
INSERT INTO `datosadjuntos` VALUES(181,'documento','application/pdf','Documento_Web','Cultivo del Calabacín: Poda y Manejo','El documento del Ministerio de Agricultura, Pesca y Alimentación aborda el cultivo del calabacín, destacando que en condiciones normales de abonado y riego, la planta no requiere podas excesivas, desarrollando una única guía principal. Sin embargo, en situaciones de follaje abundante o ahijamiento, se recomienda la eliminación de tallos secundarios para evitar que los frutos de estos no alcancen tamaño comercial. Se enfatiza la importancia de podar estos brotes en su fase inicial, siempre respetando el tallo principal para mantener la productividad y calidad de la cosecha.','La poda en calabacín se reduce principalmente a la eliminación de tallos secundarios cuando la planta ahíja excesivamente debido a un abonado y riego intensivos.\nLos frutos que se desarrollan en los ramos secundarios suelen ser de tamaño no comercial, por lo que su eliminación temprana es crucial para concentrar la energía de la planta en la guía principal.\nEn cultivos normales, sin abusar de fertilizantes y agua, el calabacín tiende a desarrollar una sola guía, minimizando la necesidad de podas de formación.\nEl entutorado es una práctica complementaria a la poda, especialmente en invernadero, donde se ata el tallo principal a una cuerda para guiar su crecimiento vertical y optimizar el espacio y la luminosidad.\nLas temperaturas críticas para el calabacín incluyen la detención del crecimiento a 8°C y la helada a -1°C, mientras que la germinación óptima se da entre 20°C y 30°C, y el desarrollo óptimo a 25°C.',NULL,'https://storage.googleapis.com/verdantia-494121.firebasestorage.app/uploads/especies_pdfs_covers/cover_10_181_1777640404975.jpg','https://web.archive.org/web/2/https://www.mapa.gob.es/ministerio/pags/biblioteca/hojas/hd_1973_07.pdf',0,NULL,NULL,NULL,NULL,0,1,NULL,1,'2026-05-01 12:54:58','2026-05-01 13:00:07',NULL,NULL,10,NULL,NULL,NULL,NULL,NULL,NULL,1,NULL,NULL,NULL,NULL,NULL,NULL);
INSERT INTO `datosadjuntos` VALUES(182,'imagen_blog','image/webp','planta-de-calabacin-saludable-en-huerto-1777640482901.webp','Planta de calabacín saludable en huerto','{"seo_alt":"Imagen de una planta de calabacín vigorosa con frutos, ideal para inspirar a agricultores principiantes en su huerto.","seo_title":"Planta de calabacín saludable en huerto","profile_object_x":50,"profile_object_y":50,"profile_object_zoom":100,"profile_style":"","es_portada_blog":true}',NULL,NULL,NULL,'uploads/blog/planta-de-calabacin-saludable-en-huerto-1777640482901.webp',198594,NULL,NULL,NULL,NULL,1,1,NULL,1,'2026-05-01 13:01:25',NULL,NULL,NULL,10,NULL,NULL,NULL,NULL,NULL,NULL,1,NULL,NULL,NULL,NULL,NULL,NULL);
INSERT INTO `datosadjuntos` VALUES(183,'imagen_blog','image/webp','preparacion-del-suelo-para-sembrar-calabacin-1777640490194.webp','Preparación del suelo para sembrar calabacín','{"seo_alt":"Manos de agricultor preparando la tierra fértil con abono orgánico para la siembra de calabacín, mostrando los primeros pasos del cultivo.","seo_title":"Preparación del suelo para sembrar calabacín","profile_object_x":50,"profile_object_y":50,"profile_object_zoom":100,"profile_style":"","es_portada_blog":false}',NULL,NULL,NULL,'uploads/blog/preparacion-del-suelo-para-sembrar-calabacin-1777640490194.webp',121922,NULL,NULL,NULL,NULL,0,2,NULL,1,'2026-05-01 13:01:32',NULL,NULL,NULL,10,NULL,NULL,NULL,NULL,NULL,NULL,1,NULL,NULL,NULL,NULL,NULL,NULL);
INSERT INTO `datosadjuntos` VALUES(184,'imagen_blog','image/webp','cosecha-de-calabacin-fresco-a-mano-1777640496233.webp','Cosecha de calabacín fresco a mano','{"seo_alt":"Manos de agricultor recolectando un calabacín de tamaño óptimo en el huerto, destacando la frescura y la recompensa del cultivo.","seo_title":"Cosecha de calabacín fresco a mano","profile_object_x":50,"profile_object_y":50,"profile_object_zoom":100,"profile_style":"","es_portada_blog":false}',NULL,NULL,NULL,'uploads/blog/cosecha-de-calabacin-fresco-a-mano-1777640496233.webp',79442,NULL,NULL,NULL,NULL,0,3,NULL,1,'2026-05-01 13:01:38',NULL,NULL,NULL,10,NULL,NULL,NULL,NULL,NULL,NULL,1,NULL,NULL,NULL,NULL,NULL,NULL);
INSERT INTO `datosadjuntos` VALUES(185,'imagen_blog','image/webp','calabacin-fresco-en-el-huerto-1777640996054.webp','Calabacín fresco en el huerto','{"seo_alt":"Imagen de calabacines creciendo sanos en un huerto moderno, lista para ser cosechada por un agricultor.","seo_title":"Calabacín fresco en el huerto","profile_object_x":50,"profile_object_y":50,"profile_object_zoom":100,"profile_style":"","es_portada_blog":true}',NULL,NULL,NULL,'uploads/blog/calabacin-fresco-en-el-huerto-1777640996054.webp',95020,NULL,NULL,NULL,NULL,1,1,NULL,1,'2026-05-01 13:09:58',NULL,NULL,NULL,10,NULL,NULL,NULL,NULL,NULL,NULL,1,NULL,NULL,NULL,NULL,NULL,NULL);
INSERT INTO `datosadjuntos` VALUES(186,'imagen_blog','image/webp','preparacion-del-suelo-para-calabacin-1777641002659.webp','Preparación del suelo para calabacín','{"seo_alt":"Suelo bien preparado con caballones listos para la siembra de calabacín, mostrando la importancia de la materia orgánica.","seo_title":"Preparación del suelo para calabacín","profile_object_x":50,"profile_object_y":50,"profile_object_zoom":100,"profile_style":"","es_portada_blog":false}',NULL,NULL,NULL,'uploads/blog/preparacion-del-suelo-para-calabacin-1777641002659.webp',110818,NULL,NULL,NULL,NULL,0,2,NULL,1,'2026-05-01 13:10:04',NULL,NULL,NULL,10,NULL,NULL,NULL,NULL,NULL,NULL,1,NULL,NULL,NULL,NULL,NULL,NULL);
INSERT INTO `datosadjuntos` VALUES(187,'imagen_blog','image/webp','calabacin-entutorado-y-productivo-1777641009707.webp','Calabacín entutorado y productivo','{"seo_alt":"Planta de calabacín sana y entutorada, mostrando frutos en desarrollo y la técnica de guiado para un cultivo óptimo.","seo_title":"Calabacín entutorado y productivo","profile_object_x":50,"profile_object_y":50,"profile_object_zoom":100,"profile_style":"","es_portada_blog":false}',NULL,NULL,NULL,'uploads/blog/calabacin-entutorado-y-productivo-1777641009707.webp',98638,NULL,NULL,NULL,NULL,0,3,NULL,1,'2026-05-01 13:10:13',NULL,NULL,NULL,10,NULL,NULL,NULL,NULL,NULL,NULL,1,NULL,NULL,NULL,NULL,NULL,NULL);
INSERT INTO `datosadjuntos` VALUES(188,'imagen_blog','image/webp','cultivo-de-calabacin-amanecer-en-el-huerto-1777641676126.webp','Cultivo de Calabacín: Amanecer en el Huerto','{"seo_alt":"Imagen de un campo de calabacines bajo la luz del amanecer, con un agricultor inspeccionando la cosecha. Ideal para principiantes.","seo_title":"Cultivo de Calabacín: Amanecer en el Huerto","profile_object_x":50,"profile_object_y":50,"profile_object_zoom":100,"profile_style":"","es_portada_blog":true}',NULL,NULL,NULL,'uploads/blog/cultivo-de-calabacin-amanecer-en-el-huerto-1777641676126.webp',92148,NULL,NULL,NULL,NULL,1,1,NULL,1,'2026-05-01 13:21:18',NULL,NULL,NULL,10,NULL,NULL,NULL,NULL,NULL,NULL,1,NULL,NULL,NULL,NULL,NULL,NULL);
INSERT INTO `datosadjuntos` VALUES(189,'imagen_blog','image/webp','calabacin-raices-en-suelo-fertil-1777641682619.webp','Calabacín: Raíces en Suelo Fértil','{"seo_alt":"Detalle de una planta de calabacín con raíces robustas en un suelo rico y bien preparado, simbolizando un buen inicio de cultivo.","seo_title":"Calabacín: Raíces en Suelo Fértil","profile_object_x":50,"profile_object_y":50,"profile_object_zoom":100,"profile_style":"","es_portada_blog":false}',NULL,NULL,NULL,'uploads/blog/calabacin-raices-en-suelo-fertil-1777641682619.webp',112572,NULL,NULL,NULL,NULL,0,2,NULL,1,'2026-05-01 13:21:25',NULL,NULL,NULL,10,NULL,NULL,NULL,NULL,NULL,NULL,1,NULL,NULL,NULL,NULL,NULL,NULL);
INSERT INTO `datosadjuntos` VALUES(190,'imagen_blog','image/webp','entutorado-del-calabacin-soporte-para-el-crecimiento-1777641691005.webp','Entutorado del Calabacín: Soporte para el Crecimiento','{"seo_alt":"Manos atando una planta joven de calabacín a un tutor de madera, ilustrando el cuidado y soporte necesarios para su desarrollo.","seo_title":"Entutorado del Calabacín: Soporte para el Crecimiento","profile_object_x":50,"profile_object_y":50,"profile_object_zoom":100,"profile_style":"","es_portada_blog":false}',NULL,NULL,NULL,'uploads/blog/entutorado-del-calabacin-soporte-para-el-crecimiento-1777641691005.webp',90404,NULL,NULL,NULL,NULL,0,3,NULL,1,'2026-05-01 13:21:33',NULL,NULL,NULL,10,NULL,NULL,NULL,NULL,NULL,NULL,1,NULL,NULL,NULL,NULL,NULL,NULL);
INSERT INTO `datosadjuntos` VALUES(191,'imagen_blog','image/webp','calabacin-saludable-en-huerto-soleado-1777748353456.webp','Calabacín saludable en huerto soleado','{"seo_alt":"Imagen de una planta de calabacín vigorosa con frutos verdes listos para cosechar en un huerto al aire libre.","seo_title":"Calabacín saludable en huerto soleado","profile_object_x":50,"profile_object_y":50,"profile_object_zoom":100,"profile_style":"","es_portada_blog":true}',NULL,NULL,NULL,'uploads/blog/calabacin-saludable-en-huerto-soleado-1777748353456.webp',109108,NULL,NULL,NULL,NULL,1,1,NULL,1,'2026-05-02 18:59:16',NULL,NULL,NULL,10,NULL,NULL,NULL,NULL,NULL,NULL,1,NULL,NULL,NULL,NULL,NULL,NULL);
INSERT INTO `datosadjuntos` VALUES(192,'imagen_blog','image/webp','semillero-de-calabacin-en-tierra-fertil-1777748361806.webp','Semillero de calabacín en tierra fértil','{"seo_alt":"Primer plano de una joven planta de calabacín brotando en suelo orgánico y bien preparado, bajo luz natural.","seo_title":"Semillero de calabacín en tierra fértil","profile_object_x":50,"profile_object_y":50,"profile_object_zoom":100,"profile_style":"","es_portada_blog":false}',NULL,NULL,NULL,'uploads/blog/semillero-de-calabacin-en-tierra-fertil-1777748361806.webp',80154,NULL,NULL,NULL,NULL,0,2,NULL,1,'2026-05-02 18:59:24',NULL,NULL,NULL,10,NULL,NULL,NULL,NULL,NULL,NULL,1,NULL,NULL,NULL,NULL,NULL,NULL);
INSERT INTO `datosadjuntos` VALUES(193,'imagen_blog','image/webp','siembra-manual-de-semillas-de-calabacin-1777748367089.webp','Siembra manual de semillas de calabacín','{"seo_alt":"Manos de jardinero sembrando semillas de calabacín en un bancal preparado, mostrando cuidado y técnica.","seo_title":"Siembra manual de semillas de calabacín","profile_object_x":50,"profile_object_y":50,"profile_object_zoom":100,"profile_style":"","es_portada_blog":false}',NULL,NULL,NULL,'uploads/blog/siembra-manual-de-semillas-de-calabacin-1777748367089.webp',102902,NULL,NULL,NULL,NULL,0,3,NULL,1,'2026-05-02 18:59:30',NULL,NULL,NULL,10,NULL,NULL,NULL,NULL,NULL,NULL,1,NULL,NULL,NULL,NULL,NULL,NULL);
INSERT INTO `datosadjuntos` VALUES(194,'documento','application/pdf','Documento_Web','Poda apical en calabaza para frutos y semillas','Este estudio evalúa el efecto de la poda apical en la producción de frutos y semillas de calabaza (Cucurbita moschata). La poda busca equilibrar el desarrollo vegetativo, la floración y la fructificación, desviando auxinas hacia las yemas laterales para estimular su crecimiento. Se investigó la influencia de la poda en el sexto, octavo y décimo nudo de la rama principal, concluyendo que no hubo un impacto significativo en la productividad total de frutos y semillas, aunque sí en el número de ramas secundarias.','La poda apical, también conocida como desponte o capación, se realiza en la haste principal de cucurbitáceas para equilibrar el desarrollo de la planta.\nAltas concentraciones de auxina en el meristema apical se desvían a las gemas laterales tras la poda, promoviendo el crecimiento de ramas secundarias.\nEl estudio no encontró diferencias significativas en la producción de frutos y semillas de calabaza con la poda apical, aunque sí en el número de ramas secundarias.\nSe obtuvieron altas medias de germinación (94%) y productividad de frutos (16.9 t ha-1) y semillas (148 kg ha-1) en plantas no podadas.\nLa poda apical busca estimular la emisión de brotes laterales, lo que podría aumentar el número de flores femeninas y la fijación de frutos por planta.',NULL,NULL,'https://web.archive.org/web/2/https://www.cabidigitallibrary.org/doi/pdf/10.5555/20143325852',0,NULL,NULL,NULL,NULL,0,1,NULL,1,'2026-05-02 19:36:01',NULL,NULL,NULL,21,NULL,NULL,NULL,NULL,NULL,NULL,1,NULL,NULL,NULL,NULL,NULL,NULL);
INSERT INTO `datosadjuntos` VALUES(196,'imagen','image/jpeg','1 (4).jpg',NULL,'{"profile_object_x":53,"profile_object_y":25,"profile_object_zoom":100,"profile_style":"","watermarked":true}',NULL,NULL,NULL,'uploads/usuario/usuario_1_1777891355761.jpg',60779,NULL,NULL,NULL,NULL,0,2,NULL,0,'2026-05-04 10:42:39','2026-05-22 18:44:25','2026-05-08 19:19:56',1,NULL,NULL,NULL,NULL,NULL,NULL,NULL,0,NULL,NULL,NULL,NULL,NULL,NULL);
INSERT INTO `datosadjuntos` VALUES(197,'imagen','image/jpeg','1 (12).jpg',NULL,'{"profile_object_x":49,"profile_object_y":30,"profile_object_zoom":100,"profile_style":""}',NULL,NULL,NULL,'uploads/usuario/usuario_1_1778048929765.jpg',39088,NULL,NULL,NULL,NULL,0,3,NULL,0,'2026-05-06 06:28:52','2026-05-22 18:44:25','2026-05-06 06:30:00',1,NULL,NULL,NULL,NULL,NULL,NULL,NULL,0,NULL,NULL,NULL,NULL,NULL,NULL);
INSERT INTO `datosadjuntos` VALUES(198,'imagen','image/jpeg','1 (14).jpg',NULL,'{"profile_object_x":50,"profile_object_y":23,"profile_object_zoom":100,"profile_style":""}',NULL,NULL,NULL,'uploads/usuario/usuario_1_1778050168849.jpg',0,NULL,NULL,NULL,NULL,0,3,NULL,0,'2026-05-06 06:49:30','2026-05-22 18:44:25','2026-05-06 06:51:34',1,NULL,NULL,NULL,NULL,NULL,NULL,NULL,0,NULL,NULL,NULL,NULL,NULL,NULL);
INSERT INTO `datosadjuntos` VALUES(199,'imagen','image/jpeg','17780502958449135274811577836027.jpg',NULL,'{"profile_object_x":40.96383090729409,"profile_object_y":78.02340363847449,"profile_object_zoom":188,"profile_brightness":132,"profile_contrast":100,"profile_style":""}',NULL,NULL,NULL,'uploads/usuario/usuario_1_1778050303784.jpg',0,NULL,NULL,NULL,NULL,0,3,NULL,0,'2026-05-06 06:51:48','2026-05-22 18:44:25','2026-05-06 07:24:55',1,NULL,NULL,NULL,NULL,NULL,NULL,NULL,0,NULL,NULL,NULL,NULL,NULL,NULL);
INSERT INTO `datosadjuntos` VALUES(200,'imagen','image/jpeg','17780522980976951785180372656068.jpg',NULL,'{"profile_object_x":50,"profile_object_y":37,"profile_object_zoom":100,"profile_style":""}',NULL,NULL,NULL,'uploads/usuario/usuario_1_1778052304264.jpg',0,NULL,NULL,NULL,NULL,0,3,NULL,0,'2026-05-06 07:25:07','2026-05-22 18:44:25','2026-05-06 11:18:29',1,NULL,NULL,NULL,NULL,NULL,NULL,NULL,0,NULL,NULL,NULL,NULL,NULL,NULL);
INSERT INTO `datosadjuntos` VALUES(201,'imagen','image/jpeg','1000067317.jpg',NULL,'{"profile_object_x":39,"profile_object_y":7,"profile_object_zoom":100,"profile_style":""}',NULL,NULL,NULL,'uploads/usuario/usuario_1_1778052346188.jpg',0,NULL,NULL,NULL,NULL,0,4,NULL,0,'2026-05-06 07:25:47','2026-05-22 18:44:25','2026-05-06 10:36:22',1,NULL,NULL,NULL,NULL,NULL,NULL,NULL,0,NULL,NULL,NULL,NULL,NULL,NULL);
INSERT INTO `datosadjuntos` VALUES(202,'imagen','image/jpeg','blob',NULL,'{"profile_object_x":50,"profile_object_y":50,"profile_object_zoom":100,"profile_style":"","seo_alt":"Retrato de hombre joven con barba y pelo oscuro, mirando al frente.","dominant_color":"rgb(232, 216, 216)","vibrant_color":"#c45c3c","blurhash":"LYL:v2EN?^^j~Wt7s:S2tls:RjWB","exif_data":null}',NULL,NULL,NULL,'uploads/especies/retrato-de-hombre-joven-con-barba-y-pelo-oscuro-mirando-al-frente-1778053313285.webp',20235,NULL,NULL,NULL,NULL,0,1,NULL,0,'2026-05-06 07:41:56','2026-05-22 18:44:25','2026-05-06 07:42:31',NULL,5,NULL,NULL,NULL,NULL,NULL,NULL,0,NULL,NULL,NULL,NULL,NULL,NULL);
INSERT INTO `datosadjuntos` VALUES(203,'imagen','image/jpeg','ai-generated-1778053347212.jpg',NULL,'{"profile_object_x":50,"profile_object_y":50,"profile_object_zoom":100,"profile_style":"","seo_alt":"Berenjenas verdes alargadas en planta con hojas y pequeñas flores amarillas.","dominant_color":"rgb(88, 136, 8)","vibrant_color":"#93b607","blurhash":"LKD,}FMxRpt7_KWARkn+t5tPWAtR","exif_data":{}}',NULL,NULL,NULL,'uploads/especies/berenjenas-verdes-alargadas-en-planta-con-hojas-y-pequenas-flores-amarillas-1778053349817.webp',1487424,NULL,NULL,NULL,NULL,0,2,NULL,0,'2026-05-06 07:42:34','2026-05-22 18:44:25','2026-05-06 07:42:39',NULL,5,NULL,NULL,NULL,NULL,NULL,NULL,0,NULL,NULL,NULL,NULL,NULL,NULL);
INSERT INTO `datosadjuntos` VALUES(204,'imagen','image/jpg','temp-1778059962607-115.jpg',NULL,'{"profile_object_x":50,"profile_object_y":50,"profile_object_zoom":100,"profile_style":"","seo_alt":"Retrato de hombre joven con barba, pelo oscuro y camiseta verde.","dominant_color":"rgb(232, 216, 216)","vibrant_color":"#c45c3c","blurhash":"LYL:v2EN?^^j~Wt7s:S2tls:RjWB","exif_data":null,"watermarked":true}',NULL,NULL,NULL,'uploads/especies/retrato-de-hombre-joven-con-barba-pelo-oscuro-y-camiseta-verde-1778059969352.webp',20235,NULL,NULL,NULL,NULL,0,1,NULL,1,'2026-05-06 09:32:52','2026-05-22 18:44:25',NULL,NULL,5,NULL,NULL,NULL,NULL,NULL,NULL,0,NULL,NULL,NULL,NULL,NULL,NULL);
INSERT INTO `datosadjuntos` VALUES(205,'imagen','image/jpg','temp-ai-1778059993502.jpg',NULL,'{"profile_object_x":50,"profile_object_y":50,"profile_object_zoom":100,"profile_style":"","seo_alt":"Pintura de lobo antropomórfico con chaqueta de mezclilla y objeto texturizado.","dominant_color":"rgb(200, 200, 184)","vibrant_color":"#b3824b","blurhash":"LQI5D3W=~q%2~p?HoLIV-:t6RjWC","exif_data":{},"watermarked":true}',NULL,NULL,NULL,'uploads/especies/pintura-de-lobo-antropomorfico-con-chaqueta-de-mezclilla-y-objeto-texturizado-1778060006859.webp',2025304,NULL,NULL,NULL,NULL,1,2,NULL,1,'2026-05-06 09:33:30','2026-05-22 18:44:25',NULL,NULL,5,NULL,NULL,NULL,NULL,NULL,NULL,0,NULL,NULL,NULL,NULL,NULL,NULL);
INSERT INTO `datosadjuntos` VALUES(206,'imagen','image/jpg','temp-ai-1778060034832.jpg',NULL,'{"profile_object_x":50,"profile_object_y":50,"profile_object_zoom":100,"profile_style":"","seo_alt":"Berenjena morada oscura colgando de la planta con hojas verdes y una flor amarilla.","dominant_color":"rgb(24, 8, 8)","vibrant_color":"#72a30c","blurhash":"LKAUl[%fXiti??t8M|k8bqozVyV@","exif_data":{},"watermarked":true}',NULL,NULL,NULL,'uploads/especies/berenjena-morada-oscura-colgando-de-la-planta-con-hojas-verdes-y-una-flor-amarilla-1778060041242.webp',1350233,NULL,NULL,NULL,NULL,0,3,NULL,1,'2026-05-06 09:34:04','2026-05-22 18:44:25',NULL,NULL,5,NULL,NULL,NULL,NULL,NULL,NULL,0,NULL,NULL,NULL,NULL,NULL,NULL);
INSERT INTO `datosadjuntos` VALUES(207,'imagen','image/jpeg','17780637840018487119358964086391.jpg',NULL,'{"profile_object_x":73,"profile_object_y":33,"profile_object_zoom":100,"profile_style":""}',NULL,NULL,NULL,'uploads/usuario/usuario_1_1778063788910.jpg',0,NULL,NULL,NULL,NULL,0,4,NULL,0,'2026-05-06 10:36:32','2026-05-22 18:44:25','2026-05-06 10:36:35',1,NULL,NULL,NULL,NULL,NULL,NULL,NULL,0,NULL,NULL,NULL,NULL,NULL,NULL);
INSERT INTO `datosadjuntos` VALUES(208,'imagen','image/jpeg','1 (14).jpg',NULL,'{"profile_object_x":61,"profile_object_y":18,"profile_object_zoom":100,"profile_style":"","watermarked":true}',NULL,NULL,NULL,'uploads/usuario/usuario_1_1778066330928.jpg',0,NULL,NULL,NULL,NULL,0,3,NULL,0,'2026-05-06 11:18:52','2026-05-22 18:44:25','2026-05-08 19:19:54',1,NULL,NULL,NULL,NULL,NULL,NULL,NULL,0,NULL,NULL,NULL,NULL,NULL,NULL);
INSERT INTO `datosadjuntos` VALUES(209,'imagen','image/jpg','temp-1778074829841-113.jpg',NULL,'{"profile_object_x":50,"profile_object_y":50,"profile_object_zoom":100,"profile_style":"","seo_alt":"Retrato de hombre mayor con pelo gris y camiseta azul.","dominant_color":"rgb(248, 248, 248)","vibrant_color":"#34cbf8","blurhash":"LuN]w*IU*0?H^*ogs:bbKjs+RPNH","exif_data":null}',NULL,NULL,NULL,'uploads/especies/retrato-de-hombre-mayor-con-pelo-gris-y-camiseta-azul-1778074841004.webp',58335,NULL,NULL,NULL,NULL,0,4,NULL,0,'2026-05-06 13:40:44','2026-05-22 18:44:25','2026-05-06 13:52:26',NULL,5,NULL,NULL,NULL,NULL,NULL,NULL,0,NULL,NULL,NULL,NULL,NULL,NULL);
INSERT INTO `datosadjuntos` VALUES(210,'imagen','image/jpg','temp-1778075549298-114.jpg',NULL,'{"profile_object_x":50,"profile_object_y":50,"profile_object_zoom":100,"profile_style":"","seo_alt":"Retrato de un hombre mayor; no se observan berenjenas ni elementos agrícolas.","dominant_color":"rgb(232, 216, 216)","vibrant_color":"#cc5444","blurhash":"LcM~%;EL?^?G^*ogWBofTenisAS2","exif_data":null}',NULL,NULL,NULL,'uploads/especies/retrato-de-un-hombre-mayor-no-se-observan-berenjenas-ni-elementos-agricolas-1778075558661.webp',20541,NULL,NULL,NULL,NULL,0,4,NULL,0,'2026-05-06 13:52:42','2026-05-22 18:44:25','2026-05-06 13:55:42',NULL,5,NULL,NULL,NULL,NULL,NULL,NULL,0,NULL,NULL,NULL,NULL,NULL,NULL);
INSERT INTO `datosadjuntos` VALUES(211,'imagen','image/jpg','temp-1778075745881-115.jpg',NULL,'{"profile_object_x":50,"profile_object_y":50,"profile_object_zoom":100,"profile_style":"","seo_alt":"Retrato de hombre joven con barba y pelo oscuro, mirando al frente.","dominant_color":"rgb(232, 216, 216)","vibrant_color":"#c45c3c","blurhash":"LYL:v2EN?^^j~Wt7s:S2tls:RjWB","exif_data":null}',NULL,NULL,NULL,'uploads/especies/retrato-de-hombre-joven-con-barba-y-pelo-oscuro-mirando-al-frente-1778075752337.webp',20235,NULL,NULL,NULL,NULL,0,4,NULL,0,'2026-05-06 13:55:56','2026-05-22 18:44:25','2026-05-06 14:11:34',NULL,5,NULL,NULL,NULL,NULL,NULL,NULL,0,NULL,NULL,NULL,NULL,NULL,NULL);
INSERT INTO `datosadjuntos` VALUES(212,'imagen','image/jpg','temp-1778077870502-114.jpg',NULL,'{"profile_object_x":50,"profile_object_y":50,"profile_object_zoom":100,"profile_style":"","seo_alt":"Retrato de hombre mayor. No hay berenjenas ni elementos agrícolas visibles.","dominant_color":"rgb(232, 216, 216)","vibrant_color":"#cc5444","blurhash":"LcM~%;EL?^?G^*ogWBofTenisAS2","exif_data":null,"watermarked":true}',NULL,NULL,NULL,'uploads/especies/retrato-de-hombre-mayor-no-hay-berenjenas-ni-elementos-agricolas-visibles-1778077881915.webp',20541,NULL,NULL,NULL,NULL,0,4,NULL,1,'2026-05-06 14:31:24','2026-05-22 18:44:25',NULL,NULL,5,NULL,NULL,NULL,NULL,NULL,NULL,0,NULL,NULL,NULL,NULL,NULL,NULL);
INSERT INTO `datosadjuntos` VALUES(213,'imagen','image/jpeg','1 (15).jpg',NULL,'{"profile_object_x":51,"profile_object_y":30,"profile_object_zoom":100,"profile_style":""}',NULL,NULL,NULL,'uploads/usuario/usuario_1_1778083243071.jpg',0,NULL,NULL,NULL,NULL,0,4,NULL,0,'2026-05-06 16:00:44','2026-05-22 18:44:25','2026-05-06 16:00:50',1,NULL,NULL,NULL,NULL,NULL,NULL,NULL,0,NULL,NULL,NULL,NULL,NULL,NULL);
INSERT INTO `datosadjuntos` VALUES(214,'imagen','image/jpg','temp-1778083672723-113.jpg',NULL,'{"profile_object_x":50,"profile_object_y":50,"profile_object_zoom":100,"profile_style":"","seo_alt":"Retrato de hombre mayor con pelo gris y camiseta azul.","dominant_color":"rgb(248, 248, 248)","vibrant_color":"#34cbf8","blurhash":"LuN]w*IU*0?H^*ogs:bbKjs+RPNH","exif_data":null}',NULL,NULL,NULL,'uploads/especies/retrato-de-hombre-mayor-con-pelo-gris-y-camiseta-azul-1778083679574.webp',58335,NULL,NULL,NULL,NULL,1,1,NULL,0,'2026-05-06 16:08:02','2026-05-22 18:44:25','2026-05-06 20:06:15',NULL,23,NULL,NULL,NULL,NULL,NULL,NULL,0,NULL,NULL,NULL,NULL,NULL,NULL);
INSERT INTO `datosadjuntos` VALUES(215,'imagen','image/jpeg','1 (15).jpg',NULL,'{"profile_object_x":50,"profile_object_y":50,"profile_object_zoom":100,"profile_brightness":100,"profile_contrast":100,"profile_style":"","seo_alt":"Borraja 1","dominant_color":null,"vibrant_color":null,"blurhash":null,"exif_data":null}',NULL,NULL,NULL,'uploads/especies/borraja-1778089019050-a0id49.jpg',20235,NULL,NULL,NULL,NULL,0,2,NULL,0,'2026-05-06 17:37:00','2026-05-22 18:44:25','2026-05-06 20:06:17',NULL,23,NULL,NULL,NULL,NULL,NULL,NULL,0,NULL,NULL,NULL,NULL,NULL,NULL);
INSERT INTO `datosadjuntos` VALUES(216,'imagen','image/jpeg','1000067599.jpg',NULL,'{"profile_object_x":50,"profile_object_y":50,"profile_object_zoom":100,"profile_brightness":100,"profile_contrast":100,"profile_style":"","seo_alt":"Borraja 1","dominant_color":null,"vibrant_color":null,"blurhash":null,"exif_data":null}',NULL,NULL,NULL,'uploads/especies/borraja-1778091994491-k8d1yi.jpg',301796,NULL,NULL,NULL,NULL,0,3,NULL,0,'2026-05-06 18:26:58','2026-05-22 18:44:25','2026-05-06 20:06:19',NULL,23,NULL,NULL,NULL,NULL,NULL,NULL,0,NULL,NULL,NULL,NULL,NULL,NULL);
INSERT INTO `datosadjuntos` VALUES(217,'imagen','image/jpeg','ai-1778097382276.jpg',NULL,'{"profile_object_x":50,"profile_object_y":50,"profile_object_zoom":100,"profile_brightness":100,"profile_contrast":100,"profile_style":"","seo_alt":"Ajos generada por IA","dominant_color":null,"vibrant_color":null,"blurhash":null,"exif_data":null}',NULL,NULL,NULL,'uploads/especies/ajos-ai-1778097382279-tn864c.jpg',1386322,NULL,NULL,NULL,NULL,0,1,NULL,0,'2026-05-06 19:56:24','2026-05-22 18:44:25','2026-05-06 19:56:57',NULL,14,NULL,NULL,NULL,NULL,NULL,NULL,0,NULL,NULL,NULL,NULL,NULL,NULL);
INSERT INTO `datosadjuntos` VALUES(218,'imagen','image/jpeg','ai-1778097494148.jpg',NULL,'{"profile_object_x":50,"profile_object_y":50,"profile_object_zoom":100,"profile_brightness":100,"profile_contrast":100,"profile_style":"","seo_alt":"Ajos generada por IA","dominant_color":null,"vibrant_color":null,"blurhash":null,"exif_data":null}',NULL,NULL,NULL,'uploads/especies/ajos-ai-1778097494149-rzqwi9.jpg',1537008,NULL,NULL,NULL,NULL,0,1,NULL,0,'2026-05-06 19:58:17','2026-05-22 18:44:25','2026-05-08 10:37:56',NULL,14,NULL,NULL,NULL,NULL,NULL,NULL,0,NULL,NULL,NULL,NULL,NULL,NULL);
INSERT INTO `datosadjuntos` VALUES(219,'documento','application/pdf','Documento_Web','Guía de Cultivo de Ajo del Ministerio Español','Este documento del Ministerio de Agricultura, Pesca y Alimentación de España ofrece una guía detallada sobre el cultivo del ajo, con un enfoque en la siembra. Destaca la importancia de seleccionar dientes sanos y grandes para la plantación. Se describen los marcos de plantación comunes, tanto para siembra manual como mecanizada, y las épocas de siembra según la variedad (ajo blanco en noviembre, ajo morado en diciembre o enero). También se mencionan las labores de preparación del terreno y la rotación de cultivos.','Para la siembra, se deben seleccionar dientes sanos, grandes y bien constituidos, siendo los procedentes de Chinchón, Bañolas y Las Pedroñeras de reconocida calidad.\nLa siembra en grandes extensiones se realiza de octubre a marzo, con el ajo blanco sembrándose en noviembre y el ajo morado en diciembre o enero.\nUn marco de plantación común es de líneas separadas 50 cm, con golpes de siembra a 15 cm en la línea; otro es de 0.8x0.3 metros.\nLa siembra puede ser manual (requiriendo unos 25 jornales/hectárea) o mediante plantadoras semimanuales o máquinas especializadas con cazoletas.\nSe recomienda una preparación profunda del terreno, especialmente si se siembra después de cereales, patatas o legumbres.',NULL,'https://storage.googleapis.com/verdantia-494121.firebasestorage.app/uploads/especies_pdfs_covers/cover_14_219_1778313562233.jpg','https://web.archive.org/web/2/https://www.mapa.gob.es/ministerio/pags/biblioteca/hojas/hd_1984_01.pdf',0,NULL,NULL,NULL,NULL,0,1,NULL,1,'2026-05-06 19:59:35','2026-05-09 07:59:24',NULL,NULL,14,NULL,NULL,NULL,NULL,NULL,NULL,1,NULL,NULL,NULL,NULL,NULL,NULL);
INSERT INTO `datosadjuntos` VALUES(220,'imagen','image/jpeg','ai-1778098006469.jpg',NULL,'{"profile_object_x":50,"profile_object_y":50,"profile_object_zoom":100,"profile_brightness":100,"profile_contrast":100,"profile_style":"","seo_alt":"Borraja generada por IA","dominant_color":null,"vibrant_color":null,"blurhash":null,"exif_data":null}',NULL,NULL,NULL,'uploads/especies/borraja-ai-1778098006471-0k5irg.jpg',1608816,NULL,NULL,NULL,NULL,1,1,NULL,0,'2026-05-06 20:06:49','2026-05-22 18:44:25','2026-05-06 20:07:06',NULL,23,NULL,NULL,NULL,NULL,NULL,NULL,0,NULL,NULL,NULL,NULL,NULL,NULL);
INSERT INTO `datosadjuntos` VALUES(221,'imagen','image/jpeg','ai-1778098155002.jpg',NULL,'{"profile_object_x":50,"profile_object_y":50,"profile_object_zoom":100,"profile_brightness":100,"profile_contrast":100,"profile_style":"","seo_alt":"Borraja generada por IA","dominant_color":null,"vibrant_color":null,"blurhash":null,"exif_data":null,"watermarked":true}',NULL,NULL,NULL,'uploads/especies/borraja-ai-1778098155003-ywc11q.jpg',1315609,NULL,NULL,NULL,NULL,1,1,NULL,1,'2026-05-06 20:09:17','2026-05-22 18:44:25',NULL,NULL,23,NULL,NULL,NULL,NULL,NULL,NULL,0,NULL,NULL,NULL,NULL,NULL,NULL);
INSERT INTO `datosadjuntos` VALUES(222,'imagen','image/jpeg','ai-1778098434828.jpg',NULL,'{"profile_object_x":73.31818181818181,"profile_object_y":45.63636363636363,"profile_object_zoom":110,"profile_brightness":100,"profile_contrast":100,"profile_style":"","seo_alt":"Tomate generada por IA","watermarked":true}',NULL,NULL,NULL,'uploads/especies/tomate-ai-1778098434830-sjtgrj.jpg',1417107,NULL,NULL,NULL,NULL,1,1,NULL,1,'2026-05-06 20:13:56','2026-05-29 17:28:30',NULL,NULL,3,NULL,NULL,NULL,NULL,NULL,NULL,0,NULL,NULL,NULL,NULL,NULL,NULL);
INSERT INTO `datosadjuntos` VALUES(223,'imagen','image/jpeg','ai-1778235579082.jpg',NULL,'{"profile_object_x":50,"profile_object_y":50,"profile_object_zoom":100,"profile_brightness":100,"profile_contrast":100,"profile_style":"","seo_alt":"Ajos generada por IA","dominant_color":null,"vibrant_color":null,"blurhash":null,"exif_data":null}',NULL,NULL,NULL,'uploads/especies/ajos-ai-1778235579083-owsnyy.jpg',1722552,NULL,NULL,NULL,NULL,0,2,NULL,0,'2026-05-08 10:19:39','2026-05-22 18:44:25','2026-05-08 10:25:07',NULL,14,NULL,NULL,NULL,NULL,NULL,NULL,0,NULL,NULL,NULL,NULL,NULL,NULL);
INSERT INTO `datosadjuntos` VALUES(224,'imagen','image/jpeg','ai-1778236020216.jpg',NULL,'{"profile_object_x":50,"profile_object_y":50,"profile_object_zoom":100,"profile_brightness":100,"profile_contrast":100,"profile_style":"","seo_alt":"Ajos generada por IA","dominant_color":null,"vibrant_color":null,"blurhash":null,"exif_data":null}',NULL,NULL,NULL,'uploads/especies/ajos-ai-1778236020217-bkuait.jpg',1541819,NULL,NULL,NULL,NULL,0,2,NULL,0,'2026-05-08 10:27:01','2026-05-22 18:44:25','2026-05-08 10:27:38',NULL,14,NULL,NULL,NULL,NULL,NULL,NULL,0,NULL,NULL,NULL,NULL,NULL,NULL);
INSERT INTO `datosadjuntos` VALUES(225,'imagen','image/jpeg','ai-1778236195364.jpg',NULL,'{"profile_object_x":50,"profile_object_y":50,"profile_object_zoom":100,"profile_brightness":100,"profile_contrast":100,"profile_style":"","seo_alt":"Ajos - diente de ajo\\n","dominant_color":null,"vibrant_color":null,"blurhash":null,"exif_data":null}',NULL,NULL,NULL,'uploads/especies/ajos-ai-1778236195365-54pii1.jpg',1445106,NULL,NULL,NULL,NULL,0,2,NULL,0,'2026-05-08 10:29:55','2026-05-22 18:44:25','2026-05-08 10:33:40',NULL,14,NULL,NULL,NULL,NULL,NULL,NULL,0,NULL,NULL,NULL,NULL,NULL,NULL);
INSERT INTO `datosadjuntos` VALUES(226,'imagen','image/jpeg','ajos-1778236414525.jpg',NULL,'{"profile_object_x":50,"profile_object_y":50,"profile_object_zoom":100,"profile_brightness":100,"profile_contrast":100,"profile_style":"","seo_alt":"Ajos - diente de ajo\\n","dominant_color":null,"vibrant_color":null,"blurhash":null,"exif_data":null}',NULL,NULL,NULL,'uploads/especies/ajos-ai-1778236414527-zjv3ts.jpg',1550675,NULL,NULL,NULL,NULL,0,3,NULL,0,'2026-05-08 10:33:34','2026-05-22 18:44:25','2026-05-08 10:37:52',NULL,14,NULL,NULL,NULL,NULL,NULL,NULL,0,NULL,NULL,NULL,NULL,NULL,NULL);
INSERT INTO `datosadjuntos` VALUES(227,'imagen','image/jpeg','ajos-1778236495107.jpg',NULL,'{"profile_object_x":50,"profile_object_y":50,"profile_object_zoom":100,"profile_brightness":100,"profile_contrast":100,"profile_style":"","seo_alt":"Ajos - ristra de ajos","dominant_color":null,"vibrant_color":null,"blurhash":null,"exif_data":null}',NULL,NULL,NULL,'uploads/especies/ajos-ai-1778236495108-w3a8ya.jpg',1754790,NULL,NULL,NULL,NULL,0,3,NULL,0,'2026-05-08 10:34:55','2026-05-22 18:44:25','2026-05-08 10:37:47',NULL,14,NULL,NULL,NULL,NULL,NULL,NULL,0,NULL,NULL,NULL,NULL,NULL,NULL);
INSERT INTO `datosadjuntos` VALUES(228,'imagen','image/jpeg','ajos-1778236733530.jpg',NULL,'{"profile_object_x":50,"profile_object_y":50,"profile_object_zoom":100,"profile_brightness":100,"profile_contrast":100,"profile_style":"","seo_alt":"Ajos - En la planta con fruto maduro","dominant_color":null,"vibrant_color":null,"blurhash":null,"exif_data":null}',NULL,NULL,NULL,'uploads/especies/ajos-ai-1778236733530-28i0d4.jpg',1803953,NULL,NULL,NULL,NULL,0,1,NULL,0,'2026-05-08 10:38:54','2026-05-22 18:44:25','2026-05-08 10:39:54',NULL,14,NULL,NULL,NULL,NULL,NULL,NULL,0,NULL,NULL,NULL,NULL,NULL,NULL);
INSERT INTO `datosadjuntos` VALUES(229,'imagen','image/jpeg','ajos-cabeza-de-ajos-1778236999201.jpg',NULL,'{"profile_object_x":50,"profile_object_y":50,"profile_object_zoom":100,"profile_brightness":100,"profile_contrast":100,"profile_style":"","seo_alt":"Ajos - cabeza de ajos","dominant_color":null,"vibrant_color":null,"blurhash":null,"exif_data":null}',NULL,NULL,NULL,'uploads/especies/ajos-cabeza-de-ajos-1778236999201.jpg',1414455,NULL,NULL,NULL,NULL,0,1,NULL,0,'2026-05-08 10:43:19','2026-05-22 18:44:25','2026-05-08 10:43:30',NULL,14,NULL,NULL,NULL,NULL,NULL,NULL,0,NULL,NULL,NULL,NULL,NULL,NULL);
INSERT INTO `datosadjuntos` VALUES(230,'imagen','image/jpeg','ajos-cabeza-de-ajos-quiero-ver-los-ajos-no-el-capullo-flroal-1778237038659.jpg',NULL,'{"profile_object_x":50,"profile_object_y":50,"profile_object_zoom":100,"profile_brightness":100,"profile_contrast":100,"profile_style":"","seo_alt":"Ajos - cabeza de ajos, quiero ver los ajos no el capullo flroal\\n","dominant_color":null,"vibrant_color":null,"blurhash":null,"exif_data":null}',NULL,NULL,NULL,'uploads/especies/ajos-cabeza-de-ajos-quiero-ver-los-ajos-no-el-capullo-flroal-1778237038659.jpg',1234103,NULL,NULL,NULL,NULL,0,1,NULL,0,'2026-05-08 10:43:59','2026-05-22 18:44:25','2026-05-08 10:45:33',NULL,14,NULL,NULL,NULL,NULL,NULL,NULL,0,NULL,NULL,NULL,NULL,NULL,NULL);
INSERT INTO `datosadjuntos` VALUES(231,'imagen','image/jpeg','ajos-1778237190039.jpg',NULL,'{"profile_object_x":50,"profile_object_y":50,"profile_object_zoom":100,"profile_brightness":100,"profile_contrast":100,"profile_style":"","seo_alt":"Ajos","dominant_color":null,"vibrant_color":null,"blurhash":null,"exif_data":null}',NULL,NULL,NULL,'uploads/especies/ajos-1778237190039.jpg',1252010,NULL,NULL,NULL,NULL,0,1,NULL,0,'2026-05-08 10:46:30','2026-05-22 18:44:25','2026-05-08 10:46:55',NULL,14,NULL,NULL,NULL,NULL,NULL,NULL,0,NULL,NULL,NULL,NULL,NULL,NULL);
INSERT INTO `datosadjuntos` VALUES(232,'imagen','image/jpeg','ajos-1778237249979.jpg',NULL,'{"profile_object_x":50,"profile_object_y":50,"profile_object_zoom":100,"profile_brightness":100,"profile_contrast":100,"profile_style":"","seo_alt":"Ajos","dominant_color":null,"vibrant_color":null,"blurhash":null,"exif_data":null}',NULL,NULL,NULL,'uploads/especies/ajos-1778237249979.jpg',1738097,NULL,NULL,NULL,NULL,0,1,NULL,0,'2026-05-08 10:47:30','2026-05-22 18:44:25','2026-05-08 10:47:42',NULL,14,NULL,NULL,NULL,NULL,NULL,NULL,0,NULL,NULL,NULL,NULL,NULL,NULL);
INSERT INTO `datosadjuntos` VALUES(233,'imagen','image/jpeg','ai-1778237564247.jpg',NULL,'{"profile_object_x":50,"profile_object_y":50,"profile_object_zoom":100,"profile_brightness":100,"profile_contrast":100,"profile_style":"","seo_alt":"Ajos generada por IA","dominant_color":null,"vibrant_color":null,"blurhash":null,"exif_data":null}',NULL,NULL,NULL,'uploads/especies/ajos-ai-1778237564248-d7n2vb.jpg',1486459,NULL,NULL,NULL,NULL,0,1,NULL,0,'2026-05-08 10:52:44','2026-05-22 18:44:25','2026-05-08 10:59:29',NULL,14,NULL,NULL,NULL,NULL,NULL,NULL,0,NULL,NULL,NULL,NULL,NULL,NULL);
INSERT INTO `datosadjuntos` VALUES(234,'imagen','image/jpeg','ajos-1778238008159.jpg',NULL,'{"profile_object_x":50,"profile_object_y":50,"profile_object_zoom":100,"profile_brightness":100,"profile_contrast":100,"profile_style":"","seo_alt":"Ajos","dominant_color":null,"vibrant_color":null,"blurhash":null,"exif_data":null}',NULL,NULL,NULL,'uploads/especies/ajos-1778238008159.jpg',1521891,NULL,NULL,NULL,NULL,0,1,NULL,0,'2026-05-08 11:00:08','2026-05-22 18:44:25','2026-05-08 11:02:03',NULL,14,NULL,NULL,NULL,NULL,NULL,NULL,0,NULL,NULL,NULL,NULL,NULL,NULL);
INSERT INTO `datosadjuntos` VALUES(235,'imagen','image/jpeg','capullo-purpura-de-ajo-con-rocio-en-tallo-erguido-entre-hojas-verdes-1778238529670.jpg',NULL,'{"profile_object_x":50,"profile_object_y":50,"profile_object_zoom":100,"profile_brightness":100,"profile_contrast":100,"profile_style":"","seo_alt":"Capullo púrpura de ajo con rocío en tallo erguido entre hojas verdes","dominant_color":null,"vibrant_color":null,"blurhash":null,"exif_data":null}',NULL,NULL,NULL,'uploads/especies/capullo-purpura-de-ajo-con-rocio-en-tallo-erguido-entre-hojas-verdes-1778238529670.jpg',1240736,NULL,NULL,NULL,NULL,0,1,NULL,0,'2026-05-08 11:08:50','2026-05-22 18:44:25','2026-05-08 11:09:08',NULL,14,NULL,NULL,NULL,NULL,NULL,NULL,0,NULL,NULL,NULL,NULL,NULL,NULL);
INSERT INTO `datosadjuntos` VALUES(236,'imagen','image/jpeg','manojo-de-ajos-blancos-frescos-sobre-superficie-oscura-con-fondo-verde-natural-1778238596946.jpg',NULL,'{"profile_object_x":50,"profile_object_y":50,"profile_object_zoom":100,"profile_brightness":100,"profile_contrast":100,"profile_style":"","seo_alt":"Manojo de ajos blancos frescos sobre superficie oscura con fondo verde natural","dominant_color":null,"vibrant_color":null,"blurhash":null,"exif_data":null}',NULL,NULL,NULL,'uploads/especies/manojo-de-ajos-blancos-frescos-sobre-superficie-oscura-con-fondo-verde-natural-1778238596946.jpg',1298125,NULL,NULL,NULL,NULL,0,1,NULL,0,'2026-05-08 11:09:57','2026-05-22 18:44:25','2026-05-08 11:30:55',NULL,14,NULL,NULL,NULL,NULL,NULL,NULL,0,NULL,NULL,NULL,NULL,NULL,NULL);
INSERT INTO `datosadjuntos` VALUES(237,'imagen','image/jpg','temp-ai-labor-1778248769880.jpg',NULL,'{"profile_object_x":50,"profile_object_y":50,"profile_object_zoom":100,"profile_style":"","seo_alt":"Riego manual de flores rosas con agua de grifo y guante de jardinería.","dominant_color":"rgb(24, 24, 8)","vibrant_color":"#cf1846","blurhash":"LFE_5O$*62=c}sRiJ6s:1aoy$jK4","exif_data":{},"watermarked":true}',NULL,NULL,NULL,'uploads/labores/riego-manual-de-flores-rosas-con-agua-de-grifo-y-guante-de-jardineria-1778248778404.webp',1850843,NULL,NULL,NULL,NULL,0,4,NULL,1,'2026-05-08 13:59:40','2026-05-22 18:44:25',NULL,NULL,NULL,NULL,NULL,NULL,NULL,1,NULL,0,NULL,NULL,NULL,NULL,NULL,NULL);
INSERT INTO `datosadjuntos` VALUES(238,'imagen','image/jpg','temp-ai-labor-1778250087670.jpg',NULL,'{"profile_object_x":50,"profile_object_y":50,"profile_object_zoom":100,"profile_style":"","seo_alt":"Agua de riego saliendo de un tubo hacia un surco en tierra de cultivo.","dominant_color":"rgb(184, 152, 120)","vibrant_color":"#b48c34","blurhash":"LVF5Z~^%=_-n~UtR%Lt6-oR-W=oz","exif_data":{},"profile_brightness":110,"profile_contrast":115,"watermarked":true}',NULL,NULL,NULL,'uploads/labores/agua-de-riego-saliendo-de-un-tubo-hacia-un-surco-en-tierra-de-cultivo-1778250095605.webp',1629751,NULL,NULL,NULL,NULL,1,2,NULL,1,'2026-05-08 14:21:37','2026-05-22 18:44:25',NULL,NULL,NULL,NULL,NULL,NULL,NULL,1,NULL,0,NULL,NULL,NULL,NULL,NULL,NULL);
INSERT INTO `datosadjuntos` VALUES(239,'imagen','image/webp','ajo-morado-y-blanco-con-mancha-oscura-sobre-tabla-de-madera-y-tallo-verde-1778250229966.webp',NULL,'{"profile_object_x":50,"profile_object_y":50,"profile_object_zoom":109,"profile_brightness":100,"profile_contrast":100,"profile_style":"","seo_alt":"Ajo morado y blanco con mancha oscura sobre tabla de madera y tallo verde","watermarked":true}',NULL,NULL,NULL,'uploads/especies/ajo-morado-y-blanco-con-mancha-oscura-sobre-tabla-de-madera-y-tallo-verde-1778250229966.webp',1256066,NULL,NULL,NULL,NULL,0,1,NULL,1,'2026-05-08 14:23:51','2026-05-22 18:44:25',NULL,NULL,14,NULL,NULL,NULL,NULL,NULL,NULL,0,NULL,NULL,NULL,NULL,NULL,NULL);
INSERT INTO `datosadjuntos` VALUES(240,'imagen','image/jpg','temp-ai-labor-1778250670838.jpg',NULL,'{"profile_object_x":50,"profile_object_y":50,"profile_object_zoom":100,"profile_style":"","seo_alt":"Riego manual de cultivos en campo abierto con manguera y placa protectora.","dominant_color":"rgb(8, 8, 8)","vibrant_color":"#bcc52f","blurhash":"LgEfi]W.IUof_NW=Rjof?wR,WAkB","exif_data":{},"watermarked":true}',NULL,NULL,NULL,'uploads/labores/riego-manual-de-cultivos-en-campo-abierto-con-manguera-y-placa-protectora-1778250677448.webp',1859080,NULL,NULL,NULL,NULL,0,1,NULL,0,'2026-05-08 14:31:21','2026-05-22 18:44:25','2026-05-08 14:43:05',NULL,NULL,NULL,NULL,NULL,NULL,1,NULL,0,NULL,NULL,NULL,NULL,NULL,NULL);
INSERT INTO `datosadjuntos` VALUES(241,'imagen','image/jpg','temp-ai-labor-1778250723140.jpg',NULL,'{"profile_object_x":50,"profile_object_y":50,"profile_object_zoom":100,"profile_style":"","seo_alt":"Riego de cultivos: mano regando plantas verdes con boquilla de manguera.","dominant_color":"rgb(24, 40, 8)","vibrant_color":"#bcc80d","blurhash":"L4D0SZub01^5Us0201^8MLT9TC?I","exif_data":{}}',NULL,NULL,NULL,'uploads/labores/riego-de-cultivos-mano-regando-plantas-verdes-con-boquilla-de-manguera-1778250732331.webp',1694449,NULL,NULL,NULL,NULL,0,4,NULL,0,'2026-05-08 14:32:14','2026-05-22 18:44:25','2026-05-08 14:33:35',NULL,NULL,NULL,NULL,NULL,NULL,1,NULL,0,NULL,NULL,NULL,NULL,NULL,NULL);
INSERT INTO `datosadjuntos` VALUES(242,'imagen','image/jpg','temp-ai-labor-1778251113065.jpg',NULL,'{"profile_object_x":50,"profile_object_y":50,"profile_object_zoom":100,"profile_style":"","seo_alt":"Riego agrícola: agua fluyendo de tuberías y grifo a surcos en campo verde.","dominant_color":"rgb(40, 40, 24)","vibrant_color":"#84ac05","blurhash":"LBDc:2?]D,IB?iIBsFtSrhkDbat8","exif_data":{},"watermarked":true}',NULL,NULL,NULL,'uploads/labores/riego-agricola-agua-fluyendo-de-tuberias-y-grifo-a-surcos-en-campo-verde-1778251122484.webp',1778956,NULL,NULL,NULL,NULL,0,3,NULL,1,'2026-05-08 14:38:45','2026-05-22 18:44:25',NULL,NULL,NULL,NULL,NULL,NULL,NULL,1,NULL,0,NULL,NULL,NULL,NULL,NULL,NULL);
INSERT INTO `datosadjuntos` VALUES(243,'imagen','image/jpg','temp-ai-labor-1778251418997.jpg',NULL,'{"profile_object_x":50,"profile_object_y":50,"profile_object_zoom":100,"profile_style":"","seo_alt":"Campo de lechugas con riego por surcos al atardecer, sol brillante.","dominant_color":"rgb(8, 8, 8)","vibrant_color":"#b09125","blurhash":"LbD+*mRk9aoL~WRkIpoe-=R*WCof","exif_data":{}}',NULL,NULL,NULL,'uploads/labores/campo-de-lechugas-con-riego-por-surcos-al-atardecer-sol-brillante-1778251428031.webp',1859691,NULL,NULL,NULL,NULL,0,4,NULL,0,'2026-05-08 14:43:51','2026-05-22 18:44:25','2026-05-09 08:15:17',NULL,NULL,NULL,NULL,NULL,NULL,1,NULL,0,NULL,NULL,NULL,NULL,NULL,NULL);
INSERT INTO `datosadjuntos` VALUES(244,'documento','application/pdf','Documento_Web','Poda y Deshojado en Variedades de Calabacín para Industria','Este trabajo de fin de grado de la Universidad de Zaragoza explora la poda de formación y de brotes en calabacín, así como el deshojado, con un enfoque en la aptitud industrial de diferentes variedades. Aunque la poda de formación no es habitual, se sugiere la poda a dos brazos para potenciar la producción. Se enfatiza la eliminación de brotes secundarios en variedades híbridas y la importancia de un deshojado selectivo para mantener la sanidad y productividad de la planta, especialmente en la parte baja.','La poda de formación, aunque no estándar, puede realizarse cortando el tallo principal tras dos hojas verdaderas para inducir dos brazos secundarios y aumentar la producción.\nLa poda de brotes es esencial en variedades híbridas, ya que un exceso de nitrógeno puede generar brotes no productivos.\nEl deshojado debe efectuarse por la mañana, en ambiente seco, realizando cortes limpios en la unión del peciolo con el tallo, siempre por debajo de los frutos más bajos.\nEvitar podar las hojas superiores es crucial para proteger los frutos de la exposición solar directa y posibles quemaduras.\nTras cualquier poda, se recomienda aplicar tratamientos fungicidas para prevenir la entrada de patógenos a través de las heridas.',NULL,'https://storage.googleapis.com/verdantia-494121.firebasestorage.app/uploads/especies_pdfs_covers/cover_10_244_1778252055718.jpg','https://web.archive.org/web/2/https://zaguan.unizar.es/record/76356/files/TAZ-TFG-2018-4730.pdf',0,NULL,NULL,NULL,NULL,0,2,NULL,1,'2026-05-08 14:53:48','2026-05-08 14:54:17',NULL,NULL,10,NULL,NULL,NULL,NULL,NULL,NULL,1,NULL,NULL,NULL,NULL,NULL,NULL);
INSERT INTO `datosadjuntos` VALUES(245,'imagen_blog','image/webp','planta-de-calabacin-saludable-en-huerto-moderno-1778252135407.webp','Planta de Calabacín Saludable en Huerto Moderno','{"seo_alt":"Imagen de una planta de calabacín vigorosa con frutos verdes, ideal para agricultores principiantes.","seo_title":"Planta de Calabacín Saludable en Huerto Moderno","profile_object_x":50,"profile_object_y":50,"profile_object_zoom":100,"profile_style":"","es_portada_blog":true}',NULL,NULL,NULL,'uploads/blog/planta-de-calabacin-saludable-en-huerto-moderno-1778252135407.webp',119958,NULL,NULL,NULL,NULL,1,1,NULL,1,'2026-05-08 14:55:36',NULL,NULL,NULL,10,NULL,NULL,NULL,NULL,NULL,NULL,1,NULL,NULL,NULL,NULL,NULL,NULL);
INSERT INTO `datosadjuntos` VALUES(246,'imagen_blog','image/webp','preparacion-del-suelo-y-acolchado-para-calabacin-1778252141214.webp','Preparación del Suelo y Acolchado para Calabacín','{"seo_alt":"Vista aérea de un huerto con acolchado negro y plántulas de calabacín, mostrando la preparación inicial.","seo_title":"Preparación del Suelo y Acolchado para Calabacín","profile_object_x":50,"profile_object_y":50,"profile_object_zoom":100,"profile_style":"","es_portada_blog":false}',NULL,NULL,NULL,'uploads/blog/preparacion-del-suelo-y-acolchado-para-calabacin-1778252141214.webp',265156,NULL,NULL,NULL,NULL,0,2,NULL,1,'2026-05-08 14:55:42',NULL,NULL,NULL,10,NULL,NULL,NULL,NULL,NULL,NULL,1,NULL,NULL,NULL,NULL,NULL,NULL);
INSERT INTO `datosadjuntos` VALUES(247,'imagen_blog','image/webp','calabacines-recien-cosechados-y-listos-1778252148004.webp','Calabacines Recién Cosechados y Listos','{"seo_alt":"Cesta llena de calabacines verdes y frescos, listos para el consumo o procesamiento, mostrando la calidad de la cosecha.","seo_title":"Calabacines Recién Cosechados y Listos","profile_object_x":50,"profile_object_y":50,"profile_object_zoom":100,"profile_style":"","es_portada_blog":false}',NULL,NULL,NULL,'uploads/blog/calabacines-recien-cosechados-y-listos-1778252148004.webp',128956,NULL,NULL,NULL,NULL,0,3,NULL,1,'2026-05-08 14:55:49',NULL,NULL,NULL,10,NULL,NULL,NULL,NULL,NULL,NULL,1,NULL,NULL,NULL,NULL,NULL,NULL);
INSERT INTO `datosadjuntos` VALUES(248,'documento','application/pdf','Manual de Buenas Prácticas de Riego','Manual de Buenas Prácticas de Riego','Este manual de WWF España se centra en el uso eficiente del agua en la agricultura, destacando la importancia de comprender el consumo hídrico de los cultivos a través de la evapotranspiración y las características del suelo. Propone un conjunto de buenas prácticas para minimizar las pérdidas de agua, mejorar la eficiencia de aplicación y asegurar una gestión hídrica sostenible. Aborda también el marco legal del uso del agua, la necesidad de un mantenimiento adecuado de los sistemas de riego y la adopción de tecnologías avanzadas para optimizar las decisiones de riego, buscando cosechas de calidad con el menor consumo de agua posible.','',NULL,'https://storage.googleapis.com/verdantia-494121.firebasestorage.app/uploads/labores_pdfs_covers/cover_1_248_1778314598850.jpg','http://awsassets.wwf.es/downloads/buenas_practicas_de_riego.pdf',0,NULL,NULL,NULL,NULL,0,1,NULL,0,'2026-05-08 18:58:23','2026-05-12 09:59:21','2026-05-12 09:59:21',NULL,NULL,NULL,NULL,NULL,NULL,1,NULL,1,NULL,NULL,NULL,NULL,NULL,NULL);
INSERT INTO `datosadjuntos` VALUES(249,'documento','application/pdf','Documento_Web','Manual Cultivo Espárrago (MAGYP)','Este manual detalla el cultivo del espárrago, abordando su origen, importancia económica y distribución global. Describe los requerimientos edafoclimáticos, incluyendo clima, iluminación y tipo de suelo ideal. Se enfoca en las particularidades del cultivo como la preparación del terreno, trasplante, siembra directa, manejo de malas hierbas, densidad de plantación, siega, abonado y riego. También cubre aspectos de plagas, enfermedades, fisiopatías, recolección y postcosecha, proporcionando una guía integral para su producción.','La densidad de plantación recomendada para espárrago verde en la zona de Médano de Oro es de 25,000 plantas/ha, con marcos de 1.25-1.50 x 0.30 m.\nEn el cultivo de espárrago verde, se prefieren plantas macho ya que no fructifican, evitando la multiplicación incontrolada de plantas y manteniendo la calidad de los turiones.\nEl trasplante puede ser de araña o plántula; con plántulas en cepellón, la producción de turiones puede iniciarse a los dos años, o al año en climas cálidos.\nLa siega debe realizarse cerca de la base del tallo, preferiblemente de forma mecanizada, una vez que la parte aérea comienza a secarse tras el periodo de aprovisionamiento de reservas.\nDurante la fase de recolección, es posible usar herbicidas sistémicos vía foliar, ya que solo afectan a los turiones emergidos y no a la parte subterránea de la planta.',NULL,NULL,'https://web.archive.org/web/2/https://www.magyp.gob.ar/normativa/_pdf/20211001150109.pdf',0,NULL,NULL,NULL,NULL,0,1,NULL,1,'2026-05-08 19:04:35',NULL,NULL,NULL,30,NULL,NULL,NULL,NULL,NULL,NULL,1,NULL,NULL,NULL,NULL,NULL,NULL);
INSERT INTO `datosadjuntos` VALUES(250,'imagen','image/jpeg','17782680027255009750711510089799.jpg',NULL,'{"profile_object_x":47.47096872637349,"profile_object_y":74.28387086929814,"profile_object_zoom":155,"profile_brightness":100,"profile_contrast":100,"profile_style":""}',NULL,NULL,NULL,'uploads/usuario/usuario_1_1778268008461.jpg',0,NULL,NULL,NULL,NULL,1,1,NULL,0,'2026-05-08 19:20:15','2026-05-22 18:44:25','2026-05-08 20:19:01',1,NULL,NULL,NULL,NULL,NULL,NULL,NULL,0,NULL,NULL,NULL,NULL,NULL,NULL);
INSERT INTO `datosadjuntos` VALUES(251,'imagen','image/jpeg','1000067924.jpg',NULL,'{"profile_object_x":53,"profile_object_y":35,"profile_object_zoom":100,"profile_style":""}',NULL,NULL,NULL,'uploads/usuario/usuario_1_1778271547313.jpg',0,NULL,NULL,NULL,NULL,1,1,NULL,0,'2026-05-08 20:19:08','2026-05-22 18:44:25','2026-05-08 22:34:44',1,NULL,NULL,NULL,NULL,NULL,NULL,NULL,0,NULL,NULL,NULL,NULL,NULL,NULL);
INSERT INTO `datosadjuntos` VALUES(252,'imagen','image/webp','temp-ai-1778272431980-Chalotasdoradasfrescasytallosverdessobremaderarsticaconhojas.webp',NULL,'{"profile_object_x":50,"profile_object_y":50,"profile_object_zoom":100,"profile_brightness":100,"profile_contrast":100,"profile_style":"","seo_alt":"Cebollas frescas marrones sobre tabla de madera con hojas verdes y fondo natural.","dominant_color":"rgb(200, 200, 200)","vibrant_color":"#cfc038","blurhash":"LBH.1L01yDx:h702xJt4Q5D,-VRi","exif_data":{}}',NULL,NULL,NULL,'uploads/especies/cebollas-frescas-marrones-sobre-tabla-de-madera-con-hojas-verdes-y-fondo-natural-1778272441337.webp',1308052,NULL,NULL,NULL,NULL,1,1,NULL,1,'2026-05-08 20:34:04','2026-05-22 18:44:25',NULL,NULL,6,NULL,NULL,NULL,NULL,NULL,NULL,0,NULL,NULL,NULL,NULL,NULL,NULL);
INSERT INTO `datosadjuntos` VALUES(253,'imagen','image/webp','temp-ai-1778274875749-Ajosblancosrecincosechadosconracesytallosverdessobremaderaenhuerto.webp',NULL,'{"profile_object_x":50,"profile_object_y":50,"profile_object_zoom":100,"profile_brightness":100,"profile_contrast":100,"profile_style":"","seo_alt":"Ajos frescos con raíces y tallos verdes sobre madera, fondo de huerto borroso.","dominant_color":"rgb(56, 40, 40)","vibrant_color":"#c8ba29","blurhash":"LAFFsNu000Inpj~T9IWBQnxHxcR*","exif_data":{}}',NULL,NULL,NULL,'uploads/especies/ajos-frescos-con-raices-y-tallos-verdes-sobre-madera-fondo-de-huerto-borroso-1778274882973.webp',1478515,NULL,NULL,NULL,NULL,1,2,NULL,1,'2026-05-08 21:14:46','2026-05-22 18:44:25',NULL,NULL,14,NULL,NULL,NULL,NULL,NULL,NULL,0,NULL,NULL,NULL,NULL,NULL,NULL);
INSERT INTO `datosadjuntos` VALUES(254,'imagen','image/webp','temp-ai-1778276112272-Cabezasdeajoblancofrescoconhojasverdessobremesademaderaenhuerto.webp',NULL,'{"profile_object_x":50,"profile_object_y":50,"profile_object_zoom":100,"profile_brightness":100,"profile_contrast":100,"profile_style":"","seo_alt":"Ajos recién cosechados en mesa de madera, con hojas verdes y fondo de huerto.","dominant_color":"rgb(40, 40, 24)","vibrant_color":"#c1982d","blurhash":"L7E2%h^Q0K-.5|4=NZoe0058~pRQ","exif_data":{}}',NULL,NULL,NULL,'uploads/especies/ajos-recien-cosechados-en-mesa-de-madera-con-hojas-verdes-y-fondo-de-huerto-1778276123017.webp',1533476,NULL,NULL,NULL,NULL,0,3,NULL,1,'2026-05-08 21:35:26','2026-05-22 18:44:25',NULL,NULL,14,NULL,NULL,NULL,NULL,NULL,NULL,0,NULL,NULL,NULL,NULL,NULL,NULL);
INSERT INTO `datosadjuntos` VALUES(255,'imagen','image/jpg','temp-1778277253747-15.jpg',NULL,'{"profile_object_x":50,"profile_object_y":50,"profile_object_zoom":100,"profile_brightness":100,"profile_contrast":100,"profile_style":"","seo_alt":"Retrato de hombre mayor con pelo gris, barba y suéter verde.","dominant_color":"rgb(248, 248, 248)","vibrant_color":"#d64e3a","blurhash":"L*NS:1NGyY-p~Wj[tRt7JUoKRPR*","exif_data":null}',NULL,NULL,NULL,'uploads/especies/retrato-de-hombre-mayor-con-pelo-gris-barba-y-sueter-verde-1778277261152.webp',30723,NULL,NULL,NULL,NULL,0,4,NULL,0,'2026-05-08 21:54:24','2026-05-22 18:44:25','2026-05-08 21:54:28',NULL,14,NULL,NULL,NULL,NULL,NULL,NULL,0,NULL,NULL,NULL,NULL,NULL,NULL);
INSERT INTO `datosadjuntos` VALUES(256,'imagen','image/jpg','temp-1778278416498-115.jpg',NULL,'{"profile_object_x":50,"profile_object_y":50,"profile_object_zoom":100,"profile_brightness":100,"profile_contrast":100,"profile_style":"","seo_alt":"Primer plano de un hombre con barba, no relacionado con la especie Ajos.","dominant_color":"rgb(232, 216, 216)","vibrant_color":"#c45c3c","blurhash":"LYL:v2EN?^^j~Wt7s:S2tls:RjWB","exif_data":null}',NULL,NULL,NULL,'uploads/especies/primer-plano-de-un-hombre-con-barba-no-relacionado-con-la-especie-ajos-1778278419632.webp',20235,NULL,NULL,NULL,NULL,0,4,NULL,0,'2026-05-08 22:13:42','2026-05-22 18:44:25','2026-05-08 22:16:14',NULL,14,NULL,NULL,NULL,NULL,NULL,NULL,0,NULL,NULL,NULL,NULL,NULL,NULL);
INSERT INTO `datosadjuntos` VALUES(257,'imagen','image/jpg','temp-1778278588500-114.jpg',NULL,'{"profile_object_x":50,"profile_object_y":50,"profile_object_zoom":100,"profile_brightness":100,"profile_contrast":100,"profile_style":"","seo_alt":"Retrato de un hombre mayor con cabello gris y camisa a rayas, mirando al frente.","dominant_color":"rgb(232, 216, 216)","vibrant_color":"#cc5444","blurhash":"LcM~%;EL?^?G^*ogWBofTenisAS2","exif_data":null}',NULL,NULL,NULL,'uploads/especies/retrato-de-un-hombre-mayor-con-cabello-gris-y-camisa-a-rayas-mirando-al-frente-1778278593755.webp',20541,NULL,NULL,NULL,NULL,0,4,NULL,0,'2026-05-08 22:16:36','2026-05-22 18:44:25','2026-05-08 22:16:42',NULL,14,NULL,NULL,NULL,NULL,NULL,NULL,0,NULL,NULL,NULL,NULL,NULL,NULL);
INSERT INTO `datosadjuntos` VALUES(258,'imagen','image/jpeg','1000067924.jpg',NULL,'{"profile_object_x":53,"profile_object_y":35,"profile_object_zoom":100,"profile_style":""}',NULL,NULL,NULL,'uploads/usuario/usuario_1_1778279688675.jpg',0,NULL,NULL,NULL,NULL,1,1,NULL,1,'2026-05-08 22:34:50','2026-05-23 14:39:41',NULL,1,NULL,NULL,NULL,NULL,NULL,NULL,NULL,1,'2026-05-23 14:39:41','aprobado',1,NULL,NULL,NULL);
INSERT INTO `datosadjuntos` VALUES(259,'imagen','image/jpg','temp-1778280168762-115.jpg',NULL,'{"profile_object_x":50,"profile_object_y":50,"profile_object_zoom":100,"profile_brightness":100,"profile_contrast":100,"profile_style":"","seo_alt":"Retrato de un hombre con barba. No se relaciona con la especie ajos.","dominant_color":"rgb(232, 216, 216)","vibrant_color":"#c45c3c","blurhash":"LYL:v2EN?^^j~Wt7s:S2tls:RjWB","exif_data":null}',NULL,NULL,NULL,'uploads/especies/retrato-de-un-hombre-con-barba-no-se-relaciona-con-la-especie-ajos-1778280173865.webp',20235,NULL,NULL,NULL,NULL,0,4,NULL,0,'2026-05-08 22:42:56','2026-05-22 18:44:25','2026-05-08 22:43:00',NULL,14,NULL,NULL,NULL,NULL,NULL,NULL,0,NULL,NULL,NULL,NULL,NULL,NULL);
INSERT INTO `datosadjuntos` VALUES(260,'imagen','image/jpg','temp-1778281353439-1000067924.jpg',NULL,'{"profile_object_x":50,"profile_object_y":50,"profile_object_zoom":100,"profile_brightness":100,"profile_contrast":100,"profile_style":"","seo_alt":"Ambulancia SAMU Ford amarilla y roja, vista frontal, con matrícula.","dominant_color":"rgb(40, 40, 40)","vibrant_color":"#be232a","blurhash":"L7D+r6V=.i%G00n-9dNI02V{MeR:","exif_data":null}',NULL,NULL,NULL,'uploads/especies/ambulancia-samu-ford-amarilla-y-roja-vista-frontal-con-matricula-1778281361630.webp',268424,NULL,NULL,NULL,NULL,0,4,NULL,0,'2026-05-08 23:02:45','2026-05-22 18:44:25','2026-05-09 07:54:31',NULL,14,NULL,NULL,NULL,NULL,NULL,NULL,0,NULL,NULL,NULL,NULL,NULL,NULL);
INSERT INTO `datosadjuntos` VALUES(261,'imagen','image/webp','temp-ai-1778313296916-Cebollasmoradasrecincosechadascontallosverdessobremesademaderarstica.webp',NULL,'{"profile_object_x":50,"profile_object_y":50,"profile_object_zoom":100,"profile_brightness":100,"profile_contrast":100,"profile_style":"","seo_alt":"Bulbos de Allium rosados frescos con tallos verdes y raíces, sobre madera.","dominant_color":"rgb(88, 72, 56)","vibrant_color":"#b44473","blurhash":"L4Ey0r=}8_?t00R7MxR%00x]?[Vu","exif_data":{}}',NULL,NULL,NULL,'uploads/especies/bulbos-de-allium-rosados-frescos-con-tallos-verdes-y-raices-sobre-madera-1778313312814.webp',1328976,NULL,NULL,NULL,NULL,0,4,NULL,0,'2026-05-09 07:55:16','2026-05-22 18:44:25','2026-05-16 17:02:56',NULL,14,NULL,NULL,NULL,NULL,NULL,NULL,0,NULL,NULL,NULL,NULL,NULL,NULL);
INSERT INTO `datosadjuntos` VALUES(262,'imagen_blog','image/webp','campo-de-ajos-vibrante-al-amanecer-1778313672524.webp','Campo de ajos vibrante al amanecer','{"seo_alt":"Cultivo profesional de ajos en un campo vasto y fértil, con la luz dorada del sol, mano de agricultor.","seo_title":"Campo de ajos vibrante al amanecer","profile_object_x":50,"profile_object_y":50,"profile_object_zoom":100,"profile_style":"","es_portada_blog":true}',NULL,NULL,NULL,'uploads/blog/campo-de-ajos-vibrante-al-amanecer-1778313672524.webp',148894,NULL,NULL,NULL,NULL,1,1,NULL,1,'2026-05-09 08:01:17',NULL,NULL,NULL,14,NULL,NULL,NULL,NULL,NULL,NULL,1,NULL,NULL,NULL,NULL,NULL,NULL);
INSERT INTO `datosadjuntos` VALUES(263,'imagen_blog','image/webp','preparacion-del-suelo-para-cultivo-de-ajo-1778313702491.webp','Preparación del suelo para cultivo de ajo','{"seo_alt":"Agricultor preparando un suelo fértil y rico en materia orgánica para la siembra de ajos en su huerto.","seo_title":"Preparación del suelo para cultivo de ajo","profile_object_x":50,"profile_object_y":50,"profile_object_zoom":100,"profile_style":"","es_portada_blog":false}',NULL,NULL,NULL,'uploads/blog/preparacion-del-suelo-para-cultivo-de-ajo-1778313702491.webp',142152,NULL,NULL,NULL,NULL,0,2,NULL,1,'2026-05-09 08:01:49',NULL,NULL,NULL,14,NULL,NULL,NULL,NULL,NULL,NULL,1,NULL,NULL,NULL,NULL,NULL,NULL);
INSERT INTO `datosadjuntos` VALUES(264,'imagen_blog','image/webp','siembra-manual-de-dientes-de-ajo-con-espaciado-1778313715522.webp','Siembra manual de dientes de ajo con espaciado','{"seo_alt":"Primer plano de manos plantando dientes de ajo en surcos, mostrando el espaciado correcto en el huerto.","seo_title":"Siembra manual de dientes de ajo con espaciado","profile_object_x":50,"profile_object_y":50,"profile_object_zoom":100,"profile_style":"","es_portada_blog":false}',NULL,NULL,NULL,'uploads/blog/siembra-manual-de-dientes-de-ajo-con-espaciado-1778313715522.webp',98684,NULL,NULL,NULL,NULL,0,3,NULL,1,'2026-05-09 08:02:43',NULL,NULL,NULL,14,NULL,NULL,NULL,NULL,NULL,NULL,1,NULL,NULL,NULL,NULL,NULL,NULL);
INSERT INTO `datosadjuntos` VALUES(265,'imagen','image/jpg','temp-ai-labor-1778314543962.jpg',NULL,'{"profile_object_x":50,"profile_object_y":50,"profile_object_zoom":100,"profile_style":"","seo_alt":"Riego agrícola: agua de tubería a surco en campo con plantas verdes.","dominant_color":"rgb(72, 56, 40)","vibrant_color":"#96b01a","blurhash":"L8B|E1~XE3%eR18^M|W,?v%fxvj_","exif_data":{}}',NULL,NULL,NULL,'uploads/labores/riego-agricola-agua-de-tuberia-a-surco-en-campo-con-plantas-verdes-1778314549316.webp',1791160,NULL,NULL,NULL,NULL,0,4,NULL,1,'2026-05-09 08:15:52','2026-05-22 18:44:25',NULL,NULL,NULL,NULL,NULL,NULL,NULL,1,NULL,0,NULL,NULL,NULL,NULL,NULL,NULL);
INSERT INTO `datosadjuntos` VALUES(266,'documento','application/pdf','Manual de Riego y Manejo Hídrico de Cultivos','Manual de Riego y Manejo Hídrico de Cultivos','Este manual, elaborado por la Comisión Nacional de Riego de Chile y la Universidad de Concepción, está dirigido a pequeños productores agrícolas y agentes de extensión. Su objetivo es describir los principales métodos de riego utilizados en la pequeña agricultura, ofreciendo recomendaciones y soluciones técnicas para el uso de equipos y el manejo hídrico de cultivos. Busca optimizar el uso de recursos hídricos y aumentar la productividad predial, abordando el riego superficial, por aspersión y localizado, y enfatizando la importancia del conocimiento del suelo, topografía, cultivo y clima para un manejo adecuado.','',NULL,'https://storage.googleapis.com/verdantia-494121.firebasestorage.app/uploads/labores_pdfs_covers/cover_1_266_1778314701249.jpg','https://bibliotecadigital.ciren.cl/bitstream/handle/20.500.13082/32796/MANUAL.pdf',0,NULL,NULL,NULL,NULL,0,2,NULL,0,'2026-05-09 08:17:56','2026-05-12 09:59:12','2026-05-12 09:59:12',NULL,NULL,NULL,NULL,NULL,NULL,1,NULL,1,NULL,NULL,NULL,NULL,NULL,NULL);
INSERT INTO `datosadjuntos` VALUES(267,'imagen','image/webp','temp-ai-1778353554593-Calabazasanaranjadasdecuellolargosobremesademaderaconplantasdehuertoalfondo.webp',NULL,'{"profile_object_x":50,"profile_object_y":50,"profile_object_zoom":100,"profile_brightness":100,"profile_contrast":100,"profile_style":"","seo_alt":"Varias calabazas naranjas en mesa de madera, fondo de huerto.","dominant_color":"rgb(56, 40, 40)","vibrant_color":"#f99a17","blurhash":"L9FqK*9b0.WA2qwg#StQ0C-T|=s.","exif_data":{}}',NULL,NULL,NULL,'uploads/especies/varias-calabazas-naranjas-en-mesa-de-madera-fondo-de-huerto-1778353562271.webp',1442887,NULL,NULL,NULL,NULL,1,1,NULL,1,'2026-05-09 19:06:05','2026-05-22 18:44:25',NULL,NULL,21,NULL,NULL,NULL,NULL,NULL,NULL,0,NULL,NULL,NULL,NULL,NULL,NULL);
INSERT INTO `datosadjuntos` VALUES(268,'imagen','image/webp','temp-ai-1778428828418-Tomaterojomadurocongotasdeaguacolgandodesuplantaenelhuerto.webp',NULL,'{"profile_object_x":50,"profile_object_y":50,"profile_object_zoom":100,"profile_brightness":100,"profile_contrast":100,"profile_style":"","seo_alt":"Tomate rojo fresco con gotas de rocío en la planta, hojas verdes y fondo borroso.","dominant_color":"rgb(24, 56, 24)","vibrant_color":"#e65d0b","blurhash":"LJC~L%X+1Ji{cCWBnPV[1Js.}ER,","exif_data":{}}',NULL,NULL,NULL,'uploads/especies/tomate-rojo-fresco-con-gotas-de-rocio-en-la-planta-hojas-verdes-y-fondo-borroso-1778428835887.webp',1376780,NULL,NULL,NULL,NULL,0,2,NULL,1,'2026-05-10 16:00:38','2026-05-29 17:28:30',NULL,NULL,3,NULL,NULL,NULL,NULL,NULL,NULL,0,NULL,NULL,NULL,NULL,NULL,NULL);
INSERT INTO `datosadjuntos` VALUES(269,'imagen','image/jpg','1778446524389_ai_variedad_35.jpg',NULL,'{"profile_object_x":50,"profile_object_y":50,"profile_object_zoom":100,"profile_brightness":100,"profile_contrast":100,"profile_style":"","seo_alt":"Verduras redondas verde claro con venas marcadas y tallos cortos en tabla de madera.","dominant_color":"rgb(88, 72, 56)","vibrant_color":"#b8b342","blurhash":"L3Dm4@-oQWxt00IB5RV[008|~no3","exif_data":{}}',NULL,NULL,NULL,'uploads/variedades/verduras-redondas-verde-claro-con-venas-marcadas-y-tallos-cortos-en-tabla-de-madera-1778446534110.webp',1427200,NULL,NULL,NULL,NULL,1,1,NULL,1,'2026-05-10 20:55:38','2026-05-24 20:58:10',NULL,NULL,NULL,35,NULL,NULL,NULL,NULL,NULL,1,'2026-05-24 20:58:10','aprobado',1,NULL,NULL,NULL);
INSERT INTO `datosadjuntos` VALUES(270,'imagen','image/jpg','1778498157020_ai_variedad_2.jpg',NULL,'{"profile_object_x":50,"profile_object_y":50,"profile_object_zoom":100,"profile_brightness":100,"profile_contrast":100,"profile_style":"","seo_alt":"Primer plano de tomates cherry rojos con rocío en la planta.","dominant_color":"rgb(56, 88, 40)","vibrant_color":"#ee3413","blurhash":"L9EBvZ{$3TC4y9S3w0rF2oB-:lz=","exif_data":{}}',NULL,NULL,NULL,'uploads/variedades/primer-plano-de-tomates-cherry-rojos-con-rocio-en-la-planta-1778498168359.webp',1387233,NULL,NULL,NULL,NULL,1,1,NULL,1,'2026-05-11 11:16:13','2026-05-24 20:58:08',NULL,NULL,NULL,2,NULL,NULL,NULL,NULL,NULL,1,'2026-05-24 20:58:08','aprobado',1,NULL,NULL,NULL);
INSERT INTO `datosadjuntos` VALUES(271,'documento','application/pdf','Documento_Web','Producción de Tomate Cherry en Invernadero','Este documento, resultado de un taller en la Estación Experimental Agrícola Fabio Baudrit Moreno, aborda la producción de tomate cherry bajo invernadero. Cubre aspectos cruciales como el manejo del cultivo, la fertilización adecuada, el análisis del crecimiento de la planta, y la implementación de un manejo integrado de plagas. También se discuten criterios de calidad, técnicas de cosecha y la evaluación de diversas variedades de tomate cherry, incluyendo genotipos con diferentes colores y formas de fruto, y altos grados Brix. Se enfatiza la importancia de la investigación para la selección de genotipos óptimos en sistemas de invernadero.','El taller cubrió manejo del cultivo, fertilización, análisis de crecimiento, manejo integrado de plagas, criterios de calidad, cosecha y variedades de tomate cherry.\nSe evaluaron 63 genotipos de tomate, incluyendo variedades de crecimiento determinado e indeterminado, y frutos de colores (rojo, amarillo, anaranjado, morado) y formas (redondo, alargado, pera, fresa) variadas.\nMuchos genotipos sobresalientes producen frutos muy dulces, con valores Brix entre 9.0 y 13.0.\nSe discutió el comportamiento del cultivo bajo diferentes sistemas de sostén y se analizaron componentes del sistema hidropónico de producción.\nLa investigación busca desarrollar una metodología para la selección de genotipos de tomate cultivados bajo invernadero, basada en rendimiento y grados Brix.',NULL,NULL,'https://web.archive.org/web/2/https://www.researchgate.net/publication/342425601_Produccion_de_tomate_cherry_en_invernadero',0,NULL,NULL,NULL,NULL,0,1,NULL,1,'2026-05-11 15:16:36',NULL,NULL,NULL,2,NULL,NULL,NULL,NULL,NULL,NULL,1,NULL,NULL,NULL,NULL,NULL,NULL);
INSERT INTO `datosadjuntos` VALUES(272,'documento','application/pdf','Documento_Web','Evaluación de Híbridos de Tomate Cherry en Ambiente Protegido','Este documento del Ministerio de Agricultura y Ganadería de Costa Rica evalúa la capacidad de producción y las cualidades de los frutos de dos híbridos de tomate cherry, Muscato y Natacha, cultivados bajo ambiente protegido en Puriscal. El estudio, realizado en un invernadero de 210 m², comparó variables como el rendimiento total por planta, el número de racimos y el peso promedio de los frutos. Se encontró que el híbrido Natacha superó significativamente a Muscato en rendimiento, lo que sugiere su potencial como alternativa de producción para diversificar la oferta tecnológica y aprovechar un nicho de mercado en la región. La investigación busca ampliar las opciones de cultivo de tomate cherry en condiciones protegidas, tanto en invierno como en verano.','Se evaluaron los híbridos de tomate cherry Muscato y Natacha bajo ambiente protegido en un invernadero de 210 m² en Puriscal, Costa Rica, entre octubre de 2004 y abril de 2005.\nEl híbrido Natacha mostró un rendimiento significativamente mayor (5.4 kg/planta) en comparación con Muscato (3.9 kg/planta), con una diferencia estadística (p < 0.01).\nLas diferencias en la producción se atribuyeron a que Natacha produjo más racimos por planta y frutos con un peso promedio de 15.04 g, frente a los 11.95 g de Muscato.\nEl estudio destaca la importancia de la producción de tomate cherry bajo ambiente protegido como una alternativa para diversificar la oferta tecnológica y aprovechar un nicho de mercado en la región.\nSe analizaron variables como rendimiento total en kilogramos por invernadero, número de plantas cosechadas y grados Brix de los frutos, utilizando pruebas de hipótesis de comparación directa entre medias (T de Student).',NULL,'https://storage.googleapis.com/verdantia-494121.firebasestorage.app/uploads/variedades_pdfs_covers/cover_2_272_1778512790370.jpg','https://web.archive.org/web/2/https://www.mag.go.cr/bibliotecavirtual/Ha-2006(Ano4-N1)p5.pdf',0,NULL,NULL,NULL,NULL,0,1,NULL,1,'2026-05-11 15:19:24','2026-05-11 15:19:55',NULL,NULL,NULL,2,NULL,NULL,NULL,NULL,NULL,1,NULL,NULL,NULL,NULL,NULL,NULL);
INSERT INTO `datosadjuntos` VALUES(273,'imagen','image/jpg','1778518050089_ai_variedad_2.jpg',NULL,'{"profile_object_x":50,"profile_object_y":50,"profile_object_zoom":100,"profile_brightness":100,"profile_contrast":100,"profile_style":"","seo_alt":"Tomates cherry rojos frescos con gotas de agua en tabla de madera.","dominant_color":"rgb(88, 8, 8)","vibrant_color":"#f84212","blurhash":"LEF|f6%#PT%1~ppIx]-B8H%2%2$P","exif_data":{}}',NULL,NULL,NULL,'uploads/variedades/tomates-cherry-rojos-frescos-con-gotas-de-agua-en-tabla-de-madera-1778518062661.webp',1477188,NULL,NULL,NULL,NULL,0,2,NULL,1,'2026-05-11 16:47:46','2026-05-22 18:44:25',NULL,NULL,NULL,2,NULL,NULL,NULL,NULL,NULL,0,NULL,NULL,NULL,NULL,NULL,NULL);
INSERT INTO `datosadjuntos` VALUES(274,'imagen','image/webp','temp-ai-1778518217355-Zanahorianaranjaredondacontallosverdesyrazvisibleenlatierradelhuerto.webp',NULL,'{"profile_object_x":50,"profile_object_y":50,"profile_object_zoom":100,"profile_brightness":100,"profile_contrast":100,"profile_style":"","seo_alt":"Zanahoria redonda naranja con hojas verdes, parcialmente desenterrada.","dominant_color":"rgb(120, 136, 56)","vibrant_color":"#d98446","blurhash":"LFE:CHz?kWKg??NYods.K%FrnT-B","exif_data":{}}',NULL,NULL,NULL,'uploads/especies/zanahoria-redonda-naranja-con-hojas-verdes-parcialmente-desenterrada-1778518224925.webp',1524931,NULL,NULL,NULL,NULL,1,1,NULL,1,'2026-05-11 16:50:27','2026-05-22 18:44:25',NULL,NULL,9,NULL,NULL,NULL,NULL,NULL,NULL,0,NULL,NULL,NULL,NULL,NULL,NULL);
INSERT INTO `datosadjuntos` VALUES(275,'imagen','image/webp','temp-ai-1778579482944-Tomaterojofrescocongotasdeaguaentablademaderajuntoauncuchillo.webp',NULL,'{"profile_object_x":50,"profile_object_y":50,"profile_object_zoom":100,"profile_brightness":100,"profile_contrast":100,"profile_style":"","seo_alt":"Tomate rojo fresco con gotas de agua en tabla de cortar y cuchillo.","dominant_color":"rgb(232, 216, 200)","vibrant_color":"#cd3818","blurhash":"LJIE5}R5_M-:GFtRxboz00%gVZRj","exif_data":{}}',NULL,NULL,NULL,'uploads/especies/tomate-rojo-fresco-con-gotas-de-agua-en-tabla-de-cortar-y-cuchillo-1778579488745.webp',1192968,NULL,NULL,NULL,NULL,0,3,NULL,1,'2026-05-12 09:51:31','2026-05-22 18:44:25',NULL,NULL,3,NULL,NULL,NULL,NULL,NULL,NULL,0,NULL,NULL,NULL,NULL,NULL,NULL);
INSERT INTO `datosadjuntos` VALUES(276,'imagen','image/webp','temp-ai-1778580764518-Tomaterojocongotasdeaguacolgandodeltalloentrehojasyfloresamarillas.webp',NULL,'{"profile_object_x":50,"profile_object_y":50,"profile_object_zoom":100,"profile_brightness":100,"profile_contrast":100,"profile_style":"","seo_alt":"Tomate rojo maduro con rocío en la planta, hojas verdes y flores amarillas.","dominant_color":"rgb(8, 24, 8)","vibrant_color":"#dd2b09","blurhash":"LIC$S[Tc2@-ob[tPi|W=0#v~{zI;","exif_data":{}}',NULL,NULL,NULL,'uploads/especies/tomate-rojo-maduro-con-rocio-en-la-planta-hojas-verdes-y-flores-amarillas-1778580770929.webp',1344347,NULL,NULL,NULL,NULL,0,4,NULL,1,'2026-05-12 10:12:54','2026-05-22 18:44:25',NULL,NULL,3,NULL,NULL,NULL,NULL,NULL,NULL,0,NULL,NULL,NULL,NULL,NULL,NULL);
INSERT INTO `datosadjuntos` VALUES(277,'documento','application/pdf','Documento_Web','Poda y Entutorado del Tomate (Ministerio de Agricultura)','Este documento del Ministerio de Agricultura detalla las prácticas culturales esenciales para el cultivo intensivo de tomate, tanto en invernadero como al aire libre, enfocándose en la poda o destallado, despunte, deshojado y entutorado. Explica cómo estas operaciones son cruciales para limitar el número de tallos, mejorar la calidad y tamaño de los frutos, y aumentar la precocidad de la producción, a pesar de la mano de obra intensiva que requieren. Se abordan diferentes sistemas de poda para optimizar el rendimiento y la sanidad de la planta.','La poda o destallado busca encauzar el desarrollo vegetativo, limitando el número de tallos para obtener mayor precocidad y calidad de frutos, incluyendo mayor tamaño, uniformidad de color y tersura.\nLas ventajas de la poda incluyen mayor facilidad en las labores de cultivo, mejor control de plagas y enfermedades, mayor rapidez en la recolección y aumento de la producción por unidad de superficie.\nLa poda más común implica dejar el tallo principal y uno o dos brotes axilares, eliminando los demás hijuelos.\nSe describen sistemas de entutorado como soporte individual, pirámide, empalizada y caballete, siendo el entutorado con hilos de rafia común en invernaderos.\nEl documento advierte que un destallado muy enérgico puede causar desequilibrio fisiológico, resultando en abarquillamiento de hojas y una "parada" en el desarrollo vegetativo.',NULL,'https://storage.googleapis.com/verdantia-494121.firebasestorage.app/uploads/especies_pdfs_covers/cover_3_277_1778580947745.jpg','https://web.archive.org/web/2/https://www.mapa.gob.es/ministerio/pags/biblioteca/hojas/hd_1973_19.pdf',0,NULL,NULL,NULL,NULL,0,1,NULL,1,'2026-05-12 10:15:18','2026-05-12 10:15:57',NULL,NULL,3,NULL,NULL,NULL,NULL,NULL,NULL,1,NULL,NULL,NULL,NULL,NULL,NULL);
INSERT INTO `datosadjuntos` VALUES(278,'imagen_blog','image/webp','tomate-poda-y-entutorado-para-principiantes-1778581152445.webp','Tomate: Poda y Entutorado para Principiantes','{"seo_alt":"Aprende a podar y entutorar tus plantas de tomate para una cosecha abundante y de calidad. Guía práctica para agricultores novatos.","seo_title":"Tomate: Poda y Entutorado para Principiantes","profile_object_x":50,"profile_object_y":50,"profile_object_zoom":100,"profile_style":"","es_portada_blog":true}',NULL,NULL,NULL,'uploads/blog/tomate-poda-y-entutorado-para-principiantes-1778581152445.webp',79510,NULL,NULL,NULL,NULL,1,1,NULL,1,'2026-05-12 10:19:14',NULL,NULL,NULL,3,NULL,NULL,NULL,NULL,NULL,NULL,1,NULL,NULL,NULL,NULL,NULL,NULL);
INSERT INTO `datosadjuntos` VALUES(279,'imagen_blog','image/webp','tecnica-de-destallado-para-tomates-1778581158857.webp','Técnica de Destallado para Tomates','{"seo_alt":"Imagen detallada mostrando cómo realizar el destallado o desbrote en una planta de tomate para optimizar su crecimiento y producción.","seo_title":"Técnica de Destallado para Tomates","profile_object_x":50,"profile_object_y":50,"profile_object_zoom":100,"profile_style":"","es_portada_blog":false}',NULL,NULL,NULL,'uploads/blog/tecnica-de-destallado-para-tomates-1778581158857.webp',121244,NULL,NULL,NULL,NULL,0,2,NULL,1,'2026-05-12 10:19:20',NULL,NULL,NULL,3,NULL,NULL,NULL,NULL,NULL,NULL,1,NULL,NULL,NULL,NULL,NULL,NULL);
INSERT INTO `datosadjuntos` VALUES(280,'imagen_blog','image/webp','sistemas-de-entutorado-moderno-para-tomates-1778581163887.webp','Sistemas de Entutorado Moderno para Tomates','{"seo_alt":"Exploración de sistemas de entutorado como la espaldera, mostrando cómo mejoran la ventilación y la exposición solar de los tomates.","seo_title":"Sistemas de Entutorado Moderno para Tomates","profile_object_x":50,"profile_object_y":50,"profile_object_zoom":100,"profile_style":"","es_portada_blog":false}',NULL,NULL,NULL,'uploads/blog/sistemas-de-entutorado-moderno-para-tomates-1778581163887.webp',277362,NULL,NULL,NULL,NULL,0,3,NULL,1,'2026-05-12 10:19:25',NULL,NULL,NULL,3,NULL,NULL,NULL,NULL,NULL,NULL,1,NULL,NULL,NULL,NULL,NULL,NULL);
INSERT INTO `datosadjuntos` VALUES(281,'imagen','image/jpg','1778581292655_ai_variedad_2.jpg',NULL,'{"profile_object_x":50,"profile_object_y":50,"profile_object_zoom":100,"profile_brightness":100,"profile_contrast":100,"profile_style":"","seo_alt":"Tomate cherry rojo con gotas de agua sobre tabla de madera, fondo verde.","dominant_color":"rgb(40, 56, 8)","vibrant_color":"#cd3f25","blurhash":"LGE.p~WFBOof.hIa#pNIyUN2=xM|","exif_data":{}}',NULL,NULL,NULL,'uploads/variedades/tomate-cherry-rojo-con-gotas-de-agua-sobre-tabla-de-madera-fondo-verde-1778581304106.webp',1261489,NULL,NULL,NULL,NULL,0,3,NULL,0,'2026-05-12 10:21:47','2026-05-29 17:19:15',NULL,NULL,NULL,2,NULL,NULL,NULL,NULL,NULL,0,'2026-05-29 17:19:15','rechazado',1,NULL,NULL,NULL);
INSERT INTO `datosadjuntos` VALUES(282,'imagen','image/jpg','1778581439544_ai_variedad_2.jpg',NULL,'{"profile_object_x":50,"profile_object_y":50,"profile_object_zoom":100,"profile_brightness":100,"profile_contrast":100,"profile_style":"","seo_alt":"Tomates cherry rojos frescos con gotas de agua en una cesta de mimbre.","dominant_color":"rgb(40, 56, 24)","vibrant_color":"#cf3c0e","blurhash":"L4ICcz2u47?u5Os:EN}Z1]h}MK:l","exif_data":{}}',NULL,NULL,NULL,'uploads/variedades/tomates-cherry-rojos-frescos-con-gotas-de-agua-en-una-cesta-de-mimbre-1778581447024.webp',1558099,NULL,NULL,NULL,NULL,0,4,NULL,0,'2026-05-12 10:24:10','2026-05-24 20:58:04',NULL,NULL,NULL,2,NULL,NULL,NULL,NULL,NULL,0,'2026-05-24 20:58:04','rechazado',1,NULL,NULL,NULL);
INSERT INTO `datosadjuntos` VALUES(283,'imagen','image/webp','1 (19).jpg',NULL,'{"profile_object_x":50,"profile_object_y":50,"profile_object_zoom":100,"profile_brightness":100,"profile_contrast":100,"blurhash":"LeK,v$s:tloz~Wof-;of%gWBnOs:"}',NULL,NULL,NULL,'uploads/variedades/user-1-117-1778612921826.webp',57026,NULL,NULL,NULL,NULL,0,1,NULL,0,'2026-05-12 19:08:42','2026-05-22 18:44:25',NULL,NULL,NULL,117,NULL,NULL,NULL,NULL,NULL,0,NULL,NULL,NULL,NULL,NULL,NULL);
INSERT INTO `datosadjuntos` VALUES(284,'imagen','image/webp','1 (13).jpg',NULL,'{"profile_object_x":50,"profile_object_y":50,"profile_object_zoom":100,"profile_brightness":100,"profile_contrast":100,"blurhash":"LuN]w*IU*0?H^*ogs:bbKjs+RPNH"}',NULL,NULL,NULL,'uploads/variedades/user-1-117-1778612961779.webp',67043,NULL,NULL,NULL,NULL,0,2,NULL,0,'2026-05-12 19:09:22','2026-05-22 18:44:25',NULL,NULL,NULL,117,NULL,NULL,NULL,NULL,NULL,0,NULL,NULL,NULL,NULL,NULL,NULL);
INSERT INTO `datosadjuntos` VALUES(285,'imagen','image/webp','1 (14).jpg',NULL,'{"profile_object_x":50,"profile_object_y":50,"profile_object_zoom":100,"profile_brightness":100,"profile_contrast":100,"blurhash":"LcM~%;EL?^?G^*ogWBofTenisAS2"}',NULL,NULL,NULL,'uploads/variedades/user-1-117-1778613738295.webp',46534,NULL,NULL,NULL,NULL,0,3,NULL,0,'2026-05-12 19:22:19','2026-05-22 18:44:25',NULL,NULL,NULL,117,NULL,NULL,NULL,NULL,NULL,0,NULL,NULL,NULL,NULL,NULL,NULL);
INSERT INTO `datosadjuntos` VALUES(286,'imagen','image/webp','1 (7).jpg',NULL,'{"profile_object_x":50,"profile_object_y":50,"profile_object_zoom":100,"profile_brightness":100,"profile_contrast":100,"blurhash":"LjLpU6EMpc=|_Nxt%MX8%hoKxGWC"}',NULL,NULL,NULL,'uploads/variedades/user-1-117-1778613748724.webp',93747,NULL,NULL,NULL,NULL,0,4,NULL,0,'2026-05-12 19:22:29','2026-05-22 18:44:25',NULL,NULL,NULL,117,NULL,NULL,NULL,NULL,NULL,0,NULL,NULL,NULL,NULL,NULL,NULL);
INSERT INTO `datosadjuntos` VALUES(287,'imagen','image/webp','1 (13).jpg',NULL,'{"profile_object_x":50,"profile_object_y":50,"profile_object_zoom":100,"profile_brightness":100,"profile_contrast":100,"blurhash":"LuN]w*IU*0?H^*ogs:bbKjs+RPNH"}',NULL,NULL,NULL,'uploads/variedades/user-1-117-1778613827587.webp',67043,NULL,NULL,NULL,NULL,0,1,NULL,0,'2026-05-12 19:23:48','2026-05-22 18:44:25',NULL,NULL,NULL,117,NULL,NULL,NULL,NULL,NULL,0,NULL,NULL,NULL,NULL,NULL,NULL);
INSERT INTO `datosadjuntos` VALUES(288,'imagen','image/webp','1 (4).jpg',NULL,'{"profile_object_x":50,"profile_object_y":50,"profile_object_zoom":100,"profile_brightness":100,"profile_contrast":100,"blurhash":"LuJ%^AX9yD%2~WoftRofpct6sAR*"}',NULL,NULL,NULL,'uploads/variedades/user-1-117-1778613978944.webp',60779,NULL,NULL,NULL,NULL,0,1,NULL,0,'2026-05-12 19:26:20','2026-05-22 18:44:25',NULL,NULL,NULL,117,NULL,NULL,NULL,NULL,NULL,0,NULL,NULL,NULL,NULL,NULL,NULL);
INSERT INTO `datosadjuntos` VALUES(289,'imagen','image/webp','1 (18).jpg',NULL,'{"profile_object_x":50,"profile_object_y":50,"profile_object_zoom":100,"profile_brightness":100,"profile_contrast":100,"blurhash":"LsLf]=JBY6%2~qR-xukCKOsAi^R*"}',NULL,NULL,NULL,'uploads/variedades/user-1-117-1778614016568.webp',44448,NULL,NULL,NULL,NULL,0,1,NULL,0,'2026-05-12 19:26:57','2026-05-22 18:44:25',NULL,NULL,NULL,117,NULL,NULL,NULL,NULL,NULL,0,NULL,NULL,NULL,NULL,NULL,NULL);
INSERT INTO `datosadjuntos` VALUES(290,'imagen','image/webp','1 (13).jpg',NULL,'{"profile_object_x":50,"profile_object_y":50,"profile_object_zoom":100,"profile_brightness":100,"profile_contrast":100,"blurhash":"LuN]w*IU*0?H^*ogs:bbKjs+RPNH"}',NULL,NULL,NULL,'uploads/variedades/user-1-117-1778614171507.webp',67043,NULL,NULL,NULL,NULL,0,1,NULL,0,'2026-05-12 19:29:32','2026-05-22 18:44:25',NULL,NULL,NULL,117,NULL,NULL,NULL,NULL,NULL,0,NULL,NULL,NULL,NULL,NULL,NULL);
INSERT INTO `datosadjuntos` VALUES(291,'imagen','image/webp','1 (12).jpg',NULL,'{"profile_object_x":50,"profile_object_y":50,"profile_object_zoom":100,"profile_brightness":100,"profile_contrast":100,"blurhash":"LVOfS]9t*0^+_3niofW=TdxuxFof"}',NULL,NULL,NULL,'uploads/variedades/user-1-117-1778614257354.webp',39088,NULL,NULL,NULL,NULL,0,1,NULL,0,'2026-05-12 19:30:58','2026-05-22 18:44:25',NULL,NULL,NULL,117,NULL,NULL,NULL,NULL,NULL,0,NULL,NULL,NULL,NULL,NULL,NULL);
INSERT INTO `datosadjuntos` VALUES(292,'imagen','image/webp','1 (12).jpg',NULL,'{"profile_object_x":50,"profile_object_y":50,"profile_object_zoom":100,"profile_brightness":100,"profile_contrast":100,"blurhash":"LVOfS]9t*0^+_3niofW=TdxuxFof"}',NULL,NULL,NULL,'uploads/variedades/user-1-117-1778614322340.webp',39088,NULL,NULL,NULL,NULL,0,1,NULL,0,'2026-05-12 19:32:03','2026-05-22 18:44:25',NULL,NULL,NULL,117,NULL,NULL,NULL,NULL,NULL,0,NULL,NULL,NULL,NULL,NULL,NULL);
INSERT INTO `datosadjuntos` VALUES(293,'imagen','image/webp','1 (11).jpg',NULL,'{"profile_object_x":50,"profile_object_y":50,"profile_object_zoom":100,"profile_brightness":100,"profile_contrast":100,"blurhash":"L.MZ],g3_N%1%MoKaef+tSWBRjWB"}',NULL,NULL,NULL,'uploads/variedades/user-1-117-1778614777725.webp',76274,NULL,NULL,NULL,NULL,0,1,NULL,0,'2026-05-12 19:39:38','2026-05-22 18:44:25',NULL,NULL,NULL,117,NULL,NULL,NULL,NULL,NULL,0,NULL,NULL,NULL,NULL,NULL,NULL);
INSERT INTO `datosadjuntos` VALUES(294,'imagen','image/webp','1 (13).jpg',NULL,'{"profile_object_x":50,"profile_object_y":50,"profile_object_zoom":100,"profile_brightness":100,"profile_contrast":100,"blurhash":"LuN]w*IU*0?H^*ogs:bbKjs+RPNH"}',NULL,NULL,NULL,'uploads/variedades/user-1-117-1778614929879.webp',67043,NULL,NULL,NULL,NULL,0,2,NULL,0,'2026-05-12 19:42:11','2026-05-22 18:44:25',NULL,NULL,NULL,117,NULL,NULL,NULL,NULL,NULL,0,NULL,NULL,NULL,NULL,NULL,NULL);
INSERT INTO `datosadjuntos` VALUES(295,'imagen','image/webp','1 (15).jpg',NULL,'{"profile_object_x":50,"profile_object_y":50,"profile_object_zoom":100,"profile_brightness":100,"profile_contrast":100,"blurhash":"LYL:v2EN?^^j~Wt7s:S2tls:RjWB"}',NULL,NULL,NULL,'uploads/variedades/user-1-117-1778615138915.webp',45533,NULL,NULL,NULL,NULL,0,3,NULL,0,'2026-05-12 19:45:40','2026-05-22 18:44:25',NULL,NULL,NULL,117,NULL,NULL,NULL,NULL,NULL,0,NULL,NULL,NULL,NULL,NULL,NULL);
INSERT INTO `datosadjuntos` VALUES(296,'imagen','image/jpg','temp-1778615205423-112.jpg',NULL,'{"profile_object_x":50,"profile_object_y":50,"profile_object_zoom":100,"profile_brightness":100,"profile_contrast":100,"profile_style":"","seo_alt":"Retrato de un hombre. No es una imagen de albahaca.","dominant_color":"rgb(248, 232, 232)","vibrant_color":"#bf8079","blurhash":"LVOfS]9t*0^+_3niofW=TdxuxFof","exif_data":null}',NULL,NULL,NULL,'uploads/especies/retrato-de-un-hombre-no-es-una-imagen-de-albahaca-1778615210277.webp',15146,NULL,NULL,NULL,NULL,1,1,NULL,0,'2026-05-12 19:46:52','2026-05-22 18:44:25','2026-05-12 19:47:06',NULL,40,NULL,NULL,NULL,NULL,NULL,NULL,0,NULL,NULL,NULL,NULL,NULL,NULL);
INSERT INTO `datosadjuntos` VALUES(297,'imagen','image/webp','temp-ai-1778615246039-Esbeltaplantaconfloresblancasplumosasycapullosrosadossobrefondonatural.webp',NULL,'{"profile_object_x":50,"profile_object_y":50,"profile_object_zoom":100,"profile_brightness":100,"profile_contrast":100,"profile_style":"","seo_alt":"Primer plano de planta con flores blancas tipo cepillo y hojas verdes estrechas.","dominant_color":"rgb(88, 72, 56)","vibrant_color":"#6e3930","blurhash":"L9Av:y-.4pIV~CnmInS0M|s.ozf+","exif_data":{}}',NULL,NULL,NULL,'uploads/especies/primer-plano-de-planta-con-flores-blancas-tipo-cepillo-y-hojas-verdes-estrechas-1778615261008.webp',1413282,NULL,NULL,NULL,NULL,1,1,NULL,0,'2026-05-12 19:47:43','2026-05-22 18:44:25','2026-05-12 19:50:52',NULL,40,NULL,NULL,NULL,NULL,NULL,NULL,0,NULL,NULL,NULL,NULL,NULL,NULL);
INSERT INTO `datosadjuntos` VALUES(298,'imagen','image/jpg','temp-1778615361563-112.jpg',NULL,'{"profile_object_x":50,"profile_object_y":50,"profile_object_zoom":100,"profile_brightness":100,"profile_contrast":100,"profile_style":"","seo_alt":"Primer plano de un hombre, no relacionado con la especie botánica albahaca.","dominant_color":"rgb(248, 232, 232)","vibrant_color":"#bf8079","blurhash":"LVOfS]9t*0^+_3niofW=TdxuxFof","exif_data":null}',NULL,NULL,NULL,'uploads/especies/primer-plano-de-un-hombre-no-relacionado-con-la-especie-botanica-albahaca-1778615365749.webp',15146,NULL,NULL,NULL,NULL,0,2,NULL,0,'2026-05-12 19:49:28','2026-05-22 18:44:25','2026-05-12 19:49:53',NULL,40,NULL,NULL,NULL,NULL,NULL,NULL,0,NULL,NULL,NULL,NULL,NULL,NULL);
INSERT INTO `datosadjuntos` VALUES(299,'imagen','image/jpg','temp-1778615399046-112.jpg',NULL,'{"profile_object_x":50,"profile_object_y":50,"profile_object_zoom":100,"profile_brightness":100,"profile_contrast":100,"profile_style":"","seo_alt":"Imagen de un hombre, no relacionada con la especie botánica albahaca.","dominant_color":"rgb(248, 232, 232)","vibrant_color":"#bf8079","blurhash":"LVOfS]9t*0^+_3niofW=TdxuxFof","exif_data":null}',NULL,NULL,NULL,'uploads/especies/imagen-de-un-hombre-no-relacionada-con-la-especie-botanica-albahaca-1778615408304.webp',15146,NULL,NULL,NULL,NULL,0,2,NULL,0,'2026-05-12 19:50:10','2026-05-22 18:44:25','2026-05-12 19:50:30',NULL,40,NULL,NULL,NULL,NULL,NULL,NULL,0,NULL,NULL,NULL,NULL,NULL,NULL);
INSERT INTO `datosadjuntos` VALUES(300,'imagen','image/jpg','temp-1778615434670-114.jpg',NULL,'{"profile_object_x":50,"profile_object_y":50,"profile_object_zoom":100,"profile_brightness":100,"profile_contrast":100,"profile_style":"","seo_alt":"Retrato de hombre mayor con cabello gris. No relacionado con la albahaca.","dominant_color":"rgb(232, 216, 216)","vibrant_color":"#cc5444","blurhash":"LcM~%;EL?^?G^*ogWBofTenisAS2","exif_data":null}',NULL,NULL,NULL,'uploads/especies/retrato-de-hombre-mayor-con-cabello-gris-no-relacionado-con-la-albahaca-1778615437848.webp',20541,NULL,NULL,NULL,NULL,0,2,NULL,0,'2026-05-12 19:50:40','2026-05-22 18:44:25','2026-05-12 19:50:50',NULL,40,NULL,NULL,NULL,NULL,NULL,NULL,0,NULL,NULL,NULL,NULL,NULL,NULL);
INSERT INTO `datosadjuntos` VALUES(301,'imagen','image/webp','1 (6).jpg',NULL,'{"profile_object_x":50,"profile_object_y":50,"profile_object_zoom":100,"profile_brightness":100,"profile_contrast":100,"blurhash":"L+Oo*KW=t,-p~pj[f+kCTJs:RjR+"}',NULL,NULL,NULL,'uploads/variedades/user-1-117-1778615475185.webp',39744,NULL,NULL,NULL,NULL,0,1,NULL,0,'2026-05-12 19:51:16','2026-05-22 18:44:25',NULL,NULL,NULL,117,NULL,NULL,NULL,NULL,NULL,0,NULL,NULL,NULL,NULL,NULL,NULL);
INSERT INTO `datosadjuntos` VALUES(302,'imagen','image/webp','1 (11).jpg',NULL,'{"profile_object_x":50,"profile_object_y":50,"profile_object_zoom":100,"profile_brightness":100,"profile_contrast":100,"blurhash":"L.MZ],g3_N%1%MoKaef+tSWBRjWB"}',NULL,NULL,NULL,'uploads/variedades/user-1-117-1778615585397.webp',76274,NULL,NULL,NULL,NULL,0,1,NULL,0,'2026-05-12 19:53:06','2026-05-22 18:44:25',NULL,NULL,NULL,117,NULL,NULL,NULL,NULL,NULL,0,NULL,NULL,NULL,NULL,NULL,NULL);
INSERT INTO `datosadjuntos` VALUES(303,'imagen','image/webp','1 (11).jpg',NULL,'{"profile_object_x":50,"profile_object_y":50,"profile_object_zoom":100,"profile_brightness":100,"profile_contrast":100,"blurhash":"L.MZ],g3_N%1%MoKaef+tSWBRjWB"}',NULL,NULL,NULL,'uploads/variedades/user-1-117-1778615774706.webp',76274,NULL,NULL,NULL,NULL,0,1,NULL,0,'2026-05-12 19:56:17','2026-05-22 18:44:25',NULL,NULL,NULL,117,NULL,NULL,NULL,NULL,NULL,0,NULL,NULL,NULL,NULL,NULL,NULL);
INSERT INTO `datosadjuntos` VALUES(304,'imagen','image/webp','1 (13).jpg',NULL,'{"profile_object_x":50,"profile_object_y":50,"profile_object_zoom":100,"profile_brightness":100,"profile_contrast":100,"blurhash":"LuN]w*IU*0?H^*ogs:bbKjs+RPNH"}',NULL,NULL,NULL,'uploads/variedades/user-1-117-1778615838259.webp',67043,NULL,NULL,NULL,NULL,0,1,NULL,0,'2026-05-12 19:57:20','2026-05-22 18:44:25',NULL,NULL,NULL,117,NULL,NULL,NULL,NULL,NULL,0,NULL,NULL,NULL,NULL,NULL,NULL);
INSERT INTO `datosadjuntos` VALUES(305,'imagen','image/webp','1 (13).jpg',NULL,'{"profile_object_x":50,"profile_object_y":50,"profile_object_zoom":100,"profile_brightness":100,"profile_contrast":100,"blurhash":"LuN]w*IU*0?H^*ogs:bbKjs+RPNH"}',NULL,NULL,NULL,'uploads/variedades/user-1-117-1778615966224.webp',67043,NULL,NULL,NULL,NULL,0,1,NULL,0,'2026-05-12 19:59:28','2026-05-22 18:44:25',NULL,NULL,NULL,117,NULL,NULL,NULL,NULL,NULL,0,NULL,NULL,NULL,NULL,NULL,NULL);
INSERT INTO `datosadjuntos` VALUES(306,'imagen','image/webp','1 (13).jpg',NULL,'{"profile_object_x":50,"profile_object_y":50,"profile_object_zoom":100,"profile_brightness":100,"profile_contrast":100,"blurhash":"LuN]w*IU*0?H^*ogs:bbKjs+RPNH"}',NULL,NULL,NULL,'uploads/variedades/user-1-117-1778616058820.webp',67043,NULL,NULL,NULL,NULL,0,1,NULL,0,'2026-05-12 20:01:00','2026-05-22 18:44:25',NULL,NULL,NULL,117,NULL,NULL,NULL,NULL,NULL,0,NULL,NULL,NULL,NULL,NULL,NULL);
INSERT INTO `datosadjuntos` VALUES(307,'imagen','image/webp','1 (13).jpg',NULL,'{"profile_object_x":50,"profile_object_y":50,"profile_object_zoom":100,"profile_brightness":100,"profile_contrast":100,"blurhash":"LuN]w*IU*0?H^*ogs:bbKjs+RPNH"}',NULL,NULL,NULL,'uploads/variedades/user-1-117-1778616170408.webp',67043,NULL,NULL,NULL,NULL,0,1,NULL,0,'2026-05-12 20:02:52','2026-05-22 18:44:25',NULL,NULL,NULL,117,NULL,NULL,NULL,NULL,NULL,0,NULL,NULL,NULL,NULL,NULL,NULL);
INSERT INTO `datosadjuntos` VALUES(308,'imagen','image/webp','1 (13).jpg',NULL,'{"profile_object_x":50,"profile_object_y":50,"profile_object_zoom":100,"profile_brightness":100,"profile_contrast":100,"blurhash":"LuN]w*IU*0?H^*ogs:bbKjs+RPNH"}',NULL,NULL,NULL,'uploads/variedades/user-1-117-1778616475442.webp',67043,NULL,NULL,NULL,NULL,0,1,NULL,0,'2026-05-12 20:07:57','2026-05-22 18:44:25',NULL,NULL,NULL,117,NULL,NULL,NULL,NULL,NULL,0,NULL,NULL,NULL,NULL,NULL,NULL);
INSERT INTO `datosadjuntos` VALUES(309,'imagen','image/webp','1 (11).jpg',NULL,'{"profile_object_x":50,"profile_object_y":50,"profile_object_zoom":100,"profile_brightness":100,"profile_contrast":100,"blurhash":"L.MZ],g3_N%1%MoKaef+tSWBRjWB"}',NULL,NULL,NULL,'uploads/variedades/user-1-117-1778616633433.webp',76274,NULL,NULL,NULL,NULL,0,2,NULL,0,'2026-05-12 20:10:35','2026-05-22 18:44:25',NULL,NULL,NULL,117,NULL,NULL,NULL,NULL,NULL,0,NULL,NULL,NULL,NULL,NULL,NULL);
INSERT INTO `datosadjuntos` VALUES(310,'imagen','image/webp','temp-ai-1778616762651-Floresmoradasyblancasenmacetasymanojosconracessobremesademadera.webp',NULL,'{"profile_object_x":50,"profile_object_y":50,"profile_object_zoom":100,"profile_brightness":100,"profile_contrast":100,"profile_style":"","seo_alt":"Albahaca con flores moradas y blancas, en macetas y manojos sobre madera.","dominant_color":"rgb(8, 8, 8)","vibrant_color":"#b9891b","blurhash":"L7DS~s%zXeM{q94.%e=}zr9IW?%w","exif_data":{}}',NULL,NULL,NULL,'uploads/especies/albahaca-con-flores-moradas-y-blancas-en-macetas-y-manojos-sobre-madera-1778616770242.webp',1761082,NULL,NULL,NULL,NULL,1,1,NULL,0,'2026-05-12 20:12:53','2026-05-22 18:44:25','2026-05-12 20:14:02',NULL,40,NULL,NULL,NULL,NULL,NULL,NULL,0,NULL,NULL,NULL,NULL,NULL,NULL);
INSERT INTO `datosadjuntos` VALUES(311,'imagen','image/jpg','temp-1778616797697-113.jpg',NULL,'{"profile_object_x":50,"profile_object_y":50,"profile_object_zoom":100,"profile_brightness":100,"profile_contrast":100,"profile_style":"","seo_alt":"Hombre maduro, posible cultivador de albahaca o chef de cocina mediterránea.","dominant_color":"rgb(248, 248, 248)","vibrant_color":"#34cbf8","blurhash":"LuN]w*IU*0?H^*ogs:bbKjs+RPNH","exif_data":null}',NULL,NULL,NULL,'uploads/especies/hombre-maduro-posible-cultivador-de-albahaca-o-chef-de-cocina-mediterranea-1778616810482.webp',58335,NULL,NULL,NULL,NULL,0,2,NULL,0,'2026-05-12 20:13:33','2026-05-22 18:44:25','2026-05-12 20:14:00',NULL,40,NULL,NULL,NULL,NULL,NULL,NULL,0,NULL,NULL,NULL,NULL,NULL,NULL);
INSERT INTO `datosadjuntos` VALUES(312,'imagen','image/webp','1 (14).jpg',NULL,'{"profile_object_x":50,"profile_object_y":50,"profile_object_zoom":100,"profile_brightness":100,"profile_contrast":100,"blurhash":"LcM~%;EL?^?G^*ogWBofTenisAS2"}',NULL,NULL,NULL,'uploads/variedades/user-1-117-1778616860683.webp',46534,NULL,NULL,NULL,NULL,0,3,NULL,0,'2026-05-12 20:14:22','2026-05-22 18:44:25',NULL,NULL,NULL,117,NULL,NULL,NULL,NULL,NULL,0,NULL,NULL,NULL,NULL,NULL,NULL);
INSERT INTO `datosadjuntos` VALUES(313,'imagen','image/webp','1 (13).jpg',NULL,'{"profile_object_x":50,"profile_object_y":50,"profile_object_zoom":100,"profile_brightness":100,"profile_contrast":100,"blurhash":"LuN]w*IU*0?H^*ogs:bbKjs+RPNH"}',NULL,NULL,NULL,'uploads/variedades/user-1-117-1778616941654.webp',67043,NULL,NULL,NULL,NULL,0,1,NULL,0,'2026-05-12 20:15:43','2026-05-22 18:44:25',NULL,NULL,NULL,117,NULL,NULL,NULL,NULL,NULL,0,NULL,NULL,NULL,NULL,NULL,NULL);
INSERT INTO `datosadjuntos` VALUES(314,'imagen','image/webp','1 (13).jpg',NULL,'{"profile_object_x":50,"profile_object_y":50,"profile_object_zoom":100,"profile_brightness":100,"profile_contrast":100,"blurhash":"LuN]w*IU*0?H^*ogs:bbKjs+RPNH"}',NULL,NULL,NULL,'uploads/variedades/user-1-117-1778617024940.webp',67043,NULL,NULL,NULL,NULL,0,1,NULL,0,'2026-05-12 20:17:07','2026-05-22 18:44:25',NULL,NULL,NULL,117,NULL,NULL,NULL,NULL,NULL,0,NULL,NULL,NULL,NULL,NULL,NULL);
INSERT INTO `datosadjuntos` VALUES(315,'imagen','image/webp','1 (4).jpg',NULL,'{"profile_object_x":50,"profile_object_y":50,"profile_object_zoom":100,"profile_brightness":100,"profile_contrast":100,"blurhash":"LuJ%^AX9yD%2~WoftRofpct6sAR*"}',NULL,NULL,NULL,'uploads/variedades/user-1-117-1778617077445.webp',60779,NULL,NULL,NULL,NULL,0,1,NULL,0,'2026-05-12 20:17:59','2026-05-22 18:44:25',NULL,NULL,NULL,117,NULL,NULL,NULL,NULL,NULL,0,NULL,NULL,NULL,NULL,NULL,NULL);
INSERT INTO `datosadjuntos` VALUES(316,'imagen','image/webp','1 (13).jpg',NULL,'{"profile_object_x":50,"profile_object_y":50,"profile_object_zoom":100,"profile_brightness":100,"profile_contrast":100,"blurhash":"LuN]w*IU*0?H^*ogs:bbKjs+RPNH"}',NULL,NULL,NULL,'uploads/variedades/user-1-117-1778617129982.webp',67043,NULL,NULL,NULL,NULL,0,2,NULL,0,'2026-05-12 20:18:52','2026-05-22 18:44:25',NULL,NULL,NULL,117,NULL,NULL,NULL,NULL,NULL,0,NULL,NULL,NULL,NULL,NULL,NULL);
INSERT INTO `datosadjuntos` VALUES(317,'imagen','image/webp','1 (14).jpg',NULL,'{"profile_object_x":50,"profile_object_y":50,"profile_object_zoom":100,"profile_brightness":100,"profile_contrast":100,"blurhash":"LcM~%;EL?^?G^*ogWBofTenisAS2"}',NULL,NULL,NULL,'uploads/variedades/user-1-117-1778617168440.webp',46534,NULL,NULL,NULL,NULL,1,3,NULL,0,'2026-05-12 20:19:30','2026-05-22 18:44:25',NULL,NULL,NULL,117,NULL,NULL,NULL,NULL,NULL,0,NULL,NULL,NULL,NULL,NULL,NULL);
INSERT INTO `datosadjuntos` VALUES(318,'imagen','image/webp','1 (16).jpg',NULL,'{"profile_object_x":50,"profile_object_y":50,"profile_object_zoom":100,"profile_brightness":100,"profile_contrast":100,"blurhash":"LXI}3CR+_3%1~pof-okCkqs.M{WW"}',NULL,NULL,NULL,'uploads/variedades/user-1-117-1778617180118.webp',52808,NULL,NULL,NULL,NULL,0,4,NULL,0,'2026-05-12 20:19:42','2026-05-22 18:44:25',NULL,NULL,NULL,117,NULL,NULL,NULL,NULL,NULL,0,NULL,NULL,NULL,NULL,NULL,NULL);
INSERT INTO `datosadjuntos` VALUES(319,'imagen','image/webp','1 (13).jpg',NULL,'{"profile_object_x":50,"profile_object_y":50,"profile_object_zoom":100,"profile_brightness":100,"profile_contrast":100,"blurhash":"LuN]w*IU*0?H^*ogs:bbKjs+RPNH"}',NULL,NULL,NULL,'uploads/variedades/user-1-117-1778617674706.webp',67043,NULL,NULL,NULL,NULL,1,1,NULL,0,'2026-05-12 20:27:56','2026-05-13 15:16:42',NULL,NULL,NULL,117,NULL,NULL,NULL,NULL,NULL,0,NULL,NULL,NULL,NULL,NULL,NULL);
INSERT INTO `datosadjuntos` VALUES(320,'imagen','image/webp','1 (13).jpg',NULL,'{"profile_object_x":50,"profile_object_y":50,"profile_object_zoom":100,"profile_brightness":100,"profile_contrast":100,"blurhash":"LuN]w*IU*0?H^*ogs:bbKjs+RPNH"}',NULL,NULL,NULL,'uploads/variedades/user-1-117-1778686488639.webp',67043,NULL,NULL,NULL,NULL,1,1,NULL,0,'2026-05-13 15:34:49','2026-05-13 15:34:58',NULL,NULL,NULL,117,NULL,NULL,NULL,NULL,NULL,0,NULL,NULL,NULL,NULL,NULL,NULL);
INSERT INTO `datosadjuntos` VALUES(321,'imagen','image/webp','1 (14).jpg',NULL,'{"profile_object_x":50,"profile_object_y":50,"profile_object_zoom":100,"profile_brightness":100,"profile_contrast":100,"blurhash":"LcM~%;EL?^?G^*ogWBofTenisAS2"}',NULL,NULL,NULL,'uploads/variedades/user-1-117-1778686680372.webp',46534,NULL,NULL,NULL,NULL,1,1,NULL,0,'2026-05-13 15:38:01','2026-05-13 15:40:12',NULL,NULL,NULL,117,NULL,NULL,NULL,NULL,NULL,0,NULL,NULL,NULL,NULL,NULL,NULL);
INSERT INTO `datosadjuntos` VALUES(332,'imagen','image/webp','1 (12).jpg',NULL,'{"profile_object_x":50,"profile_object_y":50,"profile_object_zoom":100,"profile_brightness":100,"profile_contrast":100,"blurhash":"LVOfS]9t*0^+_3niofW=TdxuxFof"}',NULL,NULL,NULL,'uploads/variedades/user-1-117-1778770672433.webp',39088,NULL,NULL,NULL,NULL,1,1,NULL,0,'2026-05-14 14:57:54','2026-05-14 17:24:50','2026-05-14 17:24:50',NULL,NULL,117,NULL,NULL,NULL,NULL,NULL,0,'2026-05-14 15:04:58','rechazado',1,NULL,NULL,NULL);
INSERT INTO `datosadjuntos` VALUES(334,'imagen','image/jpeg','1 (11).jpg',NULL,'{"profile_object_x":55,"profile_object_y":44,"profile_object_zoom":100,"profile_style":""}',NULL,NULL,NULL,'uploads/usuario/usuario_28_1778772657189.jpg',0,NULL,NULL,NULL,NULL,0,1,NULL,0,'2026-05-14 15:30:57','2026-05-14 15:34:04','2026-05-14 15:34:04',28,NULL,NULL,NULL,NULL,NULL,NULL,NULL,0,'2026-05-14 15:31:33','rechazado',1,NULL,NULL,NULL);
INSERT INTO `datosadjuntos` VALUES(335,'imagen','image/jpeg','1 (12).jpg',NULL,'{"profile_object_x":49,"profile_object_y":30,"profile_object_zoom":100,"profile_style":""}',NULL,NULL,NULL,'uploads/usuario/usuario_28_1778772842883.jpg',0,NULL,NULL,NULL,NULL,0,1,NULL,0,'2026-05-14 15:34:02','2026-05-14 15:37:05','2026-05-14 15:37:05',28,NULL,NULL,NULL,NULL,NULL,NULL,NULL,0,'2026-05-14 15:34:34','rechazado',1,NULL,NULL,NULL);
INSERT INTO `datosadjuntos` VALUES(336,'imagen','image/jpeg','1  (3).jpg',NULL,'{"profile_object_x":51,"profile_object_y":33,"profile_object_zoom":100,"profile_style":""}',NULL,NULL,NULL,'uploads/usuario/usuario_28_1778773041989.jpg',0,NULL,NULL,NULL,NULL,0,1,NULL,0,'2026-05-14 15:37:21','2026-05-14 17:24:28','2026-05-14 17:24:28',28,NULL,NULL,NULL,NULL,NULL,NULL,NULL,0,'2026-05-14 15:44:49','rechazado',1,NULL,NULL,NULL);
INSERT INTO `datosadjuntos` VALUES(337,'imagen','image/jpeg','1 (11).jpg',NULL,'{"profile_object_x":55,"profile_object_y":44,"profile_object_zoom":100,"profile_style":""}',NULL,NULL,NULL,'uploads/usuario/usuario_28_1778773055760.jpg',0,NULL,NULL,NULL,NULL,0,2,NULL,0,'2026-05-14 15:37:35','2026-05-14 17:57:02','2026-05-14 17:57:02',28,NULL,NULL,NULL,NULL,NULL,NULL,NULL,0,'2026-05-14 15:37:56','rechazado',1,NULL,NULL,NULL);
INSERT INTO `datosadjuntos` VALUES(338,'imagen','image/jpeg','1 (4).jpg',NULL,NULL,NULL,NULL,NULL,'uploads/usuario/reemplazo_1778781422628.jpg',60779,NULL,NULL,NULL,NULL,0,2,NULL,0,'2026-05-14 17:57:02','2026-05-22 18:44:25','2026-05-14 17:57:40',28,NULL,NULL,NULL,NULL,NULL,NULL,NULL,0,NULL,NULL,NULL,NULL,NULL,NULL);
INSERT INTO `datosadjuntos` VALUES(339,'imagen','image/jpeg','1 (4).jpg',NULL,'{"profile_object_x":53,"profile_object_y":25,"profile_object_zoom":100,"profile_style":""}',NULL,NULL,NULL,'uploads/usuario/usuario_28_1778781476718.jpg',0,NULL,NULL,NULL,NULL,0,1,NULL,0,'2026-05-14 17:57:56','2026-05-14 18:04:58','2026-05-14 18:04:58',28,NULL,NULL,NULL,NULL,NULL,NULL,NULL,0,'2026-05-14 17:59:00','rechazado',1,NULL,NULL,NULL);
INSERT INTO `datosadjuntos` VALUES(340,'imagen','image/jpeg','1 (13).jpg',NULL,NULL,NULL,NULL,NULL,'uploads/usuario/reemplazo_1778781898526.jpg',67043,NULL,NULL,NULL,NULL,0,1,NULL,0,'2026-05-14 18:04:58','2026-05-22 18:44:25','2026-05-14 18:05:31',28,NULL,NULL,NULL,NULL,NULL,NULL,NULL,0,NULL,NULL,NULL,NULL,NULL,NULL);
INSERT INTO `datosadjuntos` VALUES(341,'imagen','image/jpeg','1 (5).jpg',NULL,'{"profile_object_x":48,"profile_object_y":21,"profile_object_zoom":100,"profile_style":""}',NULL,NULL,NULL,'uploads/usuario/usuario_28_1778781947347.jpg',0,NULL,NULL,NULL,NULL,0,1,NULL,0,'2026-05-14 18:05:47','2026-05-14 18:06:41','2026-05-14 18:06:41',28,NULL,NULL,NULL,NULL,NULL,NULL,NULL,0,'2026-05-14 18:06:08','rechazado',1,NULL,NULL,NULL);
INSERT INTO `datosadjuntos` VALUES(342,'imagen','image/jpeg','1 (4).jpg',NULL,NULL,NULL,NULL,NULL,'uploads/usuario/reemplazo_1778782000420.jpg',60779,NULL,NULL,NULL,NULL,0,1,NULL,0,'2026-05-14 18:06:41','2026-05-22 18:44:25','2026-05-14 18:08:00',28,NULL,NULL,NULL,NULL,NULL,NULL,NULL,0,NULL,NULL,NULL,NULL,NULL,NULL);
INSERT INTO `datosadjuntos` VALUES(343,'imagen','image/jpeg','1 (4).jpg',NULL,'{"profile_object_x":53,"profile_object_y":25,"profile_object_zoom":100,"profile_style":""}',NULL,NULL,NULL,'uploads/usuario/usuario_28_1778782097419.jpg',0,NULL,NULL,NULL,NULL,0,1,NULL,0,'2026-05-14 18:08:17','2026-05-14 18:09:38','2026-05-14 18:09:38',28,NULL,NULL,NULL,NULL,NULL,NULL,NULL,0,'2026-05-14 18:08:39','rechazado',1,NULL,NULL,NULL);
INSERT INTO `datosadjuntos` VALUES(344,'imagen','image/jpeg','1 (11).jpg',NULL,'{"profile_object_x":50,"profile_object_y":38,"profile_object_zoom":100,"profile_style":""}',NULL,NULL,NULL,'uploads/usuario/reemplazo_1778782177427.jpg',21025,NULL,NULL,NULL,NULL,0,1,NULL,0,'2026-05-14 18:09:38','2026-05-22 18:44:25','2026-05-14 18:11:39',28,NULL,NULL,NULL,NULL,NULL,NULL,NULL,0,'2026-05-14 18:11:07','aprobado',1,NULL,NULL,NULL);
INSERT INTO `datosadjuntos` VALUES(345,'imagen','image/jpeg','1 (4).jpg',NULL,'{"profile_object_x":53,"profile_object_y":25,"profile_object_zoom":100,"profile_style":""}',NULL,NULL,NULL,'uploads/usuario/usuario_28_1778782314008.jpg',0,NULL,NULL,NULL,NULL,0,1,NULL,0,'2026-05-14 18:11:54','2026-05-14 18:12:40','2026-05-14 18:12:40',28,NULL,NULL,NULL,NULL,NULL,NULL,NULL,0,'2026-05-14 18:12:13','rechazado',1,NULL,NULL,NULL);
INSERT INTO `datosadjuntos` VALUES(346,'imagen','image/jpeg','1 (5).jpg',NULL,'{"profile_object_x":50,"profile_object_y":38,"profile_object_zoom":100,"profile_style":""}',NULL,NULL,NULL,'uploads/usuario/reemplazo_1778782359634.jpg',24737,NULL,NULL,NULL,NULL,0,1,NULL,0,'2026-05-14 18:12:40','2026-05-14 18:15:58','2026-05-14 18:13:46',28,NULL,NULL,NULL,NULL,NULL,NULL,NULL,0,NULL,NULL,NULL,NULL,NULL,NULL);
INSERT INTO `datosadjuntos` VALUES(347,'imagen','image/jpeg','1 (6).jpg',NULL,'{"profile_object_x":50,"profile_object_y":27,"profile_object_zoom":100,"profile_style":""}',NULL,NULL,NULL,'uploads/usuario/usuario_28_1778782443317.jpg',0,NULL,NULL,NULL,NULL,0,1,NULL,0,'2026-05-14 18:14:03','2026-05-14 18:15:58','2026-05-14 18:14:34',28,NULL,NULL,NULL,NULL,NULL,NULL,NULL,0,NULL,NULL,NULL,NULL,NULL,NULL);
INSERT INTO `datosadjuntos` VALUES(348,'imagen','image/jpeg','1 (13).jpg',NULL,'{"profile_object_x":48,"profile_object_y":25,"profile_object_zoom":100,"profile_style":""}',NULL,NULL,NULL,'uploads/usuario/usuario_28_1778782551737.jpg',0,NULL,NULL,NULL,NULL,0,1,NULL,0,'2026-05-14 18:15:52','2026-05-14 19:42:36','2026-05-14 18:16:05',28,NULL,NULL,NULL,NULL,NULL,NULL,NULL,0,NULL,NULL,NULL,NULL,NULL,NULL);
INSERT INTO `datosadjuntos` VALUES(349,'imagen','image/jpeg','1 (4).jpg',NULL,'{"profile_object_x":53,"profile_object_y":25,"profile_object_zoom":100,"profile_style":""}',NULL,NULL,NULL,'uploads/usuario/usuario_28_1778782587580.jpg',0,NULL,NULL,NULL,NULL,0,1,NULL,0,'2026-05-14 18:16:27','2026-05-14 19:42:36','2026-05-14 18:17:23',28,NULL,NULL,NULL,NULL,NULL,NULL,NULL,0,NULL,NULL,NULL,NULL,NULL,NULL);
INSERT INTO `datosadjuntos` VALUES(350,'imagen','image/jpeg','1 (5).jpg',NULL,'{"profile_object_x":48,"profile_object_y":21,"profile_object_zoom":100,"profile_style":""}',NULL,NULL,NULL,'uploads/usuario/usuario_28_1778782679936.jpg',0,NULL,NULL,NULL,NULL,0,1,NULL,0,'2026-05-14 18:18:00','2026-05-14 19:42:36','2026-05-14 18:20:24',28,NULL,NULL,NULL,NULL,NULL,NULL,NULL,0,NULL,NULL,NULL,NULL,NULL,NULL);
INSERT INTO `datosadjuntos` VALUES(351,'imagen','image/jpeg','1 (11).jpg',NULL,'{"profile_object_x":55,"profile_object_y":44,"profile_object_zoom":100,"profile_style":""}',NULL,NULL,NULL,'uploads/usuario/usuario_28_1778782838160.jpg',0,NULL,NULL,NULL,NULL,0,1,NULL,0,'2026-05-14 18:20:38','2026-05-14 18:21:31','2026-05-14 18:21:31',28,NULL,NULL,NULL,NULL,NULL,NULL,NULL,0,'2026-05-14 18:20:59','rechazado',1,NULL,NULL,NULL);
INSERT INTO `datosadjuntos` VALUES(352,'imagen','image/jpeg','1 (4).jpg',NULL,'{"profile_object_x":50,"profile_object_y":38,"profile_object_zoom":100,"profile_style":""}',NULL,NULL,NULL,'uploads/usuario/reemplazo_1778782890510.jpg',22636,NULL,NULL,NULL,NULL,0,1,NULL,0,'2026-05-14 18:21:31','2026-05-14 18:25:43','2026-05-14 18:25:43',28,NULL,NULL,NULL,NULL,NULL,NULL,NULL,0,'2026-05-14 18:23:24','rechazado',1,NULL,NULL,NULL);
INSERT INTO `datosadjuntos` VALUES(353,'imagen','image/jpeg','1 (18).jpg',NULL,'{"profile_object_x":50,"profile_object_y":38,"profile_object_zoom":100,"profile_style":""}',NULL,NULL,NULL,'uploads/usuario/reemplazo_1778783142940.jpg',14491,NULL,NULL,NULL,NULL,0,1,NULL,0,'2026-05-14 18:25:43','2026-05-14 19:42:36','2026-05-14 18:49:10',28,NULL,NULL,NULL,NULL,NULL,NULL,NULL,0,NULL,NULL,NULL,NULL,NULL,NULL);
INSERT INTO `datosadjuntos` VALUES(354,'imagen','image/jpeg','1 (4).jpg',NULL,'{"profile_object_x":53,"profile_object_y":25,"profile_object_zoom":100,"profile_style":""}',NULL,NULL,NULL,'uploads/usuario/usuario_28_1778784567182.jpg',0,NULL,NULL,NULL,NULL,0,1,NULL,0,'2026-05-14 18:49:27','2026-05-14 19:42:24','2026-05-14 19:42:24',28,NULL,NULL,NULL,NULL,NULL,NULL,NULL,0,'2026-05-14 18:50:17','rechazado',1,NULL,NULL,NULL);
INSERT INTO `datosadjuntos` VALUES(355,'imagen','image/jpeg','1 (5).jpg',NULL,'{"profile_object_x":50,"profile_object_y":38,"profile_object_zoom":100,"profile_style":""}',NULL,NULL,NULL,'uploads/usuario/reemplazo_1778787742651.jpg',24737,NULL,NULL,NULL,NULL,1,1,NULL,1,'2026-05-14 19:42:24','2026-05-23 14:26:11',NULL,28,NULL,NULL,NULL,NULL,NULL,NULL,NULL,1,'2026-05-23 14:26:11','aprobado',1,NULL,NULL,NULL);
INSERT INTO `datosadjuntos` VALUES(376,'imagen','image/jpg','temp-1778952415220-6163194NNlL.ACSL1500.jpg',NULL,'{"profile_object_x":50,"profile_object_y":50,"profile_object_zoom":100,"profile_brightness":100,"profile_contrast":100,"profile_style":"","seo_alt":"Bandeja de poliestireno blanca con 120 alveolos para cultivo agrícola, medidas 104x30x5cm.","dominant_color":"rgb(248, 248, 248)","vibrant_color":"#7f7f7f","blurhash":"LQQJfm_3~qofay-;j[M{?bxuRjRj","exif_data":null}',NULL,NULL,NULL,'uploads/contenedores/bandeja-de-poliestireno-blanca-con-120-alveolos-para-cultivo-agricola-medidas-104x30x5cm-1778952420692.webp',64787,NULL,NULL,NULL,NULL,1,1,NULL,1,'2026-05-16 17:27:01','2026-05-22 18:44:25',NULL,NULL,NULL,NULL,NULL,NULL,NULL,NULL,NULL,0,NULL,NULL,NULL,NULL,20,NULL);
INSERT INTO `datosadjuntos` VALUES(377,'imagen','image/webp','IMG_20260314_101254_747.jpg',NULL,'{"profile_object_x":50,"profile_object_y":50,"profile_object_zoom":100,"blurhash":"LtI5oSj]ofof_Nj]bHof?bj[a|of"}',NULL,NULL,NULL,'uploads/cultivosavisos/user-22-3-1779459024356.webp',4830591,NULL,NULL,NULL,NULL,1,1,NULL,0,'2026-05-22 14:10:27','2026-05-22 18:53:11','2026-05-22 18:53:11',22,NULL,NULL,NULL,NULL,NULL,NULL,NULL,0,NULL,NULL,NULL,20,NULL,3);
INSERT INTO `datosadjuntos` VALUES(378,'imagen','image/webp','1 (13).jpg',NULL,'{"profile_object_x":50,"profile_object_y":50,"profile_object_zoom":100,"blurhash":"LuN]w*IU*0?H^*ogs:bbKjs+RPNH","pending_idpauta":267,"pending_fechaEmision":"2026-05-17T10:00:00.000Z"}',NULL,NULL,NULL,'uploads/cultivosavisos/user-22-pending-267-1779459446834.webp',67043,NULL,NULL,NULL,NULL,1,1,NULL,0,'2026-05-22 14:17:28','2026-05-22 18:53:18','2026-05-22 18:53:18',22,NULL,NULL,NULL,NULL,NULL,NULL,NULL,0,NULL,NULL,NULL,20,NULL,4);
INSERT INTO `datosadjuntos` VALUES(379,'imagen','image/webp','1  (3).jpg',NULL,'{"profile_object_x":50,"profile_object_y":50,"profile_object_zoom":100,"blurhash":"LVNc4$Ipp_~C_NR*-oofT0%1RPRk","pending_idpauta":267,"pending_fechaEmision":"2026-05-17T10:00:00.000Z"}',NULL,NULL,NULL,'uploads/cultivosavisos/user-22-pending-267-1779461439620.webp',42931,NULL,NULL,NULL,NULL,1,2,NULL,0,'2026-05-22 14:50:41','2026-05-22 18:53:21','2026-05-22 18:53:21',22,NULL,NULL,NULL,NULL,NULL,NULL,NULL,0,NULL,NULL,NULL,20,NULL,4);
INSERT INTO `datosadjuntos` VALUES(380,'imagen','image/webp','IMG_20260511_133531_446.jpg',NULL,'{"profile_object_x":50,"profile_object_y":50,"profile_object_zoom":100,"blurhash":"L*J[Cp.8-;%M~qxaofoL%gM{M{WB","pending_idpauta":267,"pending_fechaEmision":"2026-05-17T10:00:00.000Z"}',NULL,NULL,NULL,'uploads/cultivosavisos/user-22-pending-267-1779462008845.webp',2997429,NULL,NULL,NULL,NULL,1,3,NULL,0,'2026-05-22 15:00:11','2026-05-22 18:53:15','2026-05-22 18:53:15',22,NULL,NULL,NULL,NULL,NULL,NULL,NULL,0,NULL,NULL,NULL,20,NULL,4);
INSERT INTO `datosadjuntos` VALUES(381,'imagen','image/webp','1 (14).jpg',NULL,'{"profile_object_x":50,"profile_object_y":50,"profile_object_zoom":100,"blurhash":"LcM~%;EL?^?G^*ogWBofTenisAS2","pending_idpauta":267,"pending_fechaEmision":"2026-05-17T10:00:00.000Z"}',NULL,NULL,NULL,'uploads/cultivosavisos/user-22-pending-267-1779462097863.webp',46534,NULL,NULL,NULL,NULL,1,4,NULL,0,'2026-05-22 15:01:40','2026-05-22 18:53:25','2026-05-22 18:53:25',22,NULL,NULL,NULL,NULL,NULL,NULL,NULL,0,NULL,NULL,NULL,20,NULL,4);
INSERT INTO `datosadjuntos` VALUES(382,'imagen','image/jpeg','1 (5).jpg',NULL,'{"profile_object_x":48,"profile_object_y":21,"profile_object_zoom":100,"profile_style":""}',NULL,NULL,NULL,'uploads/usuario/usuario_22_1779476168273.jpg',0,NULL,NULL,NULL,NULL,1,1,NULL,1,'2026-05-22 18:56:10','2026-05-23 14:26:08',NULL,22,NULL,NULL,NULL,NULL,NULL,NULL,NULL,1,'2026-05-23 14:26:08','aprobado',1,NULL,NULL,NULL);
INSERT INTO `datosadjuntos` VALUES(383,'imagen','image/webp','2014_11_23_14.54.48.png',NULL,'{"profile_object_x":50,"profile_object_y":50,"profile_object_zoom":100,"blurhash":"LPIOFP?G9atR9GRjRkV@u6Ip$%fk"}',NULL,NULL,NULL,'uploads/cultivosavisos/user-22-2-1779476212240.webp',792688,NULL,NULL,NULL,NULL,1,1,NULL,0,'2026-05-22 18:56:54','2026-05-22 18:57:24','2026-05-22 18:57:24',22,NULL,NULL,NULL,NULL,NULL,NULL,NULL,0,NULL,NULL,NULL,20,NULL,2);
INSERT INTO `datosadjuntos` VALUES(384,'imagen','image/webp','2012-12-04 15.17.43.jpg',NULL,'{"profile_object_x":50,"profile_object_y":50,"profile_object_zoom":100,"blurhash":"L6Dl.v-;00?w00-pRq4=9D?G~E00"}',NULL,NULL,NULL,'uploads/cultivosavisos/user-22-2-1779476264620.webp',73535,NULL,NULL,NULL,NULL,1,1,NULL,0,'2026-05-22 18:57:46','2026-05-22 18:58:19','2026-05-22 18:58:19',22,NULL,NULL,NULL,NULL,NULL,NULL,NULL,0,NULL,NULL,NULL,20,NULL,2);
INSERT INTO `datosadjuntos` VALUES(385,'imagen','image/webp','2012-12-04 15.17.43.jpg',NULL,'{"profile_object_x":50,"profile_object_y":50,"profile_object_zoom":100,"blurhash":"L6Dl.v-;00?w00-pRq4=9D?G~E00"}',NULL,NULL,NULL,'uploads/cultivosavisos/user-22-2-1779476390336.webp',73535,NULL,NULL,NULL,NULL,1,1,NULL,0,'2026-05-22 18:59:53','2026-05-22 19:04:23','2026-05-22 19:04:23',22,NULL,NULL,NULL,NULL,NULL,NULL,NULL,0,NULL,NULL,NULL,20,NULL,2);
INSERT INTO `datosadjuntos` VALUES(386,'imagen','image/webp','2012-12-04 15.17.43.jpg',NULL,'{"profile_object_x":50,"profile_object_y":50,"profile_object_zoom":100,"blurhash":"L6Dl.v-;00?w00-pRq4=9D?G~E00"}',NULL,NULL,NULL,'uploads/cultivosavisos/user-22-2-1779476682089.webp',73535,NULL,NULL,NULL,NULL,1,1,NULL,0,'2026-05-22 19:04:44','2026-05-22 19:05:36','2026-05-22 19:05:36',22,NULL,NULL,NULL,NULL,NULL,NULL,NULL,0,NULL,NULL,NULL,20,NULL,2);
INSERT INTO `datosadjuntos` VALUES(387,'imagen','image/webp','2012-12-04 15.17.43.jpg',NULL,'{"profile_object_x":50,"profile_object_y":50,"profile_object_zoom":100,"blurhash":"L6Dl.v-;00?w00-pRq4=9D?G~E00"}',NULL,NULL,NULL,'uploads/cultivosavisos/user-22-2-1779476965876.webp',73535,NULL,NULL,NULL,NULL,1,1,NULL,0,'2026-05-22 19:09:28','2026-05-22 19:11:10','2026-05-22 19:11:10',22,NULL,NULL,NULL,NULL,NULL,NULL,NULL,0,NULL,NULL,NULL,20,NULL,2);
INSERT INTO `datosadjuntos` VALUES(388,'imagen','image/webp','1 (13).jpg',NULL,'{"profile_object_x":50,"profile_object_y":50,"profile_object_zoom":100,"blurhash":"LuN]w*IU*0?H^*ogs:bbKjs+RPNH","pending_idpauta":224,"pending_fechaEmision":"2026-05-17T10:00:00.000Z","datosadjuntosorden":2}',NULL,NULL,NULL,'uploads/cultivosavisos/user-22-pending-224-1779482333496.webp',58335,NULL,NULL,NULL,NULL,0,1,NULL,1,'2026-05-22 20:38:56','2026-05-23 14:26:00',NULL,22,NULL,NULL,NULL,NULL,NULL,NULL,NULL,1,'2026-05-23 14:26:00','aprobado',1,20,NULL,NULL);
INSERT INTO `datosadjuntos` VALUES(389,'imagen','image/webp','1 (12).jpg',NULL,'{"profile_object_x":50,"profile_object_y":50,"profile_object_zoom":100,"blurhash":"LVOfS]9t*0^+_3niofW=TdxuxFof","pending_idpauta":224,"pending_fechaEmision":"2026-05-17T10:00:00.000Z","datosadjuntosorden":1}',NULL,NULL,NULL,'uploads/cultivosavisos/user-22-pending-224-1779482476410.webp',15146,NULL,NULL,NULL,NULL,1,2,NULL,1,'2026-05-22 20:41:19','2026-05-23 14:25:58',NULL,22,NULL,NULL,NULL,NULL,NULL,NULL,NULL,1,'2026-05-23 14:25:58','aprobado',1,20,NULL,NULL);
INSERT INTO `datosadjuntos` VALUES(390,'imagen','image/webp','1 (21).jpg',NULL,'{"profile_object_x":50,"profile_object_y":50,"profile_object_zoom":100,"blurhash":"LrLgR*t7?vxu~qofo}ofXSaeRPay","pending_idpauta":224,"pending_fechaEmision":"2026-05-17T10:00:00.000Z"}',NULL,NULL,NULL,'uploads/cultivosavisos/user-22-pending-224-1779546493284.webp',19860,NULL,NULL,NULL,NULL,0,3,NULL,1,'2026-05-23 14:28:15',NULL,NULL,22,NULL,NULL,NULL,NULL,NULL,NULL,NULL,0,NULL,NULL,NULL,20,NULL,NULL);
INSERT INTO `datosadjuntos` VALUES(391,'imagen','image/webp','12-10-2007 064.jpg',NULL,'{"profile_object_x":50,"profile_object_y":50,"profile_object_zoom":100,"blurhash":"LH9aa7RjD$-=_NM{M|%gtRRPa$t8","pending_idpauta":224,"pending_fechaEmision":"2026-05-17T10:00:00.000Z"}',NULL,NULL,NULL,'uploads/cultivosavisos/user-22-pending-224-1779546864279.webp',433931,NULL,NULL,NULL,NULL,0,4,NULL,1,'2026-05-23 14:34:27',NULL,NULL,22,NULL,NULL,NULL,NULL,NULL,NULL,NULL,0,NULL,NULL,NULL,20,NULL,NULL);
INSERT INTO `datosadjuntos` VALUES(392,'imagen','image/webp','2012-12-04 15.17.43.jpg',NULL,'{"profile_object_x":50,"profile_object_y":50,"profile_object_zoom":100,"blurhash":"L6Dl.v-;00?w00-pRq4=9D?G~E00","pending_idpauta":268,"pending_fechaEmision":"2026-05-17T10:00:00.000Z"}',NULL,NULL,NULL,'uploads/cultivosavisos/user-22-pending-268-1779546947973.webp',62776,NULL,NULL,NULL,NULL,0,1,NULL,0,'2026-05-23 14:35:49','2026-05-23 14:43:29',NULL,22,NULL,NULL,NULL,NULL,NULL,NULL,NULL,0,'2026-05-23 14:43:29','rechazado',1,20,NULL,NULL);
INSERT INTO `datosadjuntos` VALUES(393,'imagen','image/webp','2014_11_23_14.48.25.png',NULL,'{"profile_object_x":50,"profile_object_y":50,"profile_object_zoom":100,"blurhash":"LLKdb.ICIVt88_S5j]WBL4t7slxt","pending_idpauta":268,"pending_fechaEmision":"2026-05-17T10:00:00.000Z"}',NULL,NULL,NULL,'uploads/cultivosavisos/user-22-pending-268-1779546962108.webp',834851,NULL,NULL,NULL,NULL,0,2,NULL,0,'2026-05-23 14:36:04','2026-05-23 14:43:18',NULL,22,NULL,NULL,NULL,NULL,NULL,NULL,NULL,0,'2026-05-23 14:43:18','rechazado',1,20,NULL,NULL);
INSERT INTO `datosadjuntos` VALUES(394,'imagen','image/jpeg','1000071127.jpg',NULL,'{"profile_object_x":40,"profile_object_y":43,"profile_object_zoom":100,"profile_style":""}',NULL,NULL,NULL,'uploads/usuario/usuario_29_1779658462928.jpg',0,NULL,NULL,NULL,NULL,1,1,NULL,1,'2026-05-24 21:34:26','2026-05-24 21:39:42',NULL,29,NULL,NULL,NULL,NULL,NULL,NULL,NULL,1,'2026-05-24 21:39:42','aprobado',1,NULL,NULL,NULL);
INSERT INTO `datosadjuntos` VALUES(395,'imagen','image/webp','1000071127.jpg',NULL,'{"profile_object_x":50,"profile_object_y":50,"profile_object_zoom":100,"blurhash":"LKH2Zh~W.7tR00M|WEt7?vkCnOso","pending_idpauta":266,"pending_fechaEmision":"2026-05-24T10:00:00.000Z"}',NULL,NULL,NULL,'uploads/cultivosavisos/user-29-pending-266-1779658723134.webp',514469,NULL,NULL,NULL,NULL,1,1,NULL,1,'2026-05-24 21:38:45','2026-05-24 21:39:40',NULL,29,NULL,NULL,NULL,NULL,NULL,NULL,NULL,1,'2026-05-24 21:39:40','aprobado',1,31,NULL,NULL);
INSERT INTO `datosadjuntos` VALUES(396,'imagen','image/jpeg','17796593654982052358713367177958.jpg',NULL,'{"profile_object_x":11,"profile_object_y":21,"profile_object_zoom":100,"profile_style":""}',NULL,NULL,NULL,'uploads/usuario/usuario_31_1779659371912.jpg',0,NULL,NULL,NULL,NULL,1,1,NULL,1,'2026-05-24 21:49:35',NULL,NULL,31,NULL,NULL,NULL,NULL,NULL,NULL,NULL,0,NULL,NULL,NULL,NULL,NULL,NULL);
INSERT INTO `datosadjuntos` VALUES(397,'imagen','image/jpeg','17800751982286628066839652541575.jpg',NULL,'{"profile_object_x":73,"profile_object_y":39,"profile_object_zoom":100,"profile_style":""}',NULL,NULL,NULL,'uploads/usuario/usuario_37_1780075209061.jpg',0,NULL,NULL,NULL,NULL,1,1,NULL,1,'2026-05-29 17:20:13',NULL,NULL,37,NULL,NULL,NULL,NULL,NULL,NULL,NULL,0,NULL,NULL,NULL,NULL,NULL,NULL);
INSERT INTO `datosadjuntos` VALUES(398,'documento','application/pdf','Documento_Web','Riego por Goteo en Tomate: Cultivares y Láminas (UNA Nicaragua)','Esta investigación evalúa el impacto de diferentes láminas de riego por goteo en el rendimiento y calidad de cultivares de tomate (Shanty, UC-82 y Butero) bajo condiciones edafoclimáticas de Managua, Nicaragua. Se determinó que el consumo diario de agua por planta adulta oscila entre 1.5 y 2.0 litros, variando según la zona, variedad y clima. Los resultados indican que láminas de riego de 2.0 y 2.5 litros/planta/día produjeron los mayores rendimientos, con un coeficiente de uniformidad del 98.28% para el sistema de goteo.','El consumo diario de agua por planta adulta de tomate es de aproximadamente 1.5 a 2.0 litros, influenciado por la zona, variedad, clima y tipo de suelo.\nEl riego por goteo generalmente aplica entre 3 a 4 litros de agua por m² al día.\nEn el estudio, las láminas de riego de 2.0 y 2.5 litros/planta/día resultaron en los mayores rendimientos (11,875 kg/ha y 10,970 kg/ha, respectivamente).\nLos cultivares Shanty y Butero mostraron los mayores promedios de rendimiento en el ensayo.\nEl coeficiente de uniformidad del sistema de riego por goteo calculado fue del 98.28%, catalogado como excelente, lo que indica una distribución muy homogénea del agua.',NULL,'https://storage.googleapis.com/verdantia-494121.firebasestorage.app/uploads/especies_pdfs_covers/cover_3_398_1780075802936.jpg','https://web.archive.org/web/2/https://camjol.info/index.php/CALERA/article/view/9811',0,NULL,NULL,NULL,NULL,0,2,NULL,1,'2026-05-29 17:29:32','2026-05-29 17:30:05',NULL,NULL,3,NULL,NULL,NULL,NULL,NULL,NULL,1,NULL,NULL,NULL,NULL,NULL,NULL);
INSERT INTO `datosadjuntos` VALUES(399,'imagen','image/jpeg','1 (11).jpg',NULL,'{"profile_object_x":55,"profile_object_y":44,"profile_object_zoom":100,"profile_style":""}',NULL,NULL,NULL,'uploads/usuario/usuario_40_1780135250828.jpg',0,NULL,NULL,NULL,NULL,0,1,NULL,1,'2026-05-30 10:00:51','2026-05-30 11:12:29',NULL,40,NULL,NULL,NULL,NULL,NULL,NULL,NULL,1,'2026-05-30 11:12:29','aprobado',1,NULL,NULL,NULL);
INSERT INTO `datosadjuntos` VALUES(400,'imagen','image/jpeg','1 (21).jpg',NULL,'{"profile_object_x":49,"profile_object_y":30,"profile_object_zoom":100,"profile_style":""}',NULL,NULL,NULL,'uploads/usuario/usuario_40_1780136183209.jpg',0,NULL,NULL,NULL,NULL,1,2,NULL,1,'2026-05-30 10:16:23','2026-05-30 10:25:58',NULL,40,NULL,NULL,NULL,NULL,NULL,NULL,NULL,1,'2026-05-30 10:25:58','aprobado',1,NULL,NULL,NULL);

DROP TABLE IF EXISTS `datosatmosfericos`;
CREATE TABLE `datosatmosfericos` (
  `iddatosatmosfericos` int(11) NOT NULL AUTO_INCREMENT,
  `xdatosatmosfericosidusuarios` int(11) NOT NULL,
  `datosatmosfericosfecha` date NOT NULL,
  `datosatmosfericostempmax` decimal(4,1) DEFAULT NULL,
  `datosatmosfericostempmin` decimal(4,1) DEFAULT NULL,
  `datosatmosfericoslluvia` decimal(5,1) DEFAULT NULL,
  `datosatmosfericostempactual` decimal(4,1) DEFAULT NULL,
  `datosatmosfericospoblacion` varchar(100) DEFAULT NULL,
  PRIMARY KEY (`iddatosatmosfericos`),
  UNIQUE KEY `idx_usuario_fecha` (`xdatosatmosfericosidusuarios`,`datosatmosfericosfecha`),
  CONSTRAINT `fk_datosatmosfericos_usuarios` FOREIGN KEY (`xdatosatmosfericosidusuarios`) REFERENCES `usuarios` (`idusuarios`) ON DELETE CASCADE ON UPDATE CASCADE
) ENGINE=InnoDB AUTO_INCREMENT=1578 DEFAULT CHARSET=utf8mb4 COLLATE=utf8mb4_unicode_ci;

INSERT INTO `datosatmosfericos` VALUES(1,1,'2026-04-18','21.0','12.0','0.0','18.0','Benissa');
INSERT INTO `datosatmosfericos` VALUES(3,5,'2026-04-01','20.2','10.5','0.0',NULL,'D+');
INSERT INTO `datosatmosfericos` VALUES(4,5,'2026-04-02','19.1','12.2','0.0',NULL,'D+');
INSERT INTO `datosatmosfericos` VALUES(5,5,'2026-04-03','18.6','10.4','0.0',NULL,'D+');
INSERT INTO `datosatmosfericos` VALUES(6,5,'2026-04-04','21.4','8.8','0.0',NULL,'D+');
INSERT INTO `datosatmosfericos` VALUES(7,5,'2026-04-05','21.5','11.6','0.0',NULL,'D+');
INSERT INTO `datosatmosfericos` VALUES(8,5,'2026-04-06','19.1','10.1','0.0',NULL,'D+');
INSERT INTO `datosatmosfericos` VALUES(9,5,'2026-04-07','18.4','11.3','0.0',NULL,'D+');
INSERT INTO `datosatmosfericos` VALUES(10,5,'2026-04-08','18.6','12.5','0.0',NULL,'D+');
INSERT INTO `datosatmosfericos` VALUES(11,5,'2026-04-09','21.7','12.7','0.0',NULL,'D+');
INSERT INTO `datosatmosfericos` VALUES(12,5,'2026-04-10','24.4','13.5','0.0',NULL,'D+');
INSERT INTO `datosatmosfericos` VALUES(13,5,'2026-04-11','19.8','15.0','0.0',NULL,'D+');
INSERT INTO `datosatmosfericos` VALUES(14,5,'2026-04-12','18.1','13.9','5.1',NULL,'D+');
INSERT INTO `datosatmosfericos` VALUES(15,5,'2026-04-13','16.2','11.4','7.9',NULL,'D+');
INSERT INTO `datosatmosfericos` VALUES(16,5,'2026-04-14','20.2','10.4','0.0',NULL,'D+');
INSERT INTO `datosatmosfericos` VALUES(17,5,'2026-04-15','21.7','10.4','0.0',NULL,'D+');
INSERT INTO `datosatmosfericos` VALUES(18,5,'2026-04-16','21.9','13.1','0.0',NULL,'D+');
INSERT INTO `datosatmosfericos` VALUES(19,5,'2026-04-17','24.0','12.9','0.0',NULL,'D+');
INSERT INTO `datosatmosfericos` VALUES(20,5,'2026-04-18','24.7','12.6','0.0',NULL,'D+');
INSERT INTO `datosatmosfericos` VALUES(21,6,'2026-04-01','18.0','12.0','0.0',NULL,'J+');
INSERT INTO `datosatmosfericos` VALUES(22,6,'2026-04-02','18.0','14.2','0.0',NULL,'J+');
INSERT INTO `datosatmosfericos` VALUES(23,6,'2026-04-03','17.8','13.5','0.0',NULL,'J+');
INSERT INTO `datosatmosfericos` VALUES(24,6,'2026-04-04','17.9','12.5','0.0',NULL,'J+');
INSERT INTO `datosatmosfericos` VALUES(25,6,'2026-04-05','18.6','14.1','0.0',NULL,'J+');
INSERT INTO `datosatmosfericos` VALUES(26,6,'2026-04-06','17.9','12.8','0.0',NULL,'J+');
INSERT INTO `datosatmosfericos` VALUES(27,6,'2026-04-07','17.8','14.1','0.0',NULL,'J+');
INSERT INTO `datosatmosfericos` VALUES(28,6,'2026-04-08','18.8','15.1','0.0',NULL,'J+');
INSERT INTO `datosatmosfericos` VALUES(29,6,'2026-04-09','20.9','15.4','0.0',NULL,'J+');
INSERT INTO `datosatmosfericos` VALUES(30,6,'2026-04-10','22.5','16.3','0.0',NULL,'J+');
INSERT INTO `datosatmosfericos` VALUES(31,6,'2026-04-11','20.0','17.6','0.0',NULL,'J+');
INSERT INTO `datosatmosfericos` VALUES(32,6,'2026-04-12','18.5','14.3','3.4',NULL,'J+');
INSERT INTO `datosatmosfericos` VALUES(33,6,'2026-04-13','15.9','11.8','6.7',NULL,'J+');
INSERT INTO `datosatmosfericos` VALUES(34,6,'2026-04-14','19.4','13.8','0.0',NULL,'J+');
INSERT INTO `datosatmosfericos` VALUES(35,6,'2026-04-15','18.9','12.8','0.0',NULL,'J+');
INSERT INTO `datosatmosfericos` VALUES(36,6,'2026-04-16','19.8','14.3','0.0',NULL,'J+');
INSERT INTO `datosatmosfericos` VALUES(37,6,'2026-04-17','20.1','15.0','0.0',NULL,'J+');
INSERT INTO `datosatmosfericos` VALUES(38,6,'2026-04-18','20.8','14.0','0.0',NULL,'J+');
INSERT INTO `datosatmosfericos` VALUES(39,7,'2026-04-01','19.3','10.0','0.0',NULL,'Calpe');
INSERT INTO `datosatmosfericos` VALUES(40,7,'2026-04-02','18.5','12.5','0.0',NULL,'Calpe');
INSERT INTO `datosatmosfericos` VALUES(41,7,'2026-04-03','19.3','11.0','0.0',NULL,'Calpe');
INSERT INTO `datosatmosfericos` VALUES(42,7,'2026-04-04','19.1','10.3','0.0',NULL,'Calpe');
INSERT INTO `datosatmosfericos` VALUES(43,7,'2026-04-05','19.8','12.0','0.0',NULL,'Calpe');
INSERT INTO `datosatmosfericos` VALUES(44,7,'2026-04-06','20.6','11.2','0.0',NULL,'Calpe');
INSERT INTO `datosatmosfericos` VALUES(45,7,'2026-04-07','20.1','13.6','0.0',NULL,'Calpe');
INSERT INTO `datosatmosfericos` VALUES(46,7,'2026-04-08','21.6','14.9','0.0',NULL,'Calpe');
INSERT INTO `datosatmosfericos` VALUES(47,7,'2026-04-09','24.3','15.6','0.0',NULL,'Calpe');
INSERT INTO `datosatmosfericos` VALUES(48,7,'2026-04-10','25.7','15.7','0.0',NULL,'Calpe');
INSERT INTO `datosatmosfericos` VALUES(49,7,'2026-04-11','22.1','17.7','0.0',NULL,'Calpe');
INSERT INTO `datosatmosfericos` VALUES(50,7,'2026-04-12','18.5','13.6','3.7',NULL,'Calpe');
INSERT INTO `datosatmosfericos` VALUES(51,7,'2026-04-13','16.4','11.3','7.4',NULL,'Calpe');
INSERT INTO `datosatmosfericos` VALUES(52,7,'2026-04-14','20.2','11.4','0.0',NULL,'Calpe');
INSERT INTO `datosatmosfericos` VALUES(53,7,'2026-04-15','19.7','11.1','0.0',NULL,'Calpe');
INSERT INTO `datosatmosfericos` VALUES(54,7,'2026-04-16','20.9','13.4','0.0',NULL,'Calpe');
INSERT INTO `datosatmosfericos` VALUES(55,7,'2026-04-17','21.8','13.6','0.0',NULL,'Calpe');
INSERT INTO `datosatmosfericos` VALUES(56,7,'2026-04-18','22.6','12.8','0.0',NULL,'Calpe');
INSERT INTO `datosatmosfericos` VALUES(57,8,'2026-04-01','18.7','8.7','0.0',NULL,'Teulada');
INSERT INTO `datosatmosfericos` VALUES(58,8,'2026-04-02','18.4','11.7','0.0',NULL,'Teulada');
INSERT INTO `datosatmosfericos` VALUES(59,8,'2026-04-03','18.2','9.8','0.0',NULL,'Teulada');
INSERT INTO `datosatmosfericos` VALUES(60,8,'2026-04-04','19.2','7.9','0.0',NULL,'Teulada');
INSERT INTO `datosatmosfericos` VALUES(61,8,'2026-04-05','19.7','10.4','0.0',NULL,'Teulada');
INSERT INTO `datosatmosfericos` VALUES(62,8,'2026-04-06','18.9','9.2','0.0',NULL,'Teulada');
INSERT INTO `datosatmosfericos` VALUES(63,8,'2026-04-07','18.3','11.3','0.0',NULL,'Teulada');
INSERT INTO `datosatmosfericos` VALUES(64,8,'2026-04-08','19.6','12.8','0.0',NULL,'Teulada');
INSERT INTO `datosatmosfericos` VALUES(65,8,'2026-04-09','22.3','13.1','0.0',NULL,'Teulada');
INSERT INTO `datosatmosfericos` VALUES(66,8,'2026-04-10','24.5','13.3','0.0',NULL,'Teulada');
INSERT INTO `datosatmosfericos` VALUES(67,8,'2026-04-11','20.0','15.0','0.0',NULL,'Teulada');
INSERT INTO `datosatmosfericos` VALUES(68,8,'2026-04-12','17.3','12.8','4.3',NULL,'Teulada');
INSERT INTO `datosatmosfericos` VALUES(69,8,'2026-04-13','15.3','10.1','7.8',NULL,'Teulada');
INSERT INTO `datosatmosfericos` VALUES(70,8,'2026-04-14','19.6','10.0','0.0',NULL,'Teulada');
INSERT INTO `datosatmosfericos` VALUES(71,8,'2026-04-15','19.8','9.7','0.0',NULL,'Teulada');
INSERT INTO `datosatmosfericos` VALUES(72,8,'2026-04-16','21.2','11.9','0.0',NULL,'Teulada');
INSERT INTO `datosatmosfericos` VALUES(73,8,'2026-04-17','21.9','12.1','0.0',NULL,'Teulada');
INSERT INTO `datosatmosfericos` VALUES(74,8,'2026-04-18','22.5','11.0','0.0',NULL,'Teulada');
INSERT INTO `datosatmosfericos` VALUES(75,9,'2026-04-01','18.0','8.7','0.0',NULL,'Benissa');
INSERT INTO `datosatmosfericos` VALUES(76,9,'2026-04-02','17.2','11.2','0.0',NULL,'Benissa');
INSERT INTO `datosatmosfericos` VALUES(77,9,'2026-04-03','18.0','9.7','0.0',NULL,'Benissa');
INSERT INTO `datosatmosfericos` VALUES(78,9,'2026-04-04','17.8','9.0','0.0',NULL,'Benissa');
INSERT INTO `datosatmosfericos` VALUES(79,9,'2026-04-05','18.5','10.7','0.0',NULL,'Benissa');
INSERT INTO `datosatmosfericos` VALUES(80,9,'2026-04-06','19.3','9.9','0.0',NULL,'Benissa');
INSERT INTO `datosatmosfericos` VALUES(81,9,'2026-04-07','18.8','12.3','0.0',NULL,'Benissa');
INSERT INTO `datosatmosfericos` VALUES(82,9,'2026-04-08','20.3','13.6','0.0',NULL,'Benissa');
INSERT INTO `datosatmosfericos` VALUES(83,9,'2026-04-09','23.0','14.3','0.0',NULL,'Benissa');
INSERT INTO `datosatmosfericos` VALUES(84,9,'2026-04-10','24.4','14.4','0.0',NULL,'Benissa');
INSERT INTO `datosatmosfericos` VALUES(85,9,'2026-04-11','20.8','16.4','0.0',NULL,'Benissa');
INSERT INTO `datosatmosfericos` VALUES(86,9,'2026-04-12','17.2','12.3','3.7',NULL,'Benissa');
INSERT INTO `datosatmosfericos` VALUES(87,9,'2026-04-13','15.1','10.0','7.4',NULL,'Benissa');
INSERT INTO `datosatmosfericos` VALUES(88,9,'2026-04-14','18.9','10.1','0.0',NULL,'Benissa');
INSERT INTO `datosatmosfericos` VALUES(89,9,'2026-04-15','18.4','9.8','0.0',NULL,'Benissa');
INSERT INTO `datosatmosfericos` VALUES(90,9,'2026-04-16','19.6','12.1','0.0',NULL,'Benissa');
INSERT INTO `datosatmosfericos` VALUES(91,9,'2026-04-17','20.5','12.3','0.0',NULL,'Benissa');
INSERT INTO `datosatmosfericos` VALUES(92,9,'2026-04-18','21.3','11.5','0.0',NULL,'Benissa');
INSERT INTO `datosatmosfericos` VALUES(93,10,'2026-04-01','20.8','9.9','0.0',NULL,'Pego');
INSERT INTO `datosatmosfericos` VALUES(94,10,'2026-04-02','19.2','12.2','0.0',NULL,'Pego');
INSERT INTO `datosatmosfericos` VALUES(95,10,'2026-04-03','19.1','10.3','0.0',NULL,'Pego');
INSERT INTO `datosatmosfericos` VALUES(96,10,'2026-04-04','22.7','9.5','0.0',NULL,'Pego');
INSERT INTO `datosatmosfericos` VALUES(97,10,'2026-04-05','25.2','11.9','0.0',NULL,'Pego');
INSERT INTO `datosatmosfericos` VALUES(98,10,'2026-04-06','19.0','9.7','0.0',NULL,'Pego');
INSERT INTO `datosatmosfericos` VALUES(99,10,'2026-04-07','18.6','9.7','0.0',NULL,'Pego');
INSERT INTO `datosatmosfericos` VALUES(100,10,'2026-04-08','19.5','11.1','0.0',NULL,'Pego');
INSERT INTO `datosatmosfericos` VALUES(101,10,'2026-04-09','22.4','11.8','0.0',NULL,'Pego');
INSERT INTO `datosatmosfericos` VALUES(102,10,'2026-04-10','24.1','13.2','0.0',NULL,'Pego');
INSERT INTO `datosatmosfericos` VALUES(103,10,'2026-04-11','20.9','14.4','0.1',NULL,'Pego');
INSERT INTO `datosatmosfericos` VALUES(104,10,'2026-04-12','17.1','13.1','7.7',NULL,'Pego');
INSERT INTO `datosatmosfericos` VALUES(105,10,'2026-04-13','17.0','10.5','13.9',NULL,'Pego');
INSERT INTO `datosatmosfericos` VALUES(106,10,'2026-04-14','20.5','11.3','0.0',NULL,'Pego');
INSERT INTO `datosatmosfericos` VALUES(107,10,'2026-04-15','24.2','11.6','0.0',NULL,'Pego');
INSERT INTO `datosatmosfericos` VALUES(108,10,'2026-04-16','25.0','12.6','0.0',NULL,'Pego');
INSERT INTO `datosatmosfericos` VALUES(109,10,'2026-04-17','24.1','13.6','0.0',NULL,'Pego');
INSERT INTO `datosatmosfericos` VALUES(110,10,'2026-04-18','27.2','13.3','0.0',NULL,'Pego');
INSERT INTO `datosatmosfericos` VALUES(111,11,'2026-04-01','20.3','9.3','0.0',NULL,'Pedreguer');
INSERT INTO `datosatmosfericos` VALUES(112,11,'2026-04-02','19.4','12.1','0.0',NULL,'Pedreguer');
INSERT INTO `datosatmosfericos` VALUES(113,11,'2026-04-03','18.9','8.9','0.0',NULL,'Pedreguer');
INSERT INTO `datosatmosfericos` VALUES(114,11,'2026-04-04','22.6','7.5','0.0',NULL,'Pedreguer');
INSERT INTO `datosatmosfericos` VALUES(115,11,'2026-04-05','22.7','10.1','0.0',NULL,'Pedreguer');
INSERT INTO `datosatmosfericos` VALUES(116,11,'2026-04-06','19.1','9.1','0.0',NULL,'Pedreguer');
INSERT INTO `datosatmosfericos` VALUES(117,11,'2026-04-07','18.1','10.0','0.0',NULL,'Pedreguer');
INSERT INTO `datosatmosfericos` VALUES(118,11,'2026-04-08','18.6','11.5','0.0',NULL,'Pedreguer');
INSERT INTO `datosatmosfericos` VALUES(119,11,'2026-04-09','21.9','11.8','0.0',NULL,'Pedreguer');
INSERT INTO `datosatmosfericos` VALUES(120,11,'2026-04-10','25.8','12.7','0.0',NULL,'Pedreguer');
INSERT INTO `datosatmosfericos` VALUES(121,11,'2026-04-11','19.8','14.4','0.0',NULL,'Pedreguer');
INSERT INTO `datosatmosfericos` VALUES(122,11,'2026-04-12','17.6','13.2','6.4',NULL,'Pedreguer');
INSERT INTO `datosatmosfericos` VALUES(123,11,'2026-04-13','16.2','10.7','9.0',NULL,'Pedreguer');
INSERT INTO `datosatmosfericos` VALUES(124,11,'2026-04-14','20.5','9.9','0.0',NULL,'Pedreguer');
INSERT INTO `datosatmosfericos` VALUES(125,11,'2026-04-15','22.6','9.3','0.0',NULL,'Pedreguer');
INSERT INTO `datosatmosfericos` VALUES(126,11,'2026-04-16','23.1','12.1','0.0',NULL,'Pedreguer');
INSERT INTO `datosatmosfericos` VALUES(127,11,'2026-04-17','24.9','11.7','0.0',NULL,'Pedreguer');
INSERT INTO `datosatmosfericos` VALUES(128,11,'2026-04-18','26.3','11.1','0.0',NULL,'Pedreguer');
INSERT INTO `datosatmosfericos` VALUES(129,12,'2026-04-01','20.6','10.1','0.0',NULL,'Ondara');
INSERT INTO `datosatmosfericos` VALUES(130,12,'2026-04-02','19.3','12.3','0.0',NULL,'Ondara');
INSERT INTO `datosatmosfericos` VALUES(131,12,'2026-04-03','19.2','10.0','0.0',NULL,'Ondara');
INSERT INTO `datosatmosfericos` VALUES(132,12,'2026-04-04','22.9','9.1','0.0',NULL,'Ondara');
INSERT INTO `datosatmosfericos` VALUES(133,12,'2026-04-05','23.4','11.2','0.0',NULL,'Ondara');
INSERT INTO `datosatmosfericos` VALUES(134,12,'2026-04-06','19.3','10.3','0.0',NULL,'Ondara');
INSERT INTO `datosatmosfericos` VALUES(135,12,'2026-04-07','18.6','10.3','0.0',NULL,'Ondara');
INSERT INTO `datosatmosfericos` VALUES(136,12,'2026-04-08','19.3','12.0','0.0',NULL,'Ondara');
INSERT INTO `datosatmosfericos` VALUES(137,12,'2026-04-09','22.5','12.1','0.0',NULL,'Ondara');
INSERT INTO `datosatmosfericos` VALUES(138,12,'2026-04-10','26.3','13.6','0.0',NULL,'Ondara');
INSERT INTO `datosatmosfericos` VALUES(139,12,'2026-04-11','20.8','15.4','0.0',NULL,'Ondara');
INSERT INTO `datosatmosfericos` VALUES(140,12,'2026-04-12','18.2','13.3','7.4',NULL,'Ondara');
INSERT INTO `datosatmosfericos` VALUES(141,12,'2026-04-13','16.6','11.1','10.1',NULL,'Ondara');
INSERT INTO `datosatmosfericos` VALUES(142,12,'2026-04-14','20.8','11.4','0.0',NULL,'Ondara');
INSERT INTO `datosatmosfericos` VALUES(143,12,'2026-04-15','23.1','10.9','0.0',NULL,'Ondara');
INSERT INTO `datosatmosfericos` VALUES(144,12,'2026-04-16','23.3','13.2','0.0',NULL,'Ondara');
INSERT INTO `datosatmosfericos` VALUES(145,12,'2026-04-17','25.6','13.3','0.0',NULL,'Ondara');
INSERT INTO `datosatmosfericos` VALUES(146,12,'2026-04-18','26.4','12.4','0.0',NULL,'Ondara');
INSERT INTO `datosatmosfericos` VALUES(147,13,'2026-04-01','20.9','9.9','0.0',NULL,'Gata de Gorgos');
INSERT INTO `datosatmosfericos` VALUES(148,13,'2026-04-02','19.4','12.2','0.0',NULL,'Gata de Gorgos');
INSERT INTO `datosatmosfericos` VALUES(149,13,'2026-04-03','19.8','10.5','0.0',NULL,'Gata de Gorgos');
INSERT INTO `datosatmosfericos` VALUES(150,13,'2026-04-04','21.2','8.8','0.0',NULL,'Gata de Gorgos');
INSERT INTO `datosatmosfericos` VALUES(151,13,'2026-04-05','21.6','11.0','0.0',NULL,'Gata de Gorgos');
INSERT INTO `datosatmosfericos` VALUES(152,13,'2026-04-06','20.8','10.4','0.0',NULL,'Gata de Gorgos');
INSERT INTO `datosatmosfericos` VALUES(153,13,'2026-04-07','19.8','12.1','0.0',NULL,'Gata de Gorgos');
INSERT INTO `datosatmosfericos` VALUES(154,13,'2026-04-08','21.0','13.7','0.0',NULL,'Gata de Gorgos');
INSERT INTO `datosatmosfericos` VALUES(155,13,'2026-04-09','24.2','14.0','0.0',NULL,'Gata de Gorgos');
INSERT INTO `datosatmosfericos` VALUES(156,13,'2026-04-10','26.5','14.7','0.0',NULL,'Gata de Gorgos');
INSERT INTO `datosatmosfericos` VALUES(157,13,'2026-04-11','21.6','16.5','0.0',NULL,'Gata de Gorgos');
INSERT INTO `datosatmosfericos` VALUES(158,13,'2026-04-12','18.3','13.5','5.1',NULL,'Gata de Gorgos');
INSERT INTO `datosatmosfericos` VALUES(159,13,'2026-04-13','16.5','11.0','8.0',NULL,'Gata de Gorgos');
INSERT INTO `datosatmosfericos` VALUES(160,13,'2026-04-14','20.8','11.2','0.0',NULL,'Gata de Gorgos');
INSERT INTO `datosatmosfericos` VALUES(161,13,'2026-04-15','21.6','10.7','0.0',NULL,'Gata de Gorgos');
INSERT INTO `datosatmosfericos` VALUES(162,13,'2026-04-16','22.8','13.1','0.0',NULL,'Gata de Gorgos');
INSERT INTO `datosatmosfericos` VALUES(163,13,'2026-04-17','24.1','13.1','0.0',NULL,'Gata de Gorgos');
INSERT INTO `datosatmosfericos` VALUES(164,13,'2026-04-18','24.8','12.5','0.0',NULL,'Gata de Gorgos');
INSERT INTO `datosatmosfericos` VALUES(165,14,'2026-04-01','20.7','10.2','0.0',NULL,'El Verger');
INSERT INTO `datosatmosfericos` VALUES(166,14,'2026-04-02','19.4','12.4','0.0',NULL,'El Verger');
INSERT INTO `datosatmosfericos` VALUES(167,14,'2026-04-03','19.3','10.1','0.0',NULL,'El Verger');
INSERT INTO `datosatmosfericos` VALUES(168,14,'2026-04-04','23.0','9.2','0.0',NULL,'El Verger');
INSERT INTO `datosatmosfericos` VALUES(169,14,'2026-04-05','23.5','11.3','0.0',NULL,'El Verger');
INSERT INTO `datosatmosfericos` VALUES(170,14,'2026-04-06','19.4','10.4','0.0',NULL,'El Verger');
INSERT INTO `datosatmosfericos` VALUES(171,14,'2026-04-07','18.7','10.4','0.0',NULL,'El Verger');
INSERT INTO `datosatmosfericos` VALUES(172,14,'2026-04-08','19.4','12.1','0.0',NULL,'El Verger');
INSERT INTO `datosatmosfericos` VALUES(173,14,'2026-04-09','22.6','12.2','0.0',NULL,'El Verger');
INSERT INTO `datosatmosfericos` VALUES(174,14,'2026-04-10','26.4','13.7','0.0',NULL,'El Verger');
INSERT INTO `datosatmosfericos` VALUES(175,14,'2026-04-11','20.9','15.5','0.0',NULL,'El Verger');
INSERT INTO `datosatmosfericos` VALUES(176,14,'2026-04-12','18.3','13.4','7.4',NULL,'El Verger');
INSERT INTO `datosatmosfericos` VALUES(177,14,'2026-04-13','16.7','11.2','10.1',NULL,'El Verger');
INSERT INTO `datosatmosfericos` VALUES(178,14,'2026-04-14','20.9','11.5','0.0',NULL,'El Verger');
INSERT INTO `datosatmosfericos` VALUES(179,14,'2026-04-15','23.2','11.0','0.0',NULL,'El Verger');
INSERT INTO `datosatmosfericos` VALUES(180,14,'2026-04-16','23.4','13.3','0.0',NULL,'El Verger');
INSERT INTO `datosatmosfericos` VALUES(181,14,'2026-04-17','25.7','13.4','0.0',NULL,'El Verger');
INSERT INTO `datosatmosfericos` VALUES(182,14,'2026-04-18','26.5','12.5','0.0',NULL,'El Verger');
INSERT INTO `datosatmosfericos` VALUES(183,1,'2026-04-01','18.0','8.7','0.0',NULL,'Benissa');
INSERT INTO `datosatmosfericos` VALUES(184,1,'2026-04-02','17.2','11.2','0.0',NULL,'Benissa');
INSERT INTO `datosatmosfericos` VALUES(185,1,'2026-04-03','18.0','9.7','0.0',NULL,'Benissa');
INSERT INTO `datosatmosfericos` VALUES(186,1,'2026-04-04','17.8','9.0','0.0',NULL,'Benissa');
INSERT INTO `datosatmosfericos` VALUES(187,1,'2026-04-05','18.5','10.7','0.0',NULL,'Benissa');
INSERT INTO `datosatmosfericos` VALUES(188,1,'2026-04-06','19.3','9.9','0.0',NULL,'Benissa');
INSERT INTO `datosatmosfericos` VALUES(189,1,'2026-04-07','18.8','12.3','0.0',NULL,'Benissa');
INSERT INTO `datosatmosfericos` VALUES(190,1,'2026-04-08','20.3','13.6','0.0',NULL,'Benissa');
INSERT INTO `datosatmosfericos` VALUES(191,1,'2026-04-09','23.0','14.3','0.0',NULL,'Benissa');
INSERT INTO `datosatmosfericos` VALUES(192,1,'2026-04-10','24.4','14.4','0.0',NULL,'Benissa');
INSERT INTO `datosatmosfericos` VALUES(193,1,'2026-04-11','20.8','16.4','0.0',NULL,'Benissa');
INSERT INTO `datosatmosfericos` VALUES(194,1,'2026-04-12','17.2','12.3','3.7',NULL,'Benissa');
INSERT INTO `datosatmosfericos` VALUES(195,1,'2026-04-13','15.1','10.0','7.4',NULL,'Benissa');
INSERT INTO `datosatmosfericos` VALUES(196,1,'2026-04-14','18.9','10.1','0.0',NULL,'Benissa');
INSERT INTO `datosatmosfericos` VALUES(197,1,'2026-04-15','18.4','9.8','0.0',NULL,'Benissa');
INSERT INTO `datosatmosfericos` VALUES(198,1,'2026-04-16','19.6','12.1','0.0',NULL,'Benissa');
INSERT INTO `datosatmosfericos` VALUES(199,1,'2026-04-17','20.5','12.3','0.0',NULL,'Benissa');
INSERT INTO `datosatmosfericos` VALUES(395,1,'2026-04-19','21.0','13.0','0.0','19.0','Benissa');
INSERT INTO `datosatmosfericos` VALUES(913,1,'2026-04-20','21.0','13.0','0.0','20.0','Benissa');
INSERT INTO `datosatmosfericos` VALUES(1075,2,'2026-04-20','21.0','13.0','0.0','21.0','Benissa');
INSERT INTO `datosatmosfericos` VALUES(1210,1,'2026-04-22','21.0','13.0','0.0','19.0','Benissa');
INSERT INTO `datosatmosfericos` VALUES(1212,2,'2026-04-22','22.0','13.0','0.0','21.0','Benissa');

DROP TABLE IF EXISTS `especies`;
CREATE TABLE `especies` (
  `idespecies` int(11) NOT NULL AUTO_INCREMENT,
  `especiesnombre` varchar(100) NOT NULL,
  `especiesnombrecientifico` varchar(200) DEFAULT NULL,
  `especiesfamilia` varchar(100) DEFAULT NULL,
  `especiestipo` set('hortaliza','fruta','aromatica','leguminosa','cereal') DEFAULT NULL,
  `especiesciclo` set('anual','bianual','perenne') DEFAULT NULL,
  `especiesdiasgerminacion` int(11) DEFAULT NULL,
  `especiesdiashastatrasplante` int(11) DEFAULT NULL,
  `especiesviabilidadsemilla` decimal(8,2) DEFAULT NULL,
  `especiespeso1000semillas` decimal(10,3) DEFAULT NULL,
  `especiesdiashastafructificacion` int(11) DEFAULT NULL,
  `especiesdiashastarecoleccion` int(11) DEFAULT NULL,
  `especiestemperaturaminima` decimal(8,2) DEFAULT NULL,
  `especiestemperaturaoptima` decimal(8,2) DEFAULT NULL,
  `especiesmarcoplantas` decimal(8,2) DEFAULT NULL,
  `especiesmarcofilas` decimal(8,2) DEFAULT NULL,
  `especiesprofundidadsiembra` decimal(8,2) DEFAULT NULL,
  `especieshistoria` text DEFAULT NULL,
  `especiesdescripcion` text DEFAULT NULL,
  `especiescolor` varchar(50) DEFAULT NULL,
  `especiestamano` enum('pequeno','mediano','grande') DEFAULT 'mediano',
  `especiesfechacreacion` timestamp NOT NULL DEFAULT current_timestamp(),
  `especiesfechasemillerodesde` int(11) DEFAULT NULL,
  `especiesfechasemillerohasta` int(11) DEFAULT NULL,
  `especiesfechasiembradirectadesde` int(11) DEFAULT NULL,
  `especiesfechasiembradirectahasta` int(11) DEFAULT NULL,
  `especiestrasplantedesde` int(11) DEFAULT NULL,
  `especiestrasplantehasta` int(11) DEFAULT NULL,
  `especiesfecharecolecciondesde` int(11) DEFAULT NULL,
  `especiesfecharecoleccionhasta` int(11) DEFAULT NULL,
  `xespeciesidusuarios` int(11) DEFAULT NULL,
  `especiesvisibilidadsino` tinyint(1) DEFAULT 1,
  `especiesfuentesinformacion` text DEFAULT NULL,
  `especiesautosuficiencia` decimal(8,2) DEFAULT NULL,
  `especiesautosuficienciaparcial` decimal(10,2) DEFAULT NULL,
  `especiesautosuficienciaconserva` decimal(8,2) DEFAULT NULL,
  `especiesicono` varchar(20) DEFAULT NULL,
  `especiesbiodinamicacategoria` varchar(50) DEFAULT NULL,
  `especiesbiodinamicanotas` text DEFAULT NULL,
  `especiesprofundidadtrasplante` varchar(50) DEFAULT NULL,
  `especiesphsuelo` varchar(50) DEFAULT NULL,
  `especiesnecesidadriego` varchar(50) DEFAULT NULL,
  `especiestiposiembra` varchar(255) DEFAULT NULL,
  `especiestiposiembrapreferente` varchar(255) DEFAULT NULL,
  `especiesvolumenmaceta` int(11) DEFAULT NULL,
  `especiesluzsolar` varchar(50) DEFAULT NULL,
  `especiescaracteristicassuelo` varchar(255) DEFAULT NULL,
  `especiesdificultad` varchar(50) DEFAULT NULL,
  `especiestemperaturamaxima` int(11) DEFAULT NULL,
  `especieslunarfasesiembra` varchar(100) DEFAULT NULL,
  `especieslunarfasetrasplante` varchar(100) DEFAULT NULL,
  `especieslunarobservaciones` text DEFAULT NULL,
  `especiesbiodinamicafasesiembra` varchar(100) DEFAULT NULL,
  `especiesbiodinamicafasetrasplante` varchar(100) DEFAULT NULL,
  `especiesemillerovolumendesde` int(11) DEFAULT NULL,
  `especiesemillerovolumenhasta` int(11) DEFAULT NULL,
  `especiesdiascrecimientofirme` int(11) DEFAULT NULL,
  `especiesduraciontotal` int(11) DEFAULT NULL,
  PRIMARY KEY (`idespecies`),
  UNIQUE KEY `nombre` (`especiesnombre`)
) ENGINE=InnoDB AUTO_INCREMENT=45 DEFAULT CHARSET=utf8mb4 COLLATE=utf8mb4_general_ci;

INSERT INTO `especies` VALUES(3,'Tomate','Solanum lycopersicum','Solanaceae','hortaliza,fruta','anual',7,30,'4.00','3.500',75,90,'10.00','25.00','50.00','80.00','0.50','El tomate, Solanum lycopersicum, tiene sus orígenes en la región andina de América del Sur, específicamente en lo que hoy es Perú, Ecuador y el norte de Chile. Fue domesticado por primera vez en México, donde los aztecas lo cultivaban y lo llamaban "xitomatl". Los primeros tomates eran probablemente pequeños y amarillos, muy diferentes de las variedades grandes y rojas que conocemos hoy.\n\nLlegó a Europa en el siglo XVI con los conquistadores españoles, inicialmente como una planta ornamental debido a la desconfianza sobre su comestibilidad, ya que pertenece a la familia de las solanáceas, que incluye muchas plantas venenosas. No fue hasta el siglo XVIII que comenzó a ser ampliamente aceptado como alimento en Italia y España, extendiéndose gradualmente por el resto del continente y el mundo.','El tomate requiere pleno sol y un suelo rico en materia orgánica, bien drenado y con un pH ligeramente ácido a neutro. Es fundamental un riego constante y uniforme para evitar el agrietamiento de los frutos. Necesita tutores para soportar el peso de los frutos y una poda regular de los "chupones" (brotes axilares) para concentrar la energía en la producción de frutos y mejorar la circulación del aire.','Rojo','mediano','2026-04-02 11:22:39',2,4,4,6,4,6,7,10,NULL,1,'https://es.wikipedia.org/wiki/Solanum_lycopersicum,https://es.wikipedia.org/wiki/Agricultura_biodin%C3%A1mica','20.00','5.00','30.00','🍅','fruto','Las plantas de fruto se benefician de la siembra en días de fruto. Evitar los perigeos y nodos lunares.','5','6.0 - 6.8','alta','directa,semillero,planton,esqueje','semillero,planton',20,'pleno_sol','franco-arenoso, rico en materia orgánica, bien drenado','media',35,'Creciente','Menguante','Siembra en luna creciente para favorecer el crecimiento aéreo. Trasplante en luna menguante para enraizar mejor. Evitar luna nueva y llena para labores importantes.','Ascendente','Descendente',30,75,45,150);
INSERT INTO `especies` VALUES(4,'Pimiento','Capsicum annuum','Solanáceas','hortaliza,fruta','anual,perenne',12,NULL,'3.00',NULL,75,NULL,'12.00','25.00','40.00','60.00','1.00','Originario de Centroam+','Hortaliza de fruto que requiere altas temperaturas (m+',NULL,NULL,'2026-04-02 15:57:52',2,4,NULL,NULL,4,6,7,10,NULL,1,NULL,NULL,NULL,NULL,'🫑',NULL,NULL,NULL,NULL,NULL,NULL,NULL,NULL,NULL,NULL,NULL,NULL,NULL,NULL,NULL,NULL,NULL,NULL,NULL,NULL,NULL);
INSERT INTO `especies` VALUES(6,'Cebolla','Allium cepa','Amarilidáceas','hortaliza','anual,bianual',10,NULL,'2.00',NULL,120,NULL,'5.00','20.00','10.00','25.00','1.00','Una de las hortalizas m+','Bulbo comestible de ciclo largo. Prefiere sustratos sueltos, con muy buen drenaje para evitar la pudrici+',NULL,NULL,'2026-04-02 15:57:52',12,3,NULL,NULL,3,5,6,8,NULL,1,NULL,NULL,NULL,NULL,'🧅',NULL,NULL,NULL,NULL,NULL,NULL,NULL,NULL,NULL,NULL,NULL,NULL,NULL,NULL,NULL,NULL,NULL,NULL,NULL,NULL,NULL);
INSERT INTO `especies` VALUES(8,'Lechuga','Lactuca sativa','Compuestas','hortaliza','anual',7,NULL,'5.00',NULL,55,NULL,'5.00','18.00','25.00','30.00','1.00','Originaria de la cuenca mediterr+','Hortaliza de hoja muy vers+',NULL,NULL,'2026-04-02 15:57:52',2,10,NULL,NULL,3,10,3,12,NULL,1,NULL,NULL,NULL,NULL,'🥬',NULL,NULL,NULL,NULL,NULL,NULL,NULL,NULL,NULL,NULL,NULL,NULL,NULL,NULL,NULL,NULL,NULL,NULL,NULL,NULL,NULL);
INSERT INTO `especies` VALUES(9,'Test',NULL,NULL,NULL,NULL,NULL,NULL,NULL,NULL,NULL,NULL,NULL,NULL,NULL,NULL,NULL,NULL,NULL,NULL,NULL,'2026-04-02 15:57:52',NULL,NULL,NULL,NULL,NULL,NULL,NULL,NULL,NULL,1,NULL,NULL,NULL,NULL,NULL,NULL,NULL,NULL,NULL,NULL,NULL,NULL,NULL,NULL,NULL,NULL,NULL,NULL,NULL,NULL,NULL,NULL,NULL,NULL,NULL,NULL);
INSERT INTO `especies` VALUES(10,'Calabacín','Cucurbita pepo','Cucurbitaceae','hortaliza','anual',7,20,'5.00','150.000',50,55,'10.00','24.00','80.00','120.00','2.50','El calabacín, una variedad de Cucurbita pepo, tiene sus orígenes en América, donde fue domesticado hace miles de años. Las evidencias arqueológicas sugieren que las cucurbitáceas se cultivaban en México desde el 7000 a.C., siendo una parte fundamental de la dieta de las civilizaciones precolombinas junto al maíz y las judías.\n\nFue introducido en Europa tras la llegada de Cristóbal Colón al continente americano, pero no fue hasta el siglo XIX en Italia cuando se seleccionaron y popularizaron las variedades de calabacín tal como las conocemos hoy, con frutos tiernos y de rápido crecimiento. Desde entonces, se ha extendido por todo el mundo, convirtiéndose en una hortaliza muy apreciada por su versatilidad culinaria y facilidad de cultivo.','El calabacín requiere pleno sol y suelos ricos en materia orgánica, bien drenados y con pH ligeramente ácido a neutro. Es fundamental un riego constante, especialmente durante la floración y fructificación, evitando encharcamientos. Se recomienda cosechar los frutos cuando son jóvenes y tiernos para estimular una producción continua y obtener la mejor calidad. La planta es vigorosa y puede requerir espacio considerable.','Verde','grande','2026-04-02 15:57:52',3,5,4,7,4,6,6,10,NULL,1,'https://es.wikipedia.org/wiki/Cucurbita_pepo,https://es.wikipedia.org/wiki/Agricultura_biodin%C3%A1mica','3.00','1.00','5.00','🟢','fruto','Las plantas de fruto se benefician de la siembra en días de fruto y el trasplante en fase descendente para enraizar mejor y asegurar una buena cosecha.','2.5','6.5 - 7.0','alta','directa,semillero,planton','directa,semillero',25,'pleno_sol','franco, rico en materia orgánica, bien drenado','baja',32,'Creciente','Menguante','Sembrar en luna creciente favorece el crecimiento aéreo y la fructificación. Trasplantar en luna menguante ayuda al enraizamiento y reduce el estrés. Evitar luna nueva y llena para siembra y trasplante.','Ascendente','Descendente',50,100,35,135);
INSERT INTO `especies` VALUES(11,'Pepino','Cucumis sativus','Cucurbitáceas','hortaliza,fruta','anual',8,NULL,'5.00',NULL,55,NULL,'12.00','25.00','40.00','100.00','2.00','Originario de la India, cultivado hace m+','Cultivo de porte rastrero/trepador famoso por su gran nivel de hidrataci+',NULL,NULL,'2026-04-02 15:57:52',3,5,4,6,4,5,6,9,NULL,1,NULL,NULL,NULL,NULL,'🥒',NULL,NULL,NULL,NULL,NULL,NULL,NULL,NULL,NULL,NULL,NULL,NULL,NULL,NULL,NULL,NULL,NULL,NULL,NULL,NULL,NULL);
INSERT INTO `especies` VALUES(12,'Rábano','Raphanus sativus','Crucíferas','hortaliza','anual',5,NULL,'5.00',NULL,25,NULL,'5.00','18.00','5.00','20.00','1.00','Originario de China y Asia Central. Cultivado en Egipto y Grecia desde la antig++edad. Es una de las hortalizas de ciclo m+','Crecimiento mete+',NULL,NULL,'2026-04-02 15:57:52',0,0,1,12,NULL,NULL,2,12,NULL,1,NULL,NULL,NULL,NULL,'🌱',NULL,NULL,NULL,NULL,NULL,NULL,NULL,NULL,NULL,NULL,NULL,NULL,NULL,NULL,NULL,NULL,NULL,NULL,NULL,NULL,NULL);
INSERT INTO `especies` VALUES(13,'Espinaca','Spinacia oleracea','Quenopodiáceas','hortaliza','anual,bianual',8,NULL,'4.00',NULL,40,NULL,'2.00','18.00','15.00','25.00','2.00','Originaria de Persia (actual Ir+','Hortaliza frondosa amigable con el clima fr+',NULL,NULL,'2026-04-02 15:57:52',0,0,8,2,NULL,NULL,10,4,NULL,1,NULL,NULL,NULL,NULL,'🍃',NULL,NULL,NULL,NULL,NULL,NULL,NULL,NULL,NULL,NULL,NULL,NULL,NULL,NULL,NULL,NULL,NULL,NULL,NULL,NULL,NULL);
INSERT INTO `especies` VALUES(14,'Ajos','Allium sativum','Amaryllidaceae','hortaliza,aromatica','anual',10,NULL,'1.00',NULL,240,NULL,NULL,'18.00','15.00','30.00','4.00','El ajo, Allium sativum, tiene sus orígenes en Asia Central, desde donde se extendió por todo el mundo. Su cultivo se remonta a más de 5.000 años, siendo una planta fundamental en la dieta y la medicina de civilizaciones antiguas como la egipcia, griega y romana, quienes lo valoraban por sus propiedades culinarias y medicinales.\n\nA lo largo de la historia, el ajo ha sido un ingrediente esencial en diversas culturas, utilizado no solo como condimento sino también como remedio para múltiples dolencias y como amuleto protector. Su adaptabilidad a diferentes climas y suelos facilitó su rápida difusión, consolidándose como un pilar de la gastronomía global.','El ajo requiere pleno sol y un suelo bien drenado, fértil y rico en materia orgánica. Se planta directamente a partir de dientes (bulbillos) en otoño o a finales de invierno, con la punta hacia arriba. Es crucial mantener una humedad constante, especialmente durante el desarrollo del bulbo, pero evitando el encharcamiento. La fertilización equilibrada es importante para un buen desarrollo. La recolección se realiza cuando las hojas inferiores comienzan a amarillear y secarse.','Blanco','mediano','2026-04-02 17:50:03',1,1,10,3,1,1,6,8,NULL,1,'https://es.wikipedia.org/wiki/Allium_sativum,https://es.wikipedia.org/wiki/Agricultura_biodin%C3%A1mica','70.00','25.00','110.00','🧄','raiz','Siembra y trasplante en días raíz para fomentar el desarrollo del bulbo. La recolección también es óptima en días raíz para una mejor conservación y sabor.',NULL,'6.0 - 7.0','media','directa',NULL,10,'pleno_sol','franco, bien drenado, rico en materia orgánica','baja',30,NULL,NULL,NULL,NULL,NULL,NULL,NULL,NULL,NULL);
INSERT INTO `especies` VALUES(15,'Maíz',NULL,NULL,NULL,NULL,NULL,NULL,NULL,NULL,NULL,NULL,NULL,NULL,NULL,NULL,NULL,NULL,NULL,NULL,'mediano','2026-05-02 11:20:57',NULL,NULL,NULL,NULL,NULL,NULL,NULL,NULL,NULL,0,NULL,NULL,NULL,NULL,NULL,NULL,NULL,NULL,NULL,NULL,NULL,NULL,NULL,NULL,NULL,NULL,NULL,NULL,NULL,NULL,NULL,NULL,NULL,NULL,NULL,NULL);
INSERT INTO `especies` VALUES(16,'Judía',NULL,NULL,NULL,NULL,NULL,NULL,NULL,NULL,NULL,NULL,NULL,NULL,NULL,NULL,NULL,NULL,NULL,NULL,'mediano','2026-05-02 11:20:57',NULL,NULL,NULL,NULL,NULL,NULL,NULL,NULL,NULL,0,NULL,NULL,NULL,NULL,NULL,NULL,NULL,NULL,NULL,NULL,NULL,NULL,NULL,NULL,NULL,NULL,NULL,NULL,NULL,NULL,NULL,NULL,NULL,NULL,NULL,NULL);
INSERT INTO `especies` VALUES(17,'Capuchina',NULL,NULL,NULL,NULL,NULL,NULL,NULL,NULL,NULL,NULL,NULL,NULL,NULL,NULL,NULL,NULL,NULL,NULL,'mediano','2026-05-02 11:20:57',NULL,NULL,NULL,NULL,NULL,NULL,NULL,NULL,NULL,0,NULL,NULL,NULL,NULL,NULL,NULL,NULL,NULL,NULL,NULL,NULL,NULL,NULL,NULL,NULL,NULL,NULL,NULL,NULL,NULL,NULL,NULL,NULL,NULL,NULL,NULL);
INSERT INTO `especies` VALUES(18,'Caléndula',NULL,NULL,NULL,NULL,NULL,NULL,NULL,NULL,NULL,NULL,NULL,NULL,NULL,NULL,NULL,NULL,NULL,NULL,'mediano','2026-05-02 11:20:57',NULL,NULL,NULL,NULL,NULL,NULL,NULL,NULL,NULL,0,NULL,NULL,NULL,NULL,NULL,NULL,NULL,NULL,NULL,NULL,NULL,NULL,NULL,NULL,NULL,NULL,NULL,NULL,NULL,NULL,NULL,NULL,NULL,NULL,NULL,NULL);
INSERT INTO `especies` VALUES(19,'Patata',NULL,NULL,NULL,NULL,NULL,NULL,NULL,NULL,NULL,NULL,NULL,NULL,NULL,NULL,NULL,NULL,NULL,NULL,'mediano','2026-05-02 11:20:58',NULL,NULL,NULL,NULL,NULL,NULL,NULL,NULL,NULL,0,NULL,NULL,NULL,NULL,NULL,NULL,NULL,NULL,NULL,NULL,NULL,NULL,NULL,NULL,NULL,NULL,NULL,NULL,NULL,NULL,NULL,NULL,NULL,NULL,NULL,NULL);
INSERT INTO `especies` VALUES(20,'Hinojo',NULL,NULL,NULL,NULL,NULL,NULL,NULL,NULL,NULL,NULL,NULL,NULL,NULL,NULL,NULL,NULL,NULL,NULL,'mediano','2026-05-02 11:20:58',NULL,NULL,NULL,NULL,NULL,NULL,NULL,NULL,NULL,0,NULL,NULL,NULL,NULL,NULL,NULL,NULL,NULL,NULL,NULL,NULL,NULL,NULL,NULL,NULL,NULL,NULL,NULL,NULL,NULL,NULL,NULL,NULL,NULL,NULL,NULL);
INSERT INTO `especies` VALUES(21,'Calabaza','Cucurbita pepo','Cucurbitaceae','hortaliza,fruta','anual',7,25,'5.00',NULL,70,100,'10.00','25.00','120.00','200.00','2.50','La calabaza, específicamente las especies del género Cucurbita, tiene sus orígenes en América, donde ha sido cultivada por miles de años. Evidencia arqueológica sugiere que fue domesticada por primera vez en México hace más de 10,000 años, convirtiéndose en uno de los primeros cultivos agrícolas del continente. Fue un alimento básico para muchas civilizaciones precolombinas, valorada por su versatilidad y capacidad de almacenamiento.\nTras la llegada de los europeos a América, la calabaza fue introducida en el Viejo Mundo, donde rápidamente se adaptó a diversos climas y se integró en las cocinas locales. Hoy en día, se cultiva en todo el mundo y es apreciada tanto por su valor nutricional como por su uso ornamental, especialmente en festividades como Halloween.','La calabaza requiere pleno sol y un suelo rico en materia orgánica, bien drenado y con un pH ligeramente ácido a neutro. Es una planta que necesita espacio considerable para crecer, ya que sus guías pueden extenderse varios metros. El riego debe ser constante y abundante, especialmente durante la floración y el desarrollo de los frutos, evitando mojar las hojas para prevenir enfermedades fúngicas. Se recomienda acolchar el suelo para mantener la humedad y controlar las malas hierbas. La polinización es crucial para la fructificación, por lo que es importante fomentar la presencia de insectos polinizadores.','Naranja','grande','2026-05-02 11:20:58',3,4,4,6,5,6,8,10,NULL,0,'https://es.wikipedia.org/wiki/Cucurbita_pepo,https://es.wikipedia.org/wiki/Agricultura_biodin%C3%A1mica','3.00','1.00','5.00',NULL,'fruto','Siembra y trasplanta durante los días de fruto para fomentar un desarrollo vigoroso y una buena fructificación. La recolección en días de fruto puede mejorar el sabor y la capacidad de almacenamiento. Evita podar o manipular la planta en días de raíz para no estresar el sistema radicular.','5','6.5 - 7.0','alta','directa,semillero',NULL,50,'pleno_sol','franco-arenoso, rico en materia orgánica, bien drenado','media',35,NULL,NULL,NULL,NULL,NULL,NULL,NULL,NULL,NULL);
INSERT INTO `especies` VALUES(22,'Salvia',NULL,NULL,NULL,NULL,NULL,NULL,NULL,NULL,NULL,NULL,NULL,NULL,NULL,NULL,NULL,NULL,NULL,NULL,'mediano','2026-05-02 18:54:35',NULL,NULL,NULL,NULL,NULL,NULL,NULL,NULL,NULL,0,NULL,NULL,NULL,NULL,NULL,NULL,NULL,NULL,NULL,NULL,NULL,NULL,NULL,NULL,NULL,NULL,NULL,NULL,NULL,NULL,NULL,NULL,NULL,NULL,NULL,NULL);
INSERT INTO `especies` VALUES(23,'Borraja','Borago officinalis','Boraginaceae','hortaliza,aromatica','anual',10,NULL,'2.00',NULL,50,NULL,'5.00','20.00','30.00','45.00','1.50','La borraja, Borago officinalis, es una planta originaria de la región mediterránea, donde ha sido cultivada desde la antigüedad. Su uso se remonta a la época romana, siendo apreciada tanto por sus propiedades culinarias como medicinales. Se cree que fue introducida en Europa por los árabes y se extendió rápidamente por el continente.\nHistóricamente, se le atribuían propiedades para levantar el ánimo y dar coraje, de ahí su nombre en latín \'borrago\' que algunos asocian con \'cor\' (corazón) y \'ago\' (yo traigo). Su cultivo se popularizó en huertos monacales y jardines de hierbas, siendo un ingrediente común en la gastronomía tradicional de varias culturas.','La borraja es una planta de fácil cultivo que prospera en una variedad de suelos, aunque prefiere los bien drenados y ricos en materia orgánica. Requiere pleno sol para un desarrollo óptimo, aunque tolera algo de semisombra en climas muy cálidos. Es importante mantener el suelo húmedo, especialmente durante periodos secos, pero evitando el encharcamiento.\nSe siembra directamente en el suelo después de la última helada, ya que no tolera bien el trasplante. Tiende a auto-sembrarse con facilidad, por lo que puede reaparecer año tras año. Sus hojas y flores son comestibles y se pueden recolectar continuamente a medida que la planta crece.','Azul','mediano','2026-05-02 18:58:18',NULL,NULL,3,6,NULL,NULL,5,10,NULL,0,'https://es.wikipedia.org/wiki/Borago_officinalis,https://es.wikipedia.org/wiki/Agricultura_biodin%C3%A1mica','8.00','3.00','12.00',NULL,'flor','Para la borraja, se recomienda sembrar y trasplantar en días de flor, preferiblemente cuando la luna esté en fase ascendente, para potenciar el desarrollo floral y la vitalidad de la planta. La recolección de hojas y flores también se beneficia de los días de flor, ya que se cree que esto intensifica su aroma y propiedades medicinales y culinarias.',NULL,'6.0 - 7.0','media','directa',NULL,12,'pleno_sol','franco, bien drenado, rico en materia orgánica','baja',30,NULL,NULL,NULL,NULL,NULL,NULL,NULL,NULL,NULL);
INSERT INTO `especies` VALUES(24,'Frijol',NULL,NULL,NULL,NULL,NULL,NULL,NULL,NULL,NULL,NULL,NULL,NULL,NULL,NULL,NULL,NULL,NULL,NULL,'mediano','2026-05-02 19:37:21',NULL,NULL,NULL,NULL,NULL,NULL,NULL,NULL,NULL,0,NULL,NULL,NULL,NULL,NULL,NULL,NULL,NULL,NULL,NULL,NULL,NULL,NULL,NULL,NULL,NULL,NULL,NULL,NULL,NULL,NULL,NULL,NULL,NULL,NULL,NULL);
INSERT INTO `especies` VALUES(25,'Judías',NULL,NULL,NULL,NULL,NULL,NULL,NULL,NULL,NULL,NULL,NULL,NULL,NULL,NULL,NULL,NULL,NULL,NULL,'mediano','2026-05-06 19:12:33',NULL,NULL,NULL,NULL,NULL,NULL,NULL,NULL,NULL,0,NULL,NULL,NULL,NULL,NULL,NULL,NULL,NULL,NULL,NULL,NULL,NULL,NULL,NULL,NULL,NULL,NULL,NULL,NULL,NULL,NULL,NULL,NULL,NULL,NULL,NULL);
INSERT INTO `especies` VALUES(26,'Remolacha',NULL,NULL,NULL,NULL,NULL,NULL,NULL,NULL,NULL,NULL,NULL,NULL,NULL,NULL,NULL,NULL,NULL,NULL,'mediano','2026-05-06 19:54:47',NULL,NULL,NULL,NULL,NULL,NULL,NULL,NULL,NULL,0,NULL,NULL,NULL,NULL,NULL,NULL,NULL,NULL,NULL,NULL,NULL,NULL,NULL,NULL,NULL,NULL,NULL,NULL,NULL,NULL,NULL,NULL,NULL,NULL,NULL,NULL);
INSERT INTO `especies` VALUES(27,'Manzanilla',NULL,NULL,NULL,NULL,NULL,NULL,NULL,NULL,NULL,NULL,NULL,NULL,NULL,NULL,NULL,NULL,NULL,NULL,'mediano','2026-05-06 19:54:48',NULL,NULL,NULL,NULL,NULL,NULL,NULL,NULL,NULL,0,NULL,NULL,NULL,NULL,NULL,NULL,NULL,NULL,NULL,NULL,NULL,NULL,NULL,NULL,NULL,NULL,NULL,NULL,NULL,NULL,NULL,NULL,NULL,NULL,NULL,NULL);
INSERT INTO `especies` VALUES(28,'Rosal',NULL,NULL,NULL,NULL,NULL,NULL,NULL,NULL,NULL,NULL,NULL,NULL,NULL,NULL,NULL,NULL,NULL,NULL,'mediano','2026-05-06 19:54:48',NULL,NULL,NULL,NULL,NULL,NULL,NULL,NULL,NULL,0,NULL,NULL,NULL,NULL,NULL,NULL,NULL,NULL,NULL,NULL,NULL,NULL,NULL,NULL,NULL,NULL,NULL,NULL,NULL,NULL,NULL,NULL,NULL,NULL,NULL,NULL);
INSERT INTO `especies` VALUES(29,'Guisante',NULL,NULL,NULL,NULL,NULL,NULL,NULL,NULL,NULL,NULL,NULL,NULL,NULL,NULL,NULL,NULL,NULL,NULL,'mediano','2026-05-06 19:54:48',NULL,NULL,NULL,NULL,NULL,NULL,NULL,NULL,NULL,0,NULL,NULL,NULL,NULL,NULL,NULL,NULL,NULL,NULL,NULL,NULL,NULL,NULL,NULL,NULL,NULL,NULL,NULL,NULL,NULL,NULL,NULL,NULL,NULL,NULL,NULL);
INSERT INTO `especies` VALUES(30,'Espárrago',NULL,NULL,NULL,NULL,NULL,NULL,NULL,NULL,NULL,NULL,NULL,NULL,NULL,NULL,NULL,NULL,NULL,NULL,'mediano','2026-05-06 19:54:48',NULL,NULL,NULL,NULL,NULL,NULL,NULL,NULL,NULL,0,NULL,NULL,NULL,NULL,NULL,NULL,NULL,NULL,NULL,NULL,NULL,NULL,NULL,NULL,NULL,NULL,NULL,NULL,NULL,NULL,NULL,NULL,NULL,NULL,NULL,NULL);
INSERT INTO `especies` VALUES(31,'Col',NULL,NULL,NULL,NULL,NULL,NULL,NULL,NULL,NULL,NULL,NULL,NULL,NULL,NULL,NULL,NULL,NULL,NULL,'mediano','2026-05-06 19:54:49',NULL,NULL,NULL,NULL,NULL,NULL,NULL,NULL,NULL,0,NULL,NULL,NULL,NULL,NULL,NULL,NULL,NULL,NULL,NULL,NULL,NULL,NULL,NULL,NULL,NULL,NULL,NULL,NULL,NULL,NULL,NULL,NULL,NULL,NULL,NULL);
INSERT INTO `especies` VALUES(32,'Fresa',NULL,NULL,NULL,NULL,NULL,NULL,NULL,NULL,NULL,NULL,NULL,NULL,NULL,NULL,NULL,NULL,NULL,NULL,'mediano','2026-05-06 20:10:01',NULL,NULL,NULL,NULL,NULL,NULL,NULL,NULL,NULL,0,NULL,NULL,NULL,NULL,NULL,NULL,NULL,NULL,NULL,NULL,NULL,NULL,NULL,NULL,NULL,NULL,NULL,NULL,NULL,NULL,NULL,NULL,NULL,NULL,NULL,NULL);
INSERT INTO `especies` VALUES(33,'Repollo',NULL,NULL,NULL,NULL,NULL,NULL,NULL,NULL,NULL,NULL,NULL,NULL,NULL,NULL,NULL,NULL,NULL,NULL,'mediano','2026-05-06 20:10:48',NULL,NULL,NULL,NULL,NULL,NULL,NULL,NULL,NULL,0,NULL,NULL,NULL,NULL,NULL,NULL,NULL,NULL,NULL,NULL,NULL,NULL,NULL,NULL,NULL,NULL,NULL,NULL,NULL,NULL,NULL,NULL,NULL,NULL,NULL,NULL);
INSERT INTO `especies` VALUES(34,'Rosales',NULL,NULL,NULL,NULL,NULL,NULL,NULL,NULL,NULL,NULL,NULL,NULL,NULL,NULL,NULL,NULL,NULL,NULL,'mediano','2026-05-08 10:16:57',NULL,NULL,NULL,NULL,NULL,NULL,NULL,NULL,NULL,0,NULL,NULL,NULL,NULL,NULL,NULL,NULL,NULL,NULL,NULL,NULL,NULL,NULL,NULL,NULL,NULL,NULL,NULL,NULL,NULL,NULL,NULL,NULL,NULL,NULL,NULL);
INSERT INTO `especies` VALUES(35,'Guisantes',NULL,NULL,NULL,NULL,NULL,NULL,NULL,NULL,NULL,NULL,NULL,NULL,NULL,NULL,NULL,NULL,NULL,NULL,'mediano','2026-05-08 10:16:57',NULL,NULL,NULL,NULL,NULL,NULL,NULL,NULL,NULL,0,NULL,NULL,NULL,NULL,NULL,NULL,NULL,NULL,NULL,NULL,NULL,NULL,NULL,NULL,NULL,NULL,NULL,NULL,NULL,NULL,NULL,NULL,NULL,NULL,NULL,NULL);
INSERT INTO `especies` VALUES(36,'Frijoles',NULL,NULL,NULL,NULL,NULL,NULL,NULL,NULL,NULL,NULL,NULL,NULL,NULL,NULL,NULL,NULL,NULL,NULL,'mediano','2026-05-08 10:16:57',NULL,NULL,NULL,NULL,NULL,NULL,NULL,NULL,NULL,0,NULL,NULL,NULL,NULL,NULL,NULL,NULL,NULL,NULL,NULL,NULL,NULL,NULL,NULL,NULL,NULL,NULL,NULL,NULL,NULL,NULL,NULL,NULL,NULL,NULL,NULL);
INSERT INTO `especies` VALUES(37,'Espárragos',NULL,NULL,NULL,NULL,NULL,NULL,NULL,NULL,NULL,NULL,NULL,NULL,NULL,NULL,NULL,NULL,NULL,NULL,'mediano','2026-05-08 10:16:58',NULL,NULL,NULL,NULL,NULL,NULL,NULL,NULL,NULL,0,NULL,NULL,NULL,NULL,NULL,NULL,NULL,NULL,NULL,NULL,NULL,NULL,NULL,NULL,NULL,NULL,NULL,NULL,NULL,NULL,NULL,NULL,NULL,NULL,NULL,NULL);
INSERT INTO `especies` VALUES(38,'Menta',NULL,NULL,NULL,NULL,NULL,NULL,NULL,NULL,NULL,NULL,NULL,NULL,NULL,NULL,NULL,NULL,NULL,NULL,'mediano','2026-05-10 09:46:01',NULL,NULL,NULL,NULL,NULL,NULL,NULL,NULL,NULL,0,NULL,NULL,NULL,NULL,NULL,NULL,NULL,NULL,NULL,NULL,NULL,NULL,NULL,NULL,NULL,NULL,NULL,NULL,NULL,NULL,NULL,NULL,NULL,NULL,NULL,NULL);
INSERT INTO `especies` VALUES(39,'Rosas',NULL,NULL,NULL,NULL,NULL,NULL,NULL,NULL,NULL,NULL,NULL,NULL,NULL,NULL,NULL,NULL,NULL,NULL,'mediano','2026-05-10 11:27:42',NULL,NULL,NULL,NULL,NULL,NULL,NULL,NULL,NULL,0,NULL,NULL,NULL,NULL,NULL,NULL,NULL,NULL,NULL,NULL,NULL,NULL,NULL,NULL,NULL,NULL,NULL,NULL,NULL,NULL,NULL,NULL,NULL,NULL,NULL,NULL);
INSERT INTO `especies` VALUES(40,'Albahaca',NULL,NULL,NULL,NULL,NULL,NULL,NULL,NULL,NULL,NULL,NULL,NULL,NULL,NULL,NULL,NULL,NULL,NULL,'mediano','2026-05-10 15:56:14',NULL,NULL,NULL,NULL,NULL,NULL,NULL,NULL,NULL,0,NULL,NULL,NULL,NULL,NULL,NULL,NULL,NULL,NULL,NULL,NULL,NULL,NULL,NULL,NULL,NULL,NULL,NULL,NULL,NULL,NULL,NULL,NULL,NULL,NULL,NULL);
INSERT INTO `especies` VALUES(41,'Brócoli',NULL,NULL,NULL,NULL,NULL,NULL,NULL,NULL,NULL,NULL,NULL,NULL,NULL,NULL,NULL,NULL,NULL,NULL,'mediano','2026-05-10 15:56:14',NULL,NULL,NULL,NULL,NULL,NULL,NULL,NULL,NULL,0,NULL,NULL,NULL,NULL,NULL,NULL,NULL,NULL,NULL,NULL,NULL,NULL,NULL,NULL,NULL,NULL,NULL,NULL,NULL,NULL,NULL,NULL,NULL,NULL,NULL,NULL);
INSERT INTO `especies` VALUES(42,'Perejil',NULL,NULL,NULL,NULL,NULL,NULL,NULL,NULL,NULL,NULL,NULL,NULL,NULL,NULL,NULL,NULL,NULL,NULL,'mediano','2026-05-16 16:04:15',NULL,NULL,NULL,NULL,NULL,NULL,NULL,NULL,NULL,0,NULL,NULL,NULL,NULL,NULL,NULL,NULL,NULL,NULL,NULL,NULL,NULL,NULL,NULL,NULL,NULL,NULL,NULL,NULL,NULL,NULL,NULL,NULL,NULL,NULL,NULL);
INSERT INTO `especies` VALUES(43,'Zanahoria',NULL,NULL,NULL,NULL,NULL,NULL,NULL,NULL,NULL,NULL,NULL,NULL,NULL,NULL,NULL,NULL,NULL,NULL,'mediano','2026-05-18 11:53:05',NULL,NULL,NULL,NULL,NULL,NULL,NULL,NULL,NULL,0,NULL,NULL,NULL,NULL,NULL,NULL,NULL,NULL,NULL,NULL,NULL,NULL,NULL,NULL,NULL,NULL,NULL,NULL,NULL,NULL,NULL,NULL,NULL,NULL,NULL,NULL);
INSERT INTO `especies` VALUES(44,'Rosa',NULL,NULL,NULL,NULL,NULL,NULL,NULL,NULL,NULL,NULL,NULL,NULL,NULL,NULL,NULL,NULL,NULL,NULL,'mediano','2026-05-29 17:25:33',NULL,NULL,NULL,NULL,NULL,NULL,NULL,NULL,NULL,0,NULL,NULL,NULL,NULL,NULL,NULL,NULL,NULL,NULL,NULL,NULL,NULL,NULL,NULL,NULL,NULL,NULL,NULL,NULL,NULL,NULL,NULL,NULL,NULL,NULL,NULL);

DROP TABLE IF EXISTS `especiesplagas`;
CREATE TABLE `especiesplagas` (
  `idespeciesplagas` int(11) NOT NULL AUTO_INCREMENT,
  `xespeciesplagasidespecies` int(11) NOT NULL,
  `xespeciesplagasidplagas` int(11) NOT NULL,
  `especiesplagasnivelriesgo` varchar(50) DEFAULT NULL,
  `especiesplagasnotasespecificas` varchar(255) DEFAULT NULL,
  PRIMARY KEY (`idespeciesplagas`),
  KEY `xespeciesplagasidespecies` (`xespeciesplagasidespecies`),
  KEY `xespeciesplagasidplagas` (`xespeciesplagasidplagas`),
  CONSTRAINT `especiesplagas_ibfk_1` FOREIGN KEY (`xespeciesplagasidespecies`) REFERENCES `especies` (`idespecies`) ON DELETE CASCADE,
  CONSTRAINT `especiesplagas_ibfk_2` FOREIGN KEY (`xespeciesplagasidplagas`) REFERENCES `plagas` (`idplagas`) ON DELETE CASCADE
) ENGINE=InnoDB AUTO_INCREMENT=84 DEFAULT CHARSET=utf8mb4 COLLATE=utf8mb4_unicode_ci;

INSERT INTO `especiesplagas` VALUES(30,14,8,'media','Las larvas atacan los bulbos y raíces, causando pudrición y marchitamiento.');
INSERT INTO `especiesplagas` VALUES(31,14,9,'alta','Provocan hinchazón y deformación de los bulbos y hojas, y pueden destruir la cosecha.');
INSERT INTO `especiesplagas` VALUES(32,14,10,'media','Se alimentan de las hojas, causando manchas plateadas y debilitando la planta.');
INSERT INTO `especiesplagas` VALUES(33,14,5,'media','Hongo que causa manchas amarillentas en las hojas que luego se vuelven necróticas.');
INSERT INTO `especiesplagas` VALUES(34,23,1,'media','Coloniza los brotes tiernos y el envés de las hojas, debilitando la planta.');
INSERT INTO `especiesplagas` VALUES(35,23,4,'baja','Aparece como un polvo blanco en las hojas, especialmente en condiciones de alta humedad y poca ventilación.');
INSERT INTO `especiesplagas` VALUES(36,23,12,'media','Pueden alimentarse de las hojas jóvenes y tiernas, especialmente en primavera.');
INSERT INTO `especiesplagas` VALUES(42,21,1,'alta','Coloniza brotes tiernos y hojas, debilitando la planta y transmitiendo virus.');
INSERT INTO `especiesplagas` VALUES(43,21,2,'media','Se alimenta de la savia y puede transmitir virus, causando melaza y fumagina.');
INSERT INTO `especiesplagas` VALUES(44,21,4,'alta','Hongo blanco en hojas, reduce la fotosíntesis y el vigor de la planta, afectando la producción.');
INSERT INTO `especiesplagas` VALUES(45,21,3,'media','Pequeños ácaros que causan manchas amarillas y telarañas finas en el envés de las hojas.');
INSERT INTO `especiesplagas` VALUES(46,21,13,'alta','Se alimenta de hojas, flores y frutos jóvenes, causando daños significativos y transmitiendo enfermedades.');
INSERT INTO `especiesplagas` VALUES(47,21,15,'alta','La larva perfora los tallos, causando marchitamiento repentino y la muerte de la planta.');
INSERT INTO `especiesplagas` VALUES(72,3,1,'alta','Coloniza brotes tiernos, deforma hojas, y puede transmitir virus.');
INSERT INTO `especiesplagas` VALUES(73,3,2,'alta','Se alimenta de la savia, debilita la planta y produce melaza que favorece el hongo negrilla.');
INSERT INTO `especiesplagas` VALUES(74,3,5,'alta','Hongo que causa manchas marrones en hojas y tallos, pudrición de frutos, especialmente en condiciones de humedad.');
INSERT INTO `especiesplagas` VALUES(75,3,4,'media','Hongo blanco pulverulento en hojas, reduce la fotosíntesis y el vigor de la planta.');
INSERT INTO `especiesplagas` VALUES(76,3,16,'alta','Larvas que excavan galerías en hojas, tallos y frutos, causando graves daños a la producción.');
INSERT INTO `especiesplagas` VALUES(77,3,17,'alta','Hongo que causa manchas oscuras y húmedas en hojas, tallos y frutos, llevando a la pudrición. Se favorece con alta humedad.');
INSERT INTO `especiesplagas` VALUES(78,3,3,'media','Causa decoloración y punteado en las hojas, y puede formar telarañas en el envés.');
INSERT INTO `especiesplagas` VALUES(79,10,1,'alta','Coloniza brotes tiernos y el envés de las hojas, debilitando la planta y transmitiendo virus.');
INSERT INTO `especiesplagas` VALUES(80,10,4,'alta','Hongo que se manifiesta como un polvo blanco en hojas y tallos, reduciendo la fotosíntesis.');
INSERT INTO `especiesplagas` VALUES(81,10,3,'media','Pequeños ácaros que causan manchas amarillas y telarañas finas en el envés de las hojas.');
INSERT INTO `especiesplagas` VALUES(82,10,2,'media','Insectos pequeños que se alimentan de la savia y excretan melaza, favoreciendo la fumagina.');
INSERT INTO `especiesplagas` VALUES(83,10,7,'media','Comen hojas jóvenes y pueden dañar los frutos cercanos al suelo.');

DROP TABLE IF EXISTS `especiessinonimos`;
CREATE TABLE `especiessinonimos` (
  `idespeciessinonimos` int(11) NOT NULL AUTO_INCREMENT,
  `xespeciessinonimosidespecies` int(11) NOT NULL,
  `xespeciessinonimosididiomas` int(11) DEFAULT NULL,
  `xespeciessinonimosidpaises` int(11) DEFAULT NULL,
  `especiessinonimosnombre` varchar(100) NOT NULL,
  `especiessinonimosnotas` varchar(255) DEFAULT NULL,
  PRIMARY KEY (`idespeciessinonimos`),
  KEY `xespeciessinonimosididiomas` (`xespeciessinonimosididiomas`),
  KEY `xespeciessinonimosidpaises` (`xespeciessinonimosidpaises`),
  CONSTRAINT `especiessinonimos_ibfk_1` FOREIGN KEY (`xespeciessinonimosididiomas`) REFERENCES `idiomas` (`ididiomas`) ON DELETE SET NULL,
  CONSTRAINT `especiessinonimos_ibfk_2` FOREIGN KEY (`xespeciessinonimosidpaises`) REFERENCES `paises` (`idpaises`) ON DELETE SET NULL
) ENGINE=InnoDB AUTO_INCREMENT=180 DEFAULT CHARSET=utf8mb4 COLLATE=utf8mb4_unicode_ci;

INSERT INTO `especiessinonimos` VALUES(1,10,1,1,'Calabacín','Nombre estándar en España y varios países hispanohablantes.');
INSERT INTO `especiessinonimos` VALUES(2,10,1,2,'Calabacita','Uso común en México y Centroamérica.');
INSERT INTO `especiessinonimos` VALUES(3,10,1,3,'Zapallito','Término utilizado en Argentina y Uruguay.');
INSERT INTO `especiessinonimos` VALUES(4,10,5,21,'Zucchini','Nombre común en inglés americano.');
INSERT INTO `especiessinonimos` VALUES(5,10,5,22,'Courgette','Nombre común en inglés británico y países de la Commonwealth.');
INSERT INTO `especiessinonimos` VALUES(6,10,6,NULL,'Courgette','Nombre estándar en francés.');
INSERT INTO `especiessinonimos` VALUES(7,10,7,NULL,'Zucchino','Nombre estándar en italiano (singular).');
INSERT INTO `especiessinonimos` VALUES(8,10,8,NULL,'Abobrinha','Nombre estándar en portugués de Brasil.');
INSERT INTO `especiessinonimos` VALUES(9,10,8,NULL,'Curgete','Nombre estándar en portugués de Portugal.');
INSERT INTO `especiessinonimos` VALUES(10,10,9,NULL,'Zucchini','Nombre estándar en alemán.');
INSERT INTO `especiessinonimos` VALUES(11,10,2,1,'Carbassó','Término usado en la Comunidad Valenciana, Cataluña y Baleares.');
INSERT INTO `especiessinonimos` VALUES(135,14,2,1,'All','Valenciano');
INSERT INTO `especiessinonimos` VALUES(136,14,3,1,'Allo','Gallego');
INSERT INTO `especiessinonimos` VALUES(137,14,4,1,'Baratxuri','Euskera');
INSERT INTO `especiessinonimos` VALUES(138,14,5,21,'Garlic','Inglés');
INSERT INTO `especiessinonimos` VALUES(139,14,6,23,'Ail','Francés');
INSERT INTO `especiessinonimos` VALUES(140,14,7,24,'Aglio','Italiano');
INSERT INTO `especiessinonimos` VALUES(141,14,8,25,'Alho','Portugués');
INSERT INTO `especiessinonimos` VALUES(142,14,9,27,'Knoblauch','Alemán');
INSERT INTO `especiessinonimos` VALUES(143,14,10,28,'大蒜','Chino (dàsuàn)');
INSERT INTO `especiessinonimos` VALUES(144,14,11,29,'ニンニク','Japonés (ninniku)');
INSERT INTO `especiessinonimos` VALUES(145,14,14,22,'Allium','Nombre clásico en latín');
INSERT INTO `especiessinonimos` VALUES(146,14,12,14,'jety','Nombre común en guaraní');
INSERT INTO `especiessinonimos` VALUES(147,14,13,5,'ahu','Nombre común en quechua');
INSERT INTO `especiessinonimos` VALUES(148,21,1,3,'Zapallo','Común en Argentina, Chile, Perú, Uruguay, Bolivia, Ecuador, Colombia y otros países de Sudamérica.');
INSERT INTO `especiessinonimos` VALUES(149,21,1,10,'Auyama','Común en Cuba, República Dominicana, Puerto Rico, Venezuela y algunas zonas de Colombia.');
INSERT INTO `especiessinonimos` VALUES(150,21,2,1,'Carabassa','Valenciano.');
INSERT INTO `especiessinonimos` VALUES(151,21,3,1,'Cabaza','Gallego.');
INSERT INTO `especiessinonimos` VALUES(152,21,5,21,'Pumpkin','Inglés.');
INSERT INTO `especiessinonimos` VALUES(153,21,6,23,'Potiron','Francés.');
INSERT INTO `especiessinonimos` VALUES(154,21,7,24,'Zucca','Italiano.');
INSERT INTO `especiessinonimos` VALUES(155,21,8,25,'Abóbora','Portugués.');
INSERT INTO `especiessinonimos` VALUES(156,21,8,26,'Jerimum','Portugués de Brasil.');
INSERT INTO `especiessinonimos` VALUES(157,21,9,27,'Kürbis','Alemán.');
INSERT INTO `especiessinonimos` VALUES(158,21,10,28,'Nánguā','Chino (南瓜).');
INSERT INTO `especiessinonimos` VALUES(159,21,11,29,'Kabocha','Japonés (カボチャ).');
INSERT INTO `especiessinonimos` VALUES(160,21,12,14,'Andai','Guaraní.');
INSERT INTO `especiessinonimos` VALUES(161,21,13,5,'Sapallo','Quechua.');
INSERT INTO `especiessinonimos` VALUES(162,21,3,1,'Calacú','Gallego, variante de calabaza');
INSERT INTO `especiessinonimos` VALUES(163,21,4,1,'Kuia','Euskera');
INSERT INTO `especiessinonimos` VALUES(164,21,1,9,'Ayote','Común en Centroamérica (Guatemala, Honduras, El Salvador, Nicaragua, Costa Rica)');
INSERT INTO `especiessinonimos` VALUES(165,21,13,5,'Lakawiti','Quechua');
INSERT INTO `especiessinonimos` VALUES(166,21,5,31,'Squash','Término general para varias cucurbitáceas, incluyendo variedades de Cucurbita maxima.');
INSERT INTO `especiessinonimos` VALUES(167,21,6,23,'Citrouille','Variedad de calabaza, a menudo asociada a Halloween, pero también comestible.');
INSERT INTO `especiessinonimos` VALUES(168,21,7,24,'Zuccone','Término para calabazas grandes.');
INSERT INTO `especiessinonimos` VALUES(169,21,8,26,'Moranga','Variedad de Cucurbita maxima, común en Brasil.');
INSERT INTO `especiessinonimos` VALUES(170,21,1,3,'Anco','Argentina, Uruguay (variedad de calabaza)');
INSERT INTO `especiessinonimos` VALUES(171,21,1,3,'Zapallito','Argentina, Uruguay (calabaza redonda)');
INSERT INTO `especiessinonimos` VALUES(172,21,1,6,'Mamón','Venezuela (variedad de Cucurbita maxima)');
INSERT INTO `especiessinonimos` VALUES(173,21,1,2,'Pipián','México, Centroamérica (nombre genérico para ciertas calabazas)');
INSERT INTO `especiessinonimos` VALUES(174,21,6,23,'Potimarron','Francia (variedad de Cucurbita maxima)');
INSERT INTO `especiessinonimos` VALUES(175,21,10,28,'Fàn guā (饭瓜)','China (nombre alternativo para calabaza)');
INSERT INTO `especiessinonimos` VALUES(176,21,11,29,'Nankin (南京)','Japón (antiguo nombre para Kabocha)');
INSERT INTO `especiessinonimos` VALUES(177,21,12,14,'Kurapepẽ','Paraguay (nombre genérico para calabazas)');
INSERT INTO `especiessinonimos` VALUES(178,10,3,1,'Cabaciña','Gallego');
INSERT INTO `especiessinonimos` VALUES(179,10,4,1,'Kuia txiki','Euskera (literalmente \'calabaza pequeña\')');

DROP TABLE IF EXISTS `especiesusuarios`;
CREATE TABLE `especiesusuarios` (
  `idespeciesusuarios` int(11) NOT NULL AUTO_INCREMENT,
  `xespeciesusuariosidusuarios` int(11) DEFAULT NULL,
  `xespeciesusuariosidespecies` int(11) DEFAULT NULL,
  `especiesusuariosnombre` varchar(100) DEFAULT NULL,
  `especiesusuariosnombrecientifico` varchar(200) DEFAULT NULL,
  `especiesusuariosfamilia` varchar(100) DEFAULT NULL,
  `especiesusuariostipo` set('hortaliza','fruta','aromatica','leguminosa','cereal') DEFAULT NULL,
  `especiesusuariosciclo` set('anual','bianual','perenne') DEFAULT NULL,
  `especiesusuarioshistoria` text DEFAULT NULL,
  `especiesusuariosdescripcion` text DEFAULT NULL,
  `especiesusuarioscolor` varchar(50) DEFAULT NULL,
  `especiesusuariostamano` enum('pequeno','mediano','grande') DEFAULT NULL,
  `especiesusuariosfuentesinformacion` text DEFAULT NULL,
  `especiesusuariosactivosino` tinyint(1) DEFAULT NULL,
  `especiesusuariosviabilidadsemilla` decimal(8,2) DEFAULT NULL,
  `especiesusuariossemillerodesde` int(11) DEFAULT NULL,
  `especiesusuariossemillerohasta` int(11) DEFAULT NULL,
  `especiesusuariossiembredirectadesde` int(11) DEFAULT NULL,
  `especiesusuariossiembradirectahasta` int(11) DEFAULT NULL,
  `especiesusuariostrasplantedesde` int(11) DEFAULT NULL,
  `especiesusuariostrasplantehasta` int(11) DEFAULT NULL,
  `especiesusuariosrecolecciondesde` int(11) DEFAULT NULL,
  `especiesusuariosrecoleccionhasta` int(11) DEFAULT NULL,
  `especiesusuariosdiashastafructificacion` int(11) DEFAULT NULL,
  `especiesusuariostemperaturaminima` decimal(8,2) DEFAULT NULL,
  `especiesusuariostemperaturaoptima` decimal(8,2) DEFAULT NULL,
  `especiesusuariosmarcoplantas` decimal(8,2) DEFAULT NULL,
  `especiesusuariosmarcofilas` decimal(8,2) DEFAULT NULL,
  `especiesusuariosprofundidadsiembra` decimal(8,2) DEFAULT NULL,
  `especiesusuariosautosuficiencia` decimal(8,2) DEFAULT NULL,
  `especiesusuariosautosuficienciaconserva` decimal(8,2) DEFAULT NULL,
  `especiesusuariosdiasgerminacion` int(11) DEFAULT NULL,
  PRIMARY KEY (`idespeciesusuarios`),
  UNIQUE KEY `usuario_id` (`xespeciesusuariosidusuarios`,`xespeciesusuariosidespecies`)
) ENGINE=InnoDB AUTO_INCREMENT=50 DEFAULT CHARSET=utf8mb4 COLLATE=utf8mb4_general_ci;

INSERT INTO `especiesusuarios` VALUES(1,1,7,NULL,NULL,NULL,NULL,NULL,NULL,NULL,NULL,NULL,NULL,1,NULL,NULL,NULL,NULL,NULL,NULL,NULL,NULL,NULL,NULL,NULL,NULL,NULL,NULL,NULL,NULL,NULL,NULL);
INSERT INTO `especiesusuarios` VALUES(3,1,11,'Pepino','Cucumis sativus','Cucurbit+','hortaliza,fruta','anual','Originario de la India, cultivado hace m+','Cultivo de porte rastrero/trepador famoso por su gran nivel de hidrataci+',NULL,'mediano',NULL,1,'5.00',3,5,4,6,4,5,6,9,55,'12.00','25.00','40.00','100.00','2.00',NULL,NULL,8);
INSERT INTO `especiesusuarios` VALUES(10,1,3,'Tomatey','Solanum lycopersicum','Solanaceae','hortaliza,fruta','anual,bianual','El tomate (Solanum lycopersicum) es originario de la regi+','Planta herb+','Rojo','grande','infoagro.com, es.wikipedia.org, agromatica.es, planteaenverde.es, infojardin.com, elrincon-verde.com',1,'4.50',2,4,1,5,4,6,7,11,100,'11.00','25.00','45.00','100.00','0.75','4.00','13.00',8);
INSERT INTO `especiesusuarios` VALUES(17,1,4,'Pimiento','Capsicum annuum','Solan+','hortaliza,fruta','anual,perenne','Originario de Centroam+','Hortaliza de fruto que requiere altas temperaturas (m+',NULL,'mediano',NULL,1,'3.00',2,4,NULL,NULL,4,6,7,10,75,'12.00','25.00','40.00','60.00','1.00',NULL,NULL,12);
INSERT INTO `especiesusuarios` VALUES(48,2,10,NULL,NULL,NULL,NULL,NULL,NULL,NULL,NULL,NULL,NULL,1,NULL,NULL,NULL,NULL,NULL,NULL,NULL,NULL,NULL,NULL,NULL,NULL,NULL,NULL,NULL,NULL,NULL,NULL);

DROP TABLE IF EXISTS `idiomas`;
CREATE TABLE `idiomas` (
  `ididiomas` int(11) NOT NULL AUTO_INCREMENT,
  `idiomasnombre` varchar(100) NOT NULL,
  `idiomasiso` varchar(10) DEFAULT NULL,
  PRIMARY KEY (`ididiomas`)
) ENGINE=InnoDB AUTO_INCREMENT=15 DEFAULT CHARSET=utf8mb4 COLLATE=utf8mb4_unicode_ci;

INSERT INTO `idiomas` VALUES(1,'Español','es');
INSERT INTO `idiomas` VALUES(2,'Valenciano','va');
INSERT INTO `idiomas` VALUES(3,'Gallego','gl');
INSERT INTO `idiomas` VALUES(4,'Euskera','eu');
INSERT INTO `idiomas` VALUES(5,'Inglés','en');
INSERT INTO `idiomas` VALUES(6,'Francés','fr');
INSERT INTO `idiomas` VALUES(7,'Italiano','it');
INSERT INTO `idiomas` VALUES(8,'Portugués','pt');
INSERT INTO `idiomas` VALUES(9,'Alemán','de');
INSERT INTO `idiomas` VALUES(10,'Chino','zh');
INSERT INTO `idiomas` VALUES(11,'Japonés','ja');
INSERT INTO `idiomas` VALUES(12,'Guaraní','gn');
INSERT INTO `idiomas` VALUES(13,'Quechua','qu');
INSERT INTO `idiomas` VALUES(14,'Latín','la');

DROP TABLE IF EXISTS `incidencias`;
CREATE TABLE `incidencias` (
  `idincidencias` int(11) NOT NULL AUTO_INCREMENT,
  `incidenciastipo` enum('foto_rechazada','foto_eliminada','chat_denuncia','chat_sancion','cuenta_suspension','cuenta_baja','contenido_inapropiado','spam','otro') NOT NULL,
  `incidenciassancion` enum('advertencia_1','advertencia_2','baja') DEFAULT NULL,
  `incidenciasestado` varchar(50) DEFAULT 'pendiente',
  `xincidenciasidusuarios` int(11) DEFAULT NULL,
  `incidenciasusuarioemail` varchar(255) NOT NULL,
  `incidenciasadminemail` varchar(255) DEFAULT NULL,
  `incidenciasreferenciaid` int(11) DEFAULT NULL,
  `incidenciasreferenciatipo` varchar(50) DEFAULT NULL,
  `incidenciasreferenciaruta` text DEFAULT NULL,
  `incidenciasmotivo` text DEFAULT NULL,
  `incidenciasrecurso` text DEFAULT NULL,
  `incidenciasnotas` text DEFAULT NULL,
  `incidenciasfechacreacion` datetime NOT NULL DEFAULT current_timestamp(),
  PRIMARY KEY (`idincidencias`),
  KEY `idx_usuario` (`xincidenciasidusuarios`),
  KEY `idx_tipo` (`incidenciastipo`),
  KEY `idx_estado` (`incidenciasestado`)
) ENGINE=InnoDB AUTO_INCREMENT=21 DEFAULT CHARSET=utf8mb4 COLLATE=utf8mb4_unicode_ci;

INSERT INTO `incidencias` VALUES(1,'foto_rechazada',NULL,'abierta',NULL,'desconocido','jaillueca@gmail.com',325,'datosadjuntos','uploads/usuario/usuario_27_1778767443223.jpg','La imagen no está relacionada con cultivos, plantas o huertos',NULL,NULL,'2026-05-14 14:25:06');
INSERT INTO `incidencias` VALUES(2,'foto_rechazada',NULL,'abierta',NULL,'desconocido','jaillueca@gmail.com',324,'datosadjuntos','uploads/usuario/usuario_27_1778767416228.jpg','Otro motivo — ver nota adicional: ggg',NULL,NULL,'2026-05-14 14:25:52');
INSERT INTO `incidencias` VALUES(3,'foto_rechazada',NULL,'abierta',NULL,'desconocido','jaillueca@gmail.com',330,'datosadjuntos','uploads/usuario/usuario_27_1778769473902.jpg','Contenido con derechos de autor o marca comercial sin autorización',NULL,NULL,'2026-05-14 14:38:28');
INSERT INTO `incidencias` VALUES(4,'foto_rechazada',NULL,'abierta',1,'jaillueca@gmail.com','jaillueca@gmail.com',332,'datosadjuntos','uploads/variedades/user-1-117-1778770672433.webp','Contenido inapropiado, ofensivo o que infringe las normas de la comunidad',NULL,NULL,'2026-05-14 15:04:58');
INSERT INTO `incidencias` VALUES(5,'foto_rechazada',NULL,'abierta',NULL,'desconocido','jaillueca@gmail.com',331,'datosadjuntos','uploads/usuario/usuario_27_1778770587757.jpg','La imagen contiene datos personales visibles (personas, matrículas, domicilios)',NULL,NULL,'2026-05-14 15:05:01');
INSERT INTO `incidencias` VALUES(6,'foto_rechazada',NULL,'abierta',NULL,'desconocido','jaillueca@gmail.com',334,'datosadjuntos','uploads/usuario/usuario_28_1778772657189.jpg','La imagen contiene datos personales visibles (personas, matrículas, domicilios)',NULL,NULL,'2026-05-14 15:31:33');
INSERT INTO `incidencias` VALUES(7,'foto_rechazada',NULL,'abierta',NULL,'desconocido','jaillueca@gmail.com',335,'datosadjuntos','uploads/usuario/usuario_28_1778772842883.jpg','La imagen contiene datos personales visibles (personas, matrículas, domicilios)',NULL,NULL,'2026-05-14 15:34:34');
INSERT INTO `incidencias` VALUES(8,'foto_rechazada',NULL,'resuelta',NULL,'desconocido','jaillueca@gmail.com',337,'datosadjuntos','uploads/usuario/usuario_28_1778773055760.jpg','Imagen de baja calidad, borrosa o ilegible',NULL,'\n--- RECURSO DEL USUARIO (2026-05-14) ---\nSoy feo pero no tanto\n\n--- RESOLUCIÓN DEL EQUIPO (2026-05-14) ---\nDefinitivamente la foto incumple las normas de calidad. Usa una con mejor iluminación.\n\n--- FOTO REEMPLAZADA POR EL USUARIO ---','2026-05-14 15:37:56');
INSERT INTO `incidencias` VALUES(9,'foto_rechazada',NULL,'abierta',NULL,'jomano4256@hilostar.com','jaillueca@gmail.com',336,'datosadjuntos','uploads/usuario/usuario_28_1778773041989.jpg','La imagen contiene datos personales visibles (personas, matrículas, domicilios)',NULL,NULL,'2026-05-14 15:44:49');
INSERT INTO `incidencias` VALUES(10,'foto_rechazada',NULL,'resuelta',NULL,'jomano4256@hilostar.com','jaillueca@gmail.com',339,'datosadjuntos','uploads/usuario/usuario_28_1778781476718.jpg','La imagen contiene datos personales visibles (personas, matrículas, domicilios)',NULL,'\n\n--- FOTO REEMPLAZADA POR EL USUARIO ---','2026-05-14 17:59:00');
INSERT INTO `incidencias` VALUES(11,'foto_rechazada',NULL,'resuelta',NULL,'jomano4256@hilostar.com','jaillueca@gmail.com',341,'datosadjuntos','uploads/usuario/usuario_28_1778781947347.jpg','La imagen no está relacionada con cultivos, plantas o huertos',NULL,'\n\n--- FOTO REEMPLAZADA POR EL USUARIO ---','2026-05-14 18:06:08');
INSERT INTO `incidencias` VALUES(12,'foto_rechazada',NULL,'resuelta',NULL,'jomano4256@hilostar.com','jaillueca@gmail.com',343,'datosadjuntos','uploads/usuario/usuario_28_1778782097419.jpg','Imagen duplicada o ya existente en la plataforma',NULL,'\n\n--- FOTO REEMPLAZADA POR EL USUARIO ---','2026-05-14 18:08:39');
INSERT INTO `incidencias` VALUES(13,'foto_rechazada',NULL,'resuelta',NULL,'jomano4256@hilostar.com','jaillueca@gmail.com',345,'datosadjuntos','uploads/usuario/usuario_28_1778782314008.jpg','La imagen no está relacionada con cultivos, plantas o huertos',NULL,'\n\n--- FOTO REEMPLAZADA POR EL USUARIO ---','2026-05-14 18:12:13');
INSERT INTO `incidencias` VALUES(14,'foto_rechazada',NULL,'resuelta',NULL,'jomano4256@hilostar.com','jaillueca@gmail.com',351,'datosadjuntos','uploads/usuario/usuario_28_1778782838160.jpg','La imagen no está relacionada con cultivos, plantas o huertos',NULL,'\n\n--- FOTO REEMPLAZADA POR EL USUARIO ---','2026-05-14 18:20:59');
INSERT INTO `incidencias` VALUES(15,'foto_rechazada',NULL,'resuelta',NULL,'jomano4256@hilostar.com','jaillueca@gmail.com',352,'datosadjuntos','uploads/usuario/reemplazo_1778782890510.jpg','La imagen no está relacionada con cultivos, plantas o huertos',NULL,'\n--- RECURSO DEL USUARIO (2026-05-14) ---\nhola\n\n--- RESOLUCIÓN DEL EQUIPO (2026-05-14) ---\nHola y adios\n\n--- FOTO REEMPLAZADA POR EL USUARIO ---','2026-05-14 18:23:24');
INSERT INTO `incidencias` VALUES(16,'foto_rechazada',NULL,'resuelta',NULL,'jomano4256@hilostar.com','jaillueca@gmail.com',354,'datosadjuntos','uploads/usuario/usuario_28_1778784567182.jpg','La imagen no está relacionada con cultivos, plantas o huertos',NULL,'\n\n--- FOTO REEMPLAZADA POR EL USUARIO ---','2026-05-14 18:50:17');
INSERT INTO `incidencias` VALUES(17,'foto_rechazada',NULL,'abierta',NULL,'bc89gvs3se@bwmyga.com','jaillueca@gmail.com',393,'datosadjuntos','uploads/cultivosavisos/user-22-pending-268-1779546962108.webp','La imagen contiene datos personales visibles (personas, matrículas, domicilios)',NULL,NULL,'2026-05-23 14:43:18');
INSERT INTO `incidencias` VALUES(18,'foto_rechazada',NULL,'abierta',NULL,'bc89gvs3se@bwmyga.com','jaillueca@gmail.com',392,'datosadjuntos','uploads/cultivosavisos/user-22-pending-268-1779546947973.webp','La imagen no está relacionada con cultivos, plantas o huertos',NULL,NULL,'2026-05-23 14:43:29');
INSERT INTO `incidencias` VALUES(19,'foto_rechazada',NULL,'abierta',NULL,'desconocido','jaillueca@gmail.com',282,'datosadjuntos','uploads/variedades/tomates-cherry-rojos-frescos-con-gotas-de-agua-en-una-cesta-de-mimbre-1778581447024.webp','La imagen no está relacionada con cultivos, plantas o huertos',NULL,NULL,'2026-05-24 20:58:04');
INSERT INTO `incidencias` VALUES(20,'foto_rechazada',NULL,'abierta',NULL,'desconocido','jaillueca@gmail.com',281,'datosadjuntos','uploads/variedades/tomate-cherry-rojo-con-gotas-de-agua-sobre-tabla-de-madera-fondo-verde-1778581304106.webp','La imagen no está relacionada con cultivos, plantas o huertos',NULL,NULL,'2026-05-29 17:19:15');

DROP TABLE IF EXISTS `labores`;
CREATE TABLE `labores` (
  `idlabores` int(11) NOT NULL AUTO_INCREMENT,
  `laboresnombre` varchar(100) NOT NULL,
  `laboresdescripcion` text DEFAULT NULL,
  `laboresicono` varchar(50) DEFAULT 'mdi-tools',
  `laborescolor` varchar(20) DEFAULT '#64748b',
  `laboresactivosino` tinyint(1) DEFAULT 1,
  `laboresfechacreacion` timestamp NOT NULL DEFAULT current_timestamp(),
  `laboresnotificable` tinyint(1) DEFAULT 1,
  PRIMARY KEY (`idlabores`)
) ENGINE=InnoDB AUTO_INCREMENT=14 DEFAULT CHARSET=utf8mb4 COLLATE=utf8mb4_general_ci;

INSERT INTO `labores` VALUES(1,'Riego','El riego adaptado a cada especie no es un simple detalle de jardinería, sino el pilar fundamental para un desarrollo vigoroso y saludable. Regar de forma genérica, aplicando la misma cantidad y frecuencia a todas las plantas, es uno de los errores más comunes que conduce a fracasos: provoca desde asfixia radicular por exceso de agua hasta estrés hídrico severo por defecto.\n\nCada planta ha evolucionado en un ecosistema con unas necesidades precisas. Un cactus, originario del desierto, almacena agua en sus tejidos y sus raíces se pudren con humedad constante; necesita un riego escaso y profundo pero muy espaciado. En cambio, una hortensia, acostumbrada a suelos frescos y sombríos, marchitará sus hojas y detendrá su floración si el sustrato se seca por completo entre riegos. Del mismo modo, un helecho requiere alta humedad ambiental y un sustrato siempre ligeramente húmedo, mientras que un olivo soporta la sequía pero no el encharcamiento.\n\nAdaptar el riego también implica considerar la etapa fenológica: una plántula recién trasplantada necesita humedad constante para enraizar, mientras que una planta adulta y establecida puede tolerar mayores intervalos de sequía. Factores como el tipo de sustrato (arcilloso o arenoso), el clima, la maceta o la exposición al sol modifican aún más la frecuencia y cantidad necesarias.\n\nEn definitiva, respetar las necesidades hídricas de cada especie no solo evita enfermedades fúngicas y podredumbres, sino que optimiza la absorción de nutrientes, fortalece las estructuras vegetales e incrementa la floración y fructificación. Un riego consciente y específico es el lenguaje invisible que asegura el crecimiento sano y resiliente de cada planta en su entorno.','💧','#3b82f6',1,'2026-04-15 13:28:36',1);
INSERT INTO `labores` VALUES(2,'Escardado','Eliminaci ','mdi-shovel','#10b981',1,'2026-04-15 13:28:36',1);
INSERT INTO `labores` VALUES(3,'Abonado','Aporte de nutrientes (compost, purines, abono)','mdi-bottle-tonic-plus','#f59e0b',1,'2026-04-15 13:28:36',1);
INSERT INTO `labores` VALUES(4,'Poda','Corte de ramas, chupones o partes secas','mdi-content-cut','#ef4444',1,'2026-04-15 13:28:36',1);
INSERT INTO `labores` VALUES(5,'Entutorado','Colocaci ','mdi-format-line-spacing','#8b5cf6',1,'2026-04-15 13:28:36',1);
INSERT INTO `labores` VALUES(6,'Tratamiento Fitosanitario','Control de plagas o preventivo (jab ','mdi-bug-check','#06b6d4',1,'2026-04-15 13:28:36',1);
INSERT INTO `labores` VALUES(7,'Aclareo','Eliminaci ','mdi-vector-difference','#ec4899',1,'2026-04-15 13:28:36',1);
INSERT INTO `labores` VALUES(8,'Acolchado','Colocaci ','mdi-layers','#78350f',1,'2026-04-15 13:28:36',1);
INSERT INTO `labores` VALUES(9,'Cosecha','Recolecci ','mdi-basket','#f97316',1,'2026-04-15 13:28:36',1);
INSERT INTO `labores` VALUES(10,'Laboreo','Remover la tierra profundamente o preparar el terreno','mdi-tractor','#475569',1,'2026-04-15 13:28:36',1);
INSERT INTO `labores` VALUES(11,'Otros','Otras labores no categorizadas','mdi-tag-outline','#94a3b8',1,'2026-04-15 13:30:32',1);
INSERT INTO `labores` VALUES(12,'Siembra','Labor de colocar la semilla en la tierra para su germinación.','🌱','#10b981',1,'2026-04-28 10:41:42',1);
INSERT INTO `labores` VALUES(13,'Transplante','Labor de trasladar una planta de un lugar a otro.','🪴','#3b82f6',1,'2026-04-28 10:41:42',1);

DROP TABLE IF EXISTS `laborespauta`;
CREATE TABLE `laborespauta` (
  `idlaborespauta` int(11) NOT NULL AUTO_INCREMENT,
  `xlaborespautaidlabores` int(11) NOT NULL,
  `xlaborespautaidespecies` int(11) NOT NULL,
  `laborespautafase` varchar(50) NOT NULL COMMENT 'Ej: germinacion, crecimiento, floracion, fructificacion',
  `laborespautafrecuenciadias` int(11) DEFAULT NULL COMMENT 'Cada cuántos días se realiza',
  `laborespautanotasia` text DEFAULT NULL COMMENT 'Explicación IA',
  `laborespautaactivosino` tinyint(1) DEFAULT 1 COMMENT '1 = Activa, 0 = Inactiva',
  `xlaborespautaidusuarios` int(11) DEFAULT NULL,
  `xlaborespautaidvariedades` int(11) DEFAULT NULL,
  `laborespautaoffset` int(11) NOT NULL DEFAULT 0,
  `laborespautametodo` varchar(20) NOT NULL DEFAULT 'ambos',
  PRIMARY KEY (`idlaborespauta`),
  UNIQUE KEY `unique_laborespauta_rel` (`xlaborespautaidlabores`,`xlaborespautaidespecies`,`laborespautafase`),
  KEY `xlaborespautaidespecies` (`xlaborespautaidespecies`),
  KEY `idx_laborespauta_usuario` (`xlaborespautaidusuarios`),
  KEY `fk_laborespauta_variedad` (`xlaborespautaidvariedades`),
  CONSTRAINT `fk_laborespauta_usuario` FOREIGN KEY (`xlaborespautaidusuarios`) REFERENCES `usuarios` (`idusuarios`) ON DELETE CASCADE,
  CONSTRAINT `fk_laborespauta_variedad` FOREIGN KEY (`xlaborespautaidvariedades`) REFERENCES `variedades` (`idvariedades`) ON DELETE CASCADE,
  CONSTRAINT `laborespauta_ibfk_1` FOREIGN KEY (`xlaborespautaidlabores`) REFERENCES `labores` (`idlabores`) ON DELETE CASCADE,
  CONSTRAINT `laborespauta_ibfk_2` FOREIGN KEY (`xlaborespautaidespecies`) REFERENCES `especies` (`idespecies`) ON DELETE CASCADE
) ENGINE=InnoDB AUTO_INCREMENT=271 DEFAULT CHARSET=utf8mb4 COLLATE=utf8mb4_unicode_ci;

INSERT INTO `laborespauta` VALUES(221,10,3,'presiembra',NULL,'Laboreo profundo para airear y preparar el suelo antes de la siembra.',1,NULL,NULL,-60,'ambos');
INSERT INTO `laborespauta` VALUES(222,3,3,'presiembra',NULL,'Abonado de fondo. Si usas materia orgánica (estiércol maduro/compost), incorpórala ahora a 20-30 cm de profundidad para que la tierra la asimile con tiempo. Si optas por fertilizante mineral NPK granulado, ignora esta tarea hoy y aplícalo justo en el momento de la siembra o preparación final.',1,NULL,NULL,-45,'ambos');
INSERT INTO `laborespauta` VALUES(223,12,3,'siembra',NULL,'Siembra directa de semillas o plantación de plántulas en semillero.',1,NULL,NULL,0,'semilla');
INSERT INTO `laborespauta` VALUES(224,1,3,'pregerminacion',2,'Riegos ligeros y frecuentes para mantener la humedad del sustrato hasta la emergencia.',1,NULL,NULL,0,'ambos');
INSERT INTO `laborespauta` VALUES(225,1,3,'germinacion',1,'Riego muy suave para no dañar las plántulas recién emergidas.',1,NULL,NULL,0,'ambos');
INSERT INTO `laborespauta` VALUES(226,1,3,'crecimiento_inicial',3,'Riego regular, adaptado a la demanda de las plántulas jóvenes, evitando encharcamientos.',1,NULL,NULL,0,'ambos');
INSERT INTO `laborespauta` VALUES(227,2,3,'crecimiento_inicial',14,'Control manual o mecánico de malas hierbas para evitar competencia con las plántulas.',1,NULL,NULL,0,'ambos');
INSERT INTO `laborespauta` VALUES(228,3,3,'crecimiento_inicial',10,'Fertilización foliar o ligera para estimular el desarrollo inicial de la planta.',1,NULL,NULL,0,'ambos');
INSERT INTO `laborespauta` VALUES(229,13,3,'trasplante',NULL,'Trasplante de las plántulas al lugar definitivo de cultivo.',1,NULL,NULL,0,'ambos');
INSERT INTO `laborespauta` VALUES(230,1,3,'trasplante',1,'Riego abundante inmediatamente después del trasplante para favorecer el enraizamiento.',1,NULL,NULL,0,'ambos');
INSERT INTO `laborespauta` VALUES(231,1,3,'crecimiento',2,'Riego frecuente y profundo, ajustado a la demanda de la planta en desarrollo vegetativo.',1,NULL,NULL,0,'ambos');
INSERT INTO `laborespauta` VALUES(232,3,3,'crecimiento',7,'Fertilización equilibrada para un fuerte desarrollo vegetativo y estructural.',1,NULL,NULL,0,'ambos');
INSERT INTO `laborespauta` VALUES(233,2,3,'crecimiento',10,'Mantenimiento del cultivo libre de malas hierbas para optimizar recursos.',1,NULL,NULL,0,'ambos');
INSERT INTO `laborespauta` VALUES(234,5,3,'crecimiento',14,'Sujeción de la planta a tutores a medida que crece para evitar caídas y mejorar aireación.',1,NULL,NULL,0,'ambos');
INSERT INTO `laborespauta` VALUES(235,4,3,'crecimiento',10,'Eliminación de chupones (brotes axilares) y hojas bajas para enfocar la energía en el tallo principal.',1,NULL,NULL,0,'ambos');
INSERT INTO `laborespauta` VALUES(236,8,3,'crecimiento',NULL,'Aplicación de acolchado para conservar la humedad del suelo, controlar malas hierbas y regular temperatura.',1,NULL,NULL,0,'ambos');
INSERT INTO `laborespauta` VALUES(237,6,3,'crecimiento',14,'Aplicación preventiva o curativa de tratamientos fitosanitarios según la presencia de plagas/enfermedades.',1,NULL,NULL,0,'ambos');
INSERT INTO `laborespauta` VALUES(238,1,3,'fructificacion',1,'Riego constante y preciso, crucial para el cuajado, desarrollo y engorde de los frutos.',1,NULL,NULL,0,'ambos');
INSERT INTO `laborespauta` VALUES(239,3,3,'fructificacion',5,'Fertilización rica en potasio y otros micronutrientes para la formación y calidad de los frutos.',1,NULL,NULL,0,'ambos');
INSERT INTO `laborespauta` VALUES(240,4,3,'fructificacion',7,'Deshojado estratégico y eliminación de chupones para mejorar la ventilación y la exposición solar de los frutos.',1,NULL,NULL,0,'ambos');
INSERT INTO `laborespauta` VALUES(241,5,3,'fructificacion',21,'Refuerzo del entutorado debido al peso creciente de los frutos en la planta.',1,NULL,NULL,0,'ambos');
INSERT INTO `laborespauta` VALUES(242,7,3,'fructificacion',NULL,'Eliminación de frutos pequeños o deformes para concentrar la energía en los frutos de mayor calidad.',1,NULL,NULL,15,'ambos');
INSERT INTO `laborespauta` VALUES(243,6,3,'fructificacion',7,'Control estricto de plagas y enfermedades, priorizando productos de bajo impacto en la fase de fructificación.',1,NULL,NULL,0,'ambos');
INSERT INTO `laborespauta` VALUES(244,9,3,'recoleccion',3,'Recolección periódica de los frutos maduros para estimular la producción continua.',1,NULL,NULL,0,'ambos');
INSERT INTO `laborespauta` VALUES(245,1,3,'recoleccion',2,'Mantener el riego adecuado para sostener la planta durante el periodo de producción.',1,NULL,NULL,0,'ambos');
INSERT INTO `laborespauta` VALUES(246,3,3,'recoleccion',14,'Fertilización de mantenimiento para asegurar la continuidad de la producción de frutos.',1,NULL,NULL,0,'ambos');
INSERT INTO `laborespauta` VALUES(247,10,3,'finalizacion',NULL,'Laboreo del terreno para incorporar restos vegetales y preparar para el siguiente ciclo de cultivo.',1,NULL,NULL,0,'ambos');
INSERT INTO `laborespauta` VALUES(248,11,3,'finalizacion',NULL,'Arranque y eliminación de los restos de plantas enfermas o al final de su ciclo productivo.',1,NULL,NULL,0,'ambos');
INSERT INTO `laborespauta` VALUES(249,10,14,'presiembra',NULL,'Laboreo profundo para descompactar el suelo, mejorar la aireación y drenaje antes de la siembra.',1,NULL,NULL,-30,'ambos');
INSERT INTO `laborespauta` VALUES(250,3,14,'presiembra',NULL,'Incorporación de abono orgánico o de fondo rico en fósforo y potasio para preparar el suelo.',1,NULL,NULL,-20,'ambos');
INSERT INTO `laborespauta` VALUES(251,1,14,'presiembra',NULL,'Riego ligero para asegurar la humedad adecuada del suelo antes de la plantación de los dientes.',1,NULL,NULL,-5,'ambos');
INSERT INTO `laborespauta` VALUES(252,12,14,'siembra',NULL,'Plantación de los dientes de ajo a la profundidad y distancia adecuadas para un óptimo desarrollo.',1,NULL,NULL,0,'ambos');
INSERT INTO `laborespauta` VALUES(253,1,14,'pregerminacion',4,'Riegos frecuentes y ligeros para mantener la humedad del suelo y favorecer la brotación de los ajos.',1,NULL,NULL,0,'ambos');
INSERT INTO `laborespauta` VALUES(254,2,14,'crecimiento_inicial',15,'Primer escardado manual o mecánico para eliminar malas hierbas competidoras en las primeras etapas.',1,NULL,NULL,15,'ambos');
INSERT INTO `laborespauta` VALUES(255,1,14,'crecimiento_inicial',7,'Riegos regulares para asegurar el desarrollo inicial de las plántulas de ajo.',1,NULL,NULL,10,'ambos');
INSERT INTO `laborespauta` VALUES(256,3,14,'crecimiento',NULL,'Primer abonado de cobertera, rico en nitrógeno para promover el desarrollo vegetativo de la planta.',1,NULL,NULL,30,'ambos');
INSERT INTO `laborespauta` VALUES(257,2,14,'crecimiento',20,'Escardas periódicas para mantener el cultivo libre de malas hierbas, evitando competencia por nutrientes.',1,NULL,NULL,0,'ambos');
INSERT INTO `laborespauta` VALUES(258,1,14,'crecimiento',7,'Aumentar la frecuencia y volumen de riego a medida que la planta crece y demanda más agua.',1,NULL,NULL,0,'ambos');
INSERT INTO `laborespauta` VALUES(259,6,14,'crecimiento',30,'Aplicación preventiva o curativa de fitosanitarios contra plagas y enfermedades comunes del ajo.',1,NULL,NULL,0,'ambos');
INSERT INTO `laborespauta` VALUES(260,3,14,'fructificacion',NULL,'Segundo abonado de cobertera, con énfasis en potasio para el engorde y desarrollo del bulbo.',1,NULL,NULL,15,'ambos');
INSERT INTO `laborespauta` VALUES(261,1,14,'fructificacion',10,'Reducir gradualmente el riego para favorecer la maduración y el secado adecuado del bulbo de ajo.',1,NULL,NULL,0,'ambos');
INSERT INTO `laborespauta` VALUES(262,2,14,'fructificacion',30,'Último escardado para evitar competencia de malas hierbas y facilitar las labores de cosecha.',1,NULL,NULL,0,'ambos');
INSERT INTO `laborespauta` VALUES(263,9,14,'recoleccion',NULL,'Cosecha de los ajos cuando las hojas inferiores amarillean y se secan, indicando su madurez.',1,NULL,NULL,0,'ambos');
INSERT INTO `laborespauta` VALUES(264,10,14,'finalizacion',NULL,'Laboreo superficial para limpiar el terreno de restos de cultivo y preparar para el siguiente ciclo.',1,NULL,NULL,0,'ambos');
INSERT INTO `laborespauta` VALUES(265,3,3,'siembra',NULL,'Aporte extra de materia orgánica (humus de lombriz/harina de hueso) directamente en el hoyo de plantación para un enraizamiento vigoroso. Si en su lugar optas por un abonado de fondo mineral (NPK granulado), este es el momento exacto para aplicarlo, mezclándolo bien con la tierra del fondo antes de meter la planta.',1,NULL,NULL,0,'ambos');
INSERT INTO `laborespauta` VALUES(266,10,3,'siembra',NULL,'Si ya realizaste el laboreo profundo hace semanas, haz hoy solo un laboreo superficial para mullir la tierra y eliminar adventicias justo antes de plantar. Si NO pudiste realizar aquel laboreo previo, debes remover la tierra profundamente ahora (a 20-30 cm de profundidad) para prepararla adecuadamente.',1,NULL,NULL,0,'ambos');
INSERT INTO `laborespauta` VALUES(267,8,3,'siembra',NULL,'Colocar un acolchado (mulch) orgánico (paja, hojas secas, restos de poda) o plástico alrededor de la base de la planta recién instalada. Esto es vital en el tomate para retener la humedad del suelo, evitar malas hierbas y proteger las raíces de las variaciones térmicas.',1,NULL,NULL,0,'ambos');
INSERT INTO `laborespauta` VALUES(268,1,3,'siembra',NULL,'Riego de asentamiento. Inmediatamente después de colocar la semilla o el plantón y aplicar el acolchado, aplica un riego muy generoso (preferiblemente en forma de lluvia fina) para asentar bien la tierra, eliminar las bolsas de aire de las raíces y estimular el inicio del ciclo.',1,NULL,NULL,0,'ambos');
INSERT INTO `laborespauta` VALUES(269,13,3,'presiembra',NULL,NULL,1,NULL,NULL,0,'planton');
INSERT INTO `laborespauta` VALUES(270,13,3,'siembra',NULL,'Trasplante del plantón al lugar definitivo. En el tomate es recomendable enterrar parte del tallo desnudo para favorecer el desarrollo de raíces adventicias secundarias.',1,NULL,NULL,0,'planton');

DROP TABLE IF EXISTS `laboresrealizadas`;
CREATE TABLE `laboresrealizadas` (
  `idlaboresrealizadas` int(11) NOT NULL AUTO_INCREMENT,
  `xlaboresrealizadasidcultivos` int(11) NOT NULL,
  `xlaboresrealizadasidlabores` int(11) NOT NULL,
  `laboresrealizadasfecha` date NOT NULL,
  `laboresrealizadasobservaciones` text DEFAULT NULL,
  `laboresrealizadasfechacreacion` timestamp NOT NULL DEFAULT current_timestamp(),
  PRIMARY KEY (`idlaboresrealizadas`),
  KEY `xlaboresrealizadasidcultivos` (`xlaboresrealizadasidcultivos`),
  KEY `xlaboresrealizadasidlabores` (`xlaboresrealizadasidlabores`),
  CONSTRAINT `laboresrealizadas_ibfk_1` FOREIGN KEY (`xlaboresrealizadasidcultivos`) REFERENCES `cultivos` (`idcultivos`) ON DELETE CASCADE,
  CONSTRAINT `laboresrealizadas_ibfk_2` FOREIGN KEY (`xlaboresrealizadasidlabores`) REFERENCES `labores` (`idlabores`) ON DELETE CASCADE
) ENGINE=InnoDB DEFAULT CHARSET=utf8mb4 COLLATE=utf8mb4_unicode_ci;

DROP TABLE IF EXISTS `logros`;
CREATE TABLE `logros` (
  `idlogros` int(11) NOT NULL AUTO_INCREMENT,
  `logrosnivel` int(11) NOT NULL,
  `logrosnombre` varchar(100) NOT NULL,
  `logrosdescripcion` text DEFAULT NULL,
  `logrosicono` varchar(255) DEFAULT NULL,
  `req_antiguedad_meses` int(11) DEFAULT 0,
  `req_semillas` int(11) DEFAULT 0,
  `req_siembras` int(11) DEFAULT 0,
  `req_recolecciones` int(11) DEFAULT 0,
  `req_especies` int(11) DEFAULT 0,
  `req_fotos` int(11) DEFAULT 0,
  `req_mensajes` int(11) DEFAULT 0,
  `req_blogs` int(11) DEFAULT 0,
  `privilegios` text DEFAULT NULL,
  `descuento_pro` int(11) DEFAULT 0,
  `req_mantenimiento_mensual` int(11) DEFAULT 0,
  PRIMARY KEY (`idlogros`),
  UNIQUE KEY `logrosnivel` (`logrosnivel`),
  UNIQUE KEY `logrosnombre` (`logrosnombre`)
) ENGINE=InnoDB AUTO_INCREMENT=11 DEFAULT CHARSET=utf8mb4 COLLATE=utf8mb4_unicode_ci;

INSERT INTO `logros` VALUES(1,1,'Visitante','Crear la cuenta en Verdantia.','🌾',0,0,0,0,0,0,0,0,'Solo lectura',0,0);
INSERT INTO `logros` VALUES(2,2,'Campesino Aprendiz','Verificar el correo electrónico y añadir Foto de Perfil.','🌱',0,0,0,0,0,0,0,0,'Interacción básica',0,0);
INSERT INTO `logros` VALUES(3,3,'Sembrador Novato','Dar los primeros pasos agrícolas y sociales.','🪴',0,1,1,0,0,0,1,0,'Crear cultivos',0,0);
INSERT INTO `logros` VALUES(4,4,'Cultivador','Primeros frutos y primeras fotos.','🌻',0,1,3,1,0,1,1,0,'Subir fotos',5,0);
INSERT INTO `logros` VALUES(5,5,'Hortelano','Usuario recurrente que documenta su huerto.','🍅',1,1,5,5,0,5,1,0,'Acceso al mercadillo',10,0);
INSERT INTO `logros` VALUES(6,6,'Agricultor Dedicado','Domina la diversidad del catálogo e interactúa.','🧑‍🌾',3,1,10,15,5,5,10,0,'Crear grupos de chat',15,1);
INSERT INTO `logros` VALUES(7,7,'Maestro de la Tierra','Todo un experto que tiene el huerto visualmente documentado.','⚜️',3,3,20,30,10,20,10,0,'Voto doble en encuestas',25,2);
INSERT INTO `logros` VALUES(8,8,'Sabio de la Comunidad','Un veterano pilar de conocimiento para los nuevos.','🦉',6,3,30,60,10,20,50,1,'Validación de Fotos',40,4);
INSERT INTO `logros` VALUES(9,9,'Guardián de Semilla','Defensor de la biodiversidad con banco genético propio.','🛡️',12,5,40,100,15,50,50,3,'Mediador',60,10);
INSERT INTO `logros` VALUES(10,10,'Leyenda Verde','Un referente histórico y social absoluto en Verdantia.','👑',24,10,60,200,20,50,200,5,'Moderador Global',100,20);

DROP TABLE IF EXISTS `paises`;
CREATE TABLE `paises` (
  `idpaises` int(11) NOT NULL AUTO_INCREMENT,
  `paisesnombre` varchar(100) NOT NULL,
  `paisesisocode` varchar(10) DEFAULT NULL,
  PRIMARY KEY (`idpaises`)
) ENGINE=InnoDB AUTO_INCREMENT=38 DEFAULT CHARSET=utf8mb4 COLLATE=utf8mb4_unicode_ci;

INSERT INTO `paises` VALUES(1,'España','ES');
INSERT INTO `paises` VALUES(2,'México','MX');
INSERT INTO `paises` VALUES(3,'Argentina','AR');
INSERT INTO `paises` VALUES(4,'Colombia','CO');
INSERT INTO `paises` VALUES(5,'Perú','PE');
INSERT INTO `paises` VALUES(6,'Venezuela','VE');
INSERT INTO `paises` VALUES(7,'Chile','CL');
INSERT INTO `paises` VALUES(8,'Ecuador','EC');
INSERT INTO `paises` VALUES(9,'Guatemala','GT');
INSERT INTO `paises` VALUES(10,'Cuba','CU');
INSERT INTO `paises` VALUES(11,'Bolivia','BO');
INSERT INTO `paises` VALUES(12,'República Dominicana','DO');
INSERT INTO `paises` VALUES(13,'Honduras','HN');
INSERT INTO `paises` VALUES(14,'Paraguay','PY');
INSERT INTO `paises` VALUES(15,'El Salvador','SV');
INSERT INTO `paises` VALUES(16,'Nicaragua','NI');
INSERT INTO `paises` VALUES(17,'Costa Rica','CR');
INSERT INTO `paises` VALUES(18,'Panamá','PA');
INSERT INTO `paises` VALUES(19,'Uruguay','UY');
INSERT INTO `paises` VALUES(20,'Puerto Rico','PR');
INSERT INTO `paises` VALUES(21,'Estados Unidos','US');
INSERT INTO `paises` VALUES(22,'Internacional','INT');
INSERT INTO `paises` VALUES(23,'Francia','FR');
INSERT INTO `paises` VALUES(24,'Italia','IT');
INSERT INTO `paises` VALUES(25,'Portugal','PT');
INSERT INTO `paises` VALUES(26,'Brasil','BR');
INSERT INTO `paises` VALUES(27,'Alemania','DE');
INSERT INTO `paises` VALUES(28,'China','CN');
INSERT INTO `paises` VALUES(29,'Japón','JP');
INSERT INTO `paises` VALUES(30,'Guinea Ecuatorial','GQ');
INSERT INTO `paises` VALUES(31,'Reino Unido','GB');
INSERT INTO `paises` VALUES(32,'Canadá','CA');
INSERT INTO `paises` VALUES(33,'Australia','AU');
INSERT INTO `paises` VALUES(34,'India','IN');
INSERT INTO `paises` VALUES(35,'Filipinas','PH');
INSERT INTO `paises` VALUES(36,'Marruecos','MA');
INSERT INTO `paises` VALUES(37,'Corea del Sur','KR');

DROP TABLE IF EXISTS `plagas`;
CREATE TABLE `plagas` (
  `idplagas` int(11) NOT NULL AUTO_INCREMENT,
  `plagasnombre` varchar(100) NOT NULL,
  `plagasnombrecientifico` varchar(100) DEFAULT NULL,
  `plagastipo` varchar(50) DEFAULT NULL,
  `plagasdescripcion` text DEFAULT NULL,
  `plagascontrolorganico` text DEFAULT NULL,
  PRIMARY KEY (`idplagas`)
) ENGINE=InnoDB AUTO_INCREMENT=19 DEFAULT CHARSET=utf8mb4 COLLATE=utf8mb4_unicode_ci;

INSERT INTO `plagas` VALUES(1,'Pulgón',NULL,'plaga',NULL,NULL);
INSERT INTO `plagas` VALUES(2,'Mosca blanca',NULL,'plaga',NULL,NULL);
INSERT INTO `plagas` VALUES(3,'Araña roja',NULL,'plaga',NULL,NULL);
INSERT INTO `plagas` VALUES(4,'Oídio',NULL,'plaga',NULL,NULL);
INSERT INTO `plagas` VALUES(5,'Mildiu',NULL,'plaga',NULL,NULL);
INSERT INTO `plagas` VALUES(6,'Gusano de alambre',NULL,'plaga',NULL,NULL);
INSERT INTO `plagas` VALUES(7,'Babosas y Caracoles',NULL,'plaga',NULL,NULL);
INSERT INTO `plagas` VALUES(8,'Mosca de la cebolla',NULL,'plaga',NULL,NULL);
INSERT INTO `plagas` VALUES(9,'Nematodos',NULL,'plaga',NULL,NULL);
INSERT INTO `plagas` VALUES(10,'Trips',NULL,'plaga',NULL,NULL);
INSERT INTO `plagas` VALUES(12,'Caracoles y babosas',NULL,'plaga',NULL,NULL);
INSERT INTO `plagas` VALUES(13,'Escarabajo del pepino',NULL,'plaga',NULL,NULL);
INSERT INTO `plagas` VALUES(14,'Roya',NULL,'plaga',NULL,NULL);
INSERT INTO `plagas` VALUES(15,'Taladro de la calabaza',NULL,'plaga',NULL,NULL);
INSERT INTO `plagas` VALUES(16,'Tuta absoluta (Minador del tomate)',NULL,'plaga',NULL,NULL);
INSERT INTO `plagas` VALUES(17,'Mildiu (Phytophthora infestans)',NULL,'plaga',NULL,NULL);
INSERT INTO `plagas` VALUES(18,'Tuta absoluta',NULL,'plaga',NULL,NULL);

DROP TABLE IF EXISTS `recolecciones`;
CREATE TABLE `recolecciones` (
  `idrecolecciones` int(11) NOT NULL AUTO_INCREMENT,
  `xrecoleccionesidusuarios` int(11) NOT NULL,
  `xrecoleccionesidcultivos` int(11) NOT NULL,
  `recoleccionesfecha` date NOT NULL,
  `recoleccionescantidad` decimal(8,2) DEFAULT NULL,
  `recoleccionesunidad` enum('kg','g','unidades','manojos') DEFAULT 'unidades',
  `recoleccionescalidad` enum('excelente','buena','regular','mala') DEFAULT 'buena',
  `recoleccionesobservaciones` text DEFAULT NULL,
  `recoleccionesfechacreacion` timestamp NOT NULL DEFAULT current_timestamp(),
  PRIMARY KEY (`idrecolecciones`),
  KEY `xrecoleccionesidusuarios` (`xrecoleccionesidusuarios`),
  KEY `xrecoleccionesidcultivos` (`xrecoleccionesidcultivos`),
  CONSTRAINT `recolecciones_ibfk_1` FOREIGN KEY (`xrecoleccionesidusuarios`) REFERENCES `usuarios` (`idusuarios`) ON DELETE CASCADE,
  CONSTRAINT `recolecciones_ibfk_2` FOREIGN KEY (`xrecoleccionesidcultivos`) REFERENCES `cultivos` (`idcultivos`) ON DELETE CASCADE
) ENGINE=InnoDB DEFAULT CHARSET=utf8mb4 COLLATE=utf8mb4_unicode_ci;

DROP TABLE IF EXISTS `semillas`;
CREATE TABLE `semillas` (
  `idsemillas` int(11) NOT NULL AUTO_INCREMENT,
  `xsemillasidusuarios` int(11) NOT NULL,
  `xsemillasidvariedades` int(11) NOT NULL,
  `semillasnumerocoleccion` int(11) DEFAULT NULL,
  `semillasorigen` enum('cosecha_propia','sobre_comprado','intercambio','regalada') NOT NULL DEFAULT 'sobre_comprado',
  `semillaslugarcompra` varchar(150) DEFAULT NULL,
  `semillasmarca` varchar(150) DEFAULT NULL,
  `semillasfecharecoleccion` date DEFAULT NULL,
  `semillasfechaenvasado` date DEFAULT NULL,
  `semillasfechacaducidad` date DEFAULT NULL,
  `semillaslote` varchar(60) DEFAULT NULL,
  `semillasstock` enum('abundante','medio','escaso','agotado') DEFAULT 'medio',
  `semillasobservaciones` text DEFAULT NULL,
  `semillasactivosino` tinyint(1) NOT NULL DEFAULT 1,
  `semillasfechacreacion` timestamp NOT NULL DEFAULT current_timestamp(),
  `semillasfechaactualizacion` timestamp NOT NULL DEFAULT current_timestamp() ON UPDATE current_timestamp(),
  `semillasstockactual` int(11) DEFAULT NULL,
  `semillasstockinicial` int(11) DEFAULT NULL,
  PRIMARY KEY (`idsemillas`),
  KEY `xsemillasidusuarios` (`xsemillasidusuarios`),
  KEY `xsemillasidvariedades` (`xsemillasidvariedades`),
  CONSTRAINT `semillas_ibfk_1` FOREIGN KEY (`xsemillasidusuarios`) REFERENCES `usuarios` (`idusuarios`) ON DELETE CASCADE,
  CONSTRAINT `semillas_ibfk_2` FOREIGN KEY (`xsemillasidvariedades`) REFERENCES `variedades` (`idvariedades`) ON DELETE CASCADE
) ENGINE=InnoDB AUTO_INCREMENT=15 DEFAULT CHARSET=utf8mb4 COLLATE=utf8mb4_unicode_ci;

INSERT INTO `semillas` VALUES(7,1,117,1,'sobre_comprado','Verdecora','Semillas Fitó',NULL,'2026-05-01','2030-05-01',NULL,'medio',NULL,1,'2026-05-16 23:03:46','2026-05-16 23:03:46',23,23);
INSERT INTO `semillas` VALUES(14,35,133,NULL,'sobre_comprado',NULL,NULL,NULL,NULL,NULL,NULL,'medio',NULL,1,'2026-05-25 16:46:00','2026-05-25 16:46:00',NULL,NULL);

DROP TABLE IF EXISTS `suscripciones`;
CREATE TABLE `suscripciones` (
  `idsuscripciones` int(11) NOT NULL AUTO_INCREMENT,
  `suscripcionesnombre` varchar(50) NOT NULL,
  `suscripcionesprecio` decimal(6,2) NOT NULL DEFAULT 0.00,
  `suscripcionesmesesduracion` int(11) NOT NULL DEFAULT 1,
  `suscripcionesactiva` tinyint(4) NOT NULL DEFAULT 1,
  PRIMARY KEY (`idsuscripciones`),
  UNIQUE KEY `uq_suscripciones_nombre` (`suscripcionesnombre`)
) ENGINE=InnoDB AUTO_INCREMENT=5 DEFAULT CHARSET=utf8mb4 COLLATE=utf8mb4_unicode_ci;

INSERT INTO `suscripciones` VALUES(1,'Gratuito','0.00',1,1);
INSERT INTO `suscripciones` VALUES(2,'Esencial','4.99',1,1);
INSERT INTO `suscripciones` VALUES(3,'Avanzado','9.99',1,1);
INSERT INTO `suscripciones` VALUES(4,'Premium','14.99',1,1);

DROP TABLE IF EXISTS `suscripcionesavisos`;
CREATE TABLE `suscripcionesavisos` (
  `idsuscripcionesavisos` int(11) NOT NULL AUTO_INCREMENT,
  `xsuscripcionesavisosidusuarios` int(11) DEFAULT NULL,
  `xsuscripcionesavisosidavisosglobales` int(11) DEFAULT NULL,
  `suscripcionesavisosactivosino` tinyint(1) DEFAULT NULL,
  `suscripcionesavisosfrecuencia` int(11) DEFAULT NULL,
  `suscripcionesavisosfechacreacion` timestamp NOT NULL DEFAULT current_timestamp(),
  PRIMARY KEY (`idsuscripcionesavisos`),
  UNIQUE KEY `u_aviso` (`xsuscripcionesavisosidusuarios`,`xsuscripcionesavisosidavisosglobales`),
  KEY `aviso_global_id` (`xsuscripcionesavisosidavisosglobales`),
  CONSTRAINT `suscripcionesavisos_ibfk_1` FOREIGN KEY (`xsuscripcionesavisosidusuarios`) REFERENCES `usuarios` (`idusuarios`) ON DELETE CASCADE,
  CONSTRAINT `suscripcionesavisos_ibfk_2` FOREIGN KEY (`xsuscripcionesavisosidavisosglobales`) REFERENCES `avisosglobales` (`idavisosglobales`) ON DELETE CASCADE
) ENGINE=InnoDB DEFAULT CHARSET=utf8mb4 COLLATE=utf8mb4_general_ci;

DROP TABLE IF EXISTS `suscripcionescaracteristicas`;
CREATE TABLE `suscripcionescaracteristicas` (
  `idsuscripcionescaracteristicas` int(11) NOT NULL AUTO_INCREMENT,
  `suscripcionescaracteristicasclave` varchar(80) NOT NULL,
  `suscripcionescaracteristicastipo` enum('booleano','entero','cadena') NOT NULL DEFAULT 'booleano',
  `suscripcionescaracteristicasdescripcion` varchar(255) DEFAULT NULL,
  PRIMARY KEY (`idsuscripcionescaracteristicas`),
  UNIQUE KEY `uq_caracteristicas_clave` (`suscripcionescaracteristicasclave`)
) ENGINE=InnoDB AUTO_INCREMENT=14 DEFAULT CHARSET=utf8mb4 COLLATE=utf8mb4_unicode_ci;

INSERT INTO `suscripcionescaracteristicas` VALUES(1,'limite_plantas','entero','N+');
INSERT INTO `suscripcionescaracteristicas` VALUES(2,'limite_fotos_por_planta','entero','N+');
INSERT INTO `suscripcionescaracteristicas` VALUES(3,'limite_ofertas_intercambio','entero','N+');
INSERT INTO `suscripcionescaracteristicas` VALUES(4,'rastreador_ia','booleano','Acceso al Rastreador IA (identificaci+');
INSERT INTO `suscripcionescaracteristicas` VALUES(5,'alertas_clima_avanzado','booleano','Alertas de heladas/sequ+');
INSERT INTO `suscripcionescaracteristicas` VALUES(6,'planificador_rotacion','booleano','Recomendaciones autom+');
INSERT INTO `suscripcionescaracteristicas` VALUES(7,'exportacion_pdf','booleano','Generaci+');
INSERT INTO `suscripcionescaracteristicas` VALUES(8,'crear_grupos_chat','booleano','Capacidad de crear nuevos grupos de chat');
INSERT INTO `suscripcionescaracteristicas` VALUES(9,'recordatorios_push','booleano','Recordatorios autom+');
INSERT INTO `suscripcionescaracteristicas` VALUES(10,'sello_semillero_verificado','booleano','Insignia de Semillero Verificado en intercambios');
INSERT INTO `suscripcionescaracteristicas` VALUES(11,'busqueda_avanzada_catalogo','booleano','Filtros avanzados en el cat+');
INSERT INTO `suscripcionescaracteristicas` VALUES(12,'timeline_visual','booleano','Hist+');
INSERT INTO `suscripcionescaracteristicas` VALUES(13,'guardar_favoritos_catalogo','booleano','Guardar especies favoritas en el cat+');

DROP TABLE IF EXISTS `suscripcioneslimites`;
CREATE TABLE `suscripcioneslimites` (
  `idsuscripcioneslimites` int(11) NOT NULL AUTO_INCREMENT,
  `xsuscripcioneslimitesidsuscripciones` int(11) NOT NULL,
  `xsuscripcioneslimitesidsuscripcionescaracteristicas` int(11) NOT NULL,
  `suscripcioneslimitesvalor` varchar(50) NOT NULL DEFAULT '0',
  PRIMARY KEY (`idsuscripcioneslimites`),
  UNIQUE KEY `uq_limites_plan_caract` (`xsuscripcioneslimitesidsuscripciones`,`xsuscripcioneslimitesidsuscripcionescaracteristicas`),
  KEY `fk_limites_caracteristica` (`xsuscripcioneslimitesidsuscripcionescaracteristicas`),
  CONSTRAINT `fk_limites_caracteristica` FOREIGN KEY (`xsuscripcioneslimitesidsuscripcionescaracteristicas`) REFERENCES `suscripcionescaracteristicas` (`idsuscripcionescaracteristicas`) ON DELETE CASCADE,
  CONSTRAINT `fk_limites_suscripcion` FOREIGN KEY (`xsuscripcioneslimitesidsuscripciones`) REFERENCES `suscripciones` (`idsuscripciones`) ON DELETE CASCADE
) ENGINE=InnoDB AUTO_INCREMENT=40 DEFAULT CHARSET=utf8mb4 COLLATE=utf8mb4_unicode_ci;

INSERT INTO `suscripcioneslimites` VALUES(1,1,1,'10');
INSERT INTO `suscripcioneslimites` VALUES(2,2,1,'ilimitado');
INSERT INTO `suscripcioneslimites` VALUES(3,3,1,'ilimitado');
INSERT INTO `suscripcioneslimites` VALUES(4,1,2,'1');
INSERT INTO `suscripcioneslimites` VALUES(5,2,2,'10');
INSERT INTO `suscripcioneslimites` VALUES(6,3,2,'ilimitado');
INSERT INTO `suscripcioneslimites` VALUES(7,1,3,'1');
INSERT INTO `suscripcioneslimites` VALUES(8,2,3,'ilimitado');
INSERT INTO `suscripcioneslimites` VALUES(9,3,3,'ilimitado');
INSERT INTO `suscripcioneslimites` VALUES(10,1,4,'0');
INSERT INTO `suscripcioneslimites` VALUES(11,2,4,'0');
INSERT INTO `suscripcioneslimites` VALUES(12,3,4,'1');
INSERT INTO `suscripcioneslimites` VALUES(13,1,5,'0');
INSERT INTO `suscripcioneslimites` VALUES(14,2,5,'0');
INSERT INTO `suscripcioneslimites` VALUES(15,3,5,'1');
INSERT INTO `suscripcioneslimites` VALUES(16,1,6,'0');
INSERT INTO `suscripcioneslimites` VALUES(17,2,6,'0');
INSERT INTO `suscripcioneslimites` VALUES(18,3,6,'1');
INSERT INTO `suscripcioneslimites` VALUES(19,1,7,'0');
INSERT INTO `suscripcioneslimites` VALUES(20,2,7,'0');
INSERT INTO `suscripcioneslimites` VALUES(21,3,7,'1');
INSERT INTO `suscripcioneslimites` VALUES(22,1,8,'0');
INSERT INTO `suscripcioneslimites` VALUES(23,2,8,'1');
INSERT INTO `suscripcioneslimites` VALUES(24,3,8,'1');
INSERT INTO `suscripcioneslimites` VALUES(25,1,9,'0');
INSERT INTO `suscripcioneslimites` VALUES(26,2,9,'1');
INSERT INTO `suscripcioneslimites` VALUES(27,3,9,'1');
INSERT INTO `suscripcioneslimites` VALUES(28,1,10,'0');
INSERT INTO `suscripcioneslimites` VALUES(29,2,10,'0');
INSERT INTO `suscripcioneslimites` VALUES(30,3,10,'1');
INSERT INTO `suscripcioneslimites` VALUES(31,1,11,'0');
INSERT INTO `suscripcioneslimites` VALUES(32,2,11,'1');
INSERT INTO `suscripcioneslimites` VALUES(33,3,11,'1');
INSERT INTO `suscripcioneslimites` VALUES(34,1,12,'0');
INSERT INTO `suscripcioneslimites` VALUES(35,2,12,'1');
INSERT INTO `suscripcioneslimites` VALUES(36,3,12,'1');
INSERT INTO `suscripcioneslimites` VALUES(37,1,13,'0');
INSERT INTO `suscripcioneslimites` VALUES(38,2,13,'1');
INSERT INTO `suscripcioneslimites` VALUES(39,3,13,'1');

DROP TABLE IF EXISTS `suscripcionestiposavisos`;
CREATE TABLE `suscripcionestiposavisos` (
  `idsuscripcionestiposavisos` int(11) NOT NULL AUTO_INCREMENT,
  `xsuscripcionestiposavisosidsuscripciones` int(11) NOT NULL,
  `xsuscripcionestiposavisosidtiposavisos` int(11) NOT NULL,
  `suscripcionestiposavisosestado` int(11) NOT NULL DEFAULT 0 COMMENT '0: Opcional, 1: Obligatorio, 2: Bloqueado',
  PRIMARY KEY (`idsuscripcionestiposavisos`),
  UNIQUE KEY `susc_tipoaviso_UNIQUE` (`xsuscripcionestiposavisosidsuscripciones`,`xsuscripcionestiposavisosidtiposavisos`)
) ENGINE=InnoDB AUTO_INCREMENT=43 DEFAULT CHARSET=utf8mb4 COLLATE=utf8mb4_unicode_ci;

INSERT INTO `suscripcionestiposavisos` VALUES(1,1,1,1);
INSERT INTO `suscripcionestiposavisos` VALUES(2,1,5,1);
INSERT INTO `suscripcionestiposavisos` VALUES(3,1,2,2);
INSERT INTO `suscripcionestiposavisos` VALUES(4,1,3,2);
INSERT INTO `suscripcionestiposavisos` VALUES(5,1,4,2);
INSERT INTO `suscripcionestiposavisos` VALUES(6,1,6,1);
INSERT INTO `suscripcionestiposavisos` VALUES(7,2,1,0);
INSERT INTO `suscripcionestiposavisos` VALUES(8,2,5,1);
INSERT INTO `suscripcionestiposavisos` VALUES(9,2,2,0);
INSERT INTO `suscripcionestiposavisos` VALUES(10,2,3,2);
INSERT INTO `suscripcionestiposavisos` VALUES(11,2,4,2);
INSERT INTO `suscripcionestiposavisos` VALUES(12,2,6,1);
INSERT INTO `suscripcionestiposavisos` VALUES(13,3,1,0);
INSERT INTO `suscripcionestiposavisos` VALUES(14,3,5,0);
INSERT INTO `suscripcionestiposavisos` VALUES(15,3,2,0);
INSERT INTO `suscripcionestiposavisos` VALUES(16,3,3,0);
INSERT INTO `suscripcionestiposavisos` VALUES(17,3,4,2);
INSERT INTO `suscripcionestiposavisos` VALUES(18,3,6,1);
INSERT INTO `suscripcionestiposavisos` VALUES(37,4,1,0);
INSERT INTO `suscripcionestiposavisos` VALUES(38,4,5,0);
INSERT INTO `suscripcionestiposavisos` VALUES(39,4,2,0);
INSERT INTO `suscripcionestiposavisos` VALUES(40,4,3,0);
INSERT INTO `suscripcionestiposavisos` VALUES(41,4,4,0);
INSERT INTO `suscripcionestiposavisos` VALUES(42,4,6,1);

DROP TABLE IF EXISTS `tiposavisos`;
CREATE TABLE `tiposavisos` (
  `idtiposavisos` int(11) NOT NULL AUTO_INCREMENT,
  `tiposavisoscodigo` varchar(50) NOT NULL,
  `tiposavisosnombre` varchar(100) NOT NULL,
  `tiposavisosdescripcion` varchar(255) DEFAULT NULL,
  `tiposavisosactivo` tinyint(1) NOT NULL DEFAULT 1,
  `tiposavisosmetodo` varchar(20) DEFAULT 'in-app',
  PRIMARY KEY (`idtiposavisos`),
  UNIQUE KEY `tiposavisoscodigo_UNIQUE` (`tiposavisoscodigo`)
) ENGINE=InnoDB AUTO_INCREMENT=7 DEFAULT CHARSET=utf8mb4 COLLATE=utf8mb4_unicode_ci;

INSERT INTO `tiposavisos` VALUES(1,'BLOGS','Boletín Agrícola (Blogs)','Artículos, trucos y guías semanales.',1,'email');
INSERT INTO `tiposavisos` VALUES(2,'TAREAS','Tareas del Huerto','Alertas de tareas como riego o poda.',1,'in-app');
INSERT INTO `tiposavisos` VALUES(3,'BIODINAMICA','Alertas Biodinámicas','Avisos de cambio de ciclo lunar (Raíz, Hoja...).',1,'in-app');
INSERT INTO `tiposavisos` VALUES(4,'METEO','Alertas Meteorológicas','Alerta temprana de heladas o tormentas.',1,'in-app');
INSERT INTO `tiposavisos` VALUES(5,'PROMO','Novedades y Promociones','Ofertas de planes y publicidad de partners.',1,'in-app');
INSERT INTO `tiposavisos` VALUES(6,'SISTEMA','Alertas de Sistema','Avisos de cuenta, seguridad o pagos.',1,'in-app');

DROP TABLE IF EXISTS `usuarios`;
CREATE TABLE `usuarios` (
  `idusuarios` int(11) NOT NULL AUTO_INCREMENT,
  `usuariosnombre` varchar(100) NOT NULL,
  `usuariosnombreusuario` varchar(100) DEFAULT NULL,
  `usuariosapellidos` varchar(255) NOT NULL,
  `usuariosemail` varchar(150) NOT NULL,
  `usuarioscontrasena` varchar(255) NOT NULL,
  `usuariosroles` varchar(255) NOT NULL,
  `usuariosfechacreacion` timestamp NOT NULL DEFAULT current_timestamp(),
  `usuariospais` varchar(100) DEFAULT NULL,
  `usuarioscodigopostal` varchar(20) DEFAULT NULL,
  `usuariospoblacion` varchar(150) DEFAULT NULL,
  `usuarioslatitud` decimal(10,8) DEFAULT NULL,
  `usuarioslongitud` decimal(11,8) DEFAULT NULL,
  `usuariosfechadenacimiento` date DEFAULT NULL,
  `usuariossexo` varchar(20) DEFAULT NULL,
  `usuariosicono` varchar(100) DEFAULT 'mdi-account-circle',
  `usuariospoliticaprivacidad` tinyint(1) DEFAULT 0,
  `usuariosfechaprivacidad` timestamp NULL DEFAULT NULL,
  `usuariosemailverificado` tinyint(1) DEFAULT 0,
  `usuariosactivo` tinyint(1) NOT NULL DEFAULT 1,
  `usuariosfechainactivo` timestamp NULL DEFAULT NULL,
  `usuarioshasdisfrutadopremium` tinyint(4) NOT NULL DEFAULT 0,
  `usuarios_stripe_customer_id` varchar(255) DEFAULT NULL,
  `usuarios_paypal_payer_id` varchar(255) DEFAULT NULL,
  `usuariosestadocuenta` enum('activa','inactiva','pausada','borrado_pendiente','anonimizada','revision_manual') NOT NULL DEFAULT 'activa',
  `usuariossuspensionfin` datetime DEFAULT NULL,
  `usuariosfechasolicitudborrado` datetime DEFAULT NULL,
  `usuarioscontadorcancelaciones` int(11) NOT NULL DEFAULT 0,
  `usuariosfechapimeracancelacion` datetime DEFAULT NULL,
  `usuariosdomicilio` varchar(255) DEFAULT NULL,
  `usuariostelefono` varchar(20) DEFAULT NULL,
  `usuarioszonaclimatica` varchar(500) DEFAULT NULL,
  `usuariostipocalendario` enum('Normal','Lunar','Biodinámico') DEFAULT 'Normal',
  `usuariosconsentimientofoto` tinyint(1) DEFAULT NULL,
  `usuariosespruebasuscripcion` tinyint(1) DEFAULT 0,
  `usuariostipolaboreo` enum('Convencional','Mínimo','No laboreo') DEFAULT 'Convencional',
  PRIMARY KEY (`idusuarios`),
  UNIQUE KEY `email` (`usuariosemail`)
) ENGINE=InnoDB AUTO_INCREMENT=41 DEFAULT CHARSET=utf8mb4 COLLATE=utf8mb4_unicode_ci;

INSERT INTO `usuarios` VALUES(1,'Juan','jadoctor','Illueca Sanchis','jaillueca@gmail.com','$2y$10$4WYBI2EV9aiiwLVig25BguL3jEw6Oa1hzZKzCN5JnuGHNmS5vD75G','superadministrador','2026-04-02 15:28:24','Espa+','03720','Benissa','38.71492000','0.04849000','2010-01-24','Hombre',NULL,1,'2026-04-18 19:05:03',0,1,NULL,0,NULL,NULL,'',NULL,NULL,0,NULL,NULL,NULL,NULL,'Lunar',1,0,'Convencional');
INSERT INTO `usuarios` VALUES(2,'Pedro','Pedro','Labrador','pedro@agricola.com','$2y$10$IIkXyJXiD.cTY.Swko6xPuYW7ldjFtKVB/awEWHaXsYySOzp53QEW','usuario','2026-04-02 15:40:02','Espa+','03720','Benissa','38.71492000','0.04849000',NULL,NULL,'',1,'2026-04-20 12:26:44',0,1,NULL,0,NULL,NULL,'activa',NULL,NULL,0,'2026-04-22 14:46:55',NULL,NULL,NULL,'Normal',NULL,1,'Convencional');
INSERT INTO `usuarios` VALUES(3,'Maria','Maria','Torres','maria@agricola.com','$2y$10$gF0MfqaYFPTQxGG0F6o.kOmp5PqeMXGQ6DYJ8X6AFfItt2ksL21d.','b+','2026-04-02 15:40:02',NULL,NULL,NULL,NULL,NULL,NULL,NULL,'??',0,NULL,0,1,NULL,0,NULL,NULL,'activa',NULL,NULL,0,NULL,NULL,NULL,NULL,'Normal',NULL,0,'Convencional');
INSERT INTO `usuarios` VALUES(4,'Carlos','Carlos','Huerta','carlos@agricola.com','$2y$10$gF0MfqaYFPTQxGG0F6o.kOmp5PqeMXGQ6DYJ8X6AFfItt2ksL21d.','b+','2026-04-02 15:40:02',NULL,NULL,NULL,NULL,NULL,NULL,NULL,'??',0,NULL,0,1,NULL,0,NULL,NULL,'activa',NULL,NULL,0,NULL,NULL,NULL,NULL,'Normal',NULL,0,'Convencional');
INSERT INTO `usuarios` VALUES(5,'Campesino1','Campesino1_D+','Marina Alta','denia@huerto.local','$2y$10$MkfifhofH1MiU8p9ReIhaOEeNMdHvU8c50q3FPFN5C47E9z68Exaq','usuario,b+','2026-04-18 18:26:40','Espa+','03700','D+','38.84078000','0.10574000',NULL,NULL,'',0,NULL,0,1,NULL,0,NULL,NULL,'activa',NULL,NULL,0,NULL,NULL,NULL,NULL,'Normal',NULL,0,'Convencional');
INSERT INTO `usuarios` VALUES(6,'Campesino2','Campesino2_J+','Marina Alta','javea@huerto.local','$2y$10$dWe4alivZ8RDX3kpr60wpO8MBcNtn34dvQg4dismJVMA1yN98v9Fq','usuario,b+','2026-04-18 18:26:42','Espa+','03730','J+','38.78333000','0.16667000',NULL,NULL,'',0,NULL,0,1,NULL,0,NULL,NULL,'activa',NULL,NULL,0,NULL,NULL,NULL,NULL,'Normal',NULL,0,'Convencional');
INSERT INTO `usuarios` VALUES(7,'Campesino3','Campesino3_Calpe','Marina Alta','calpe@huerto.local','$2y$10$qz2nOS2XZsxRNrnPRx2YCu7vYlSNp0cRoWl86LTWzTmfl4w0plhBu','usuario,b+','2026-04-18 18:26:44','Espa+','03710','Calpe','38.64470000','0.04450000',NULL,NULL,'',0,NULL,0,1,NULL,0,NULL,NULL,'activa',NULL,NULL,0,NULL,NULL,NULL,NULL,'Normal',NULL,0,'Convencional');
INSERT INTO `usuarios` VALUES(8,'Campesino4','Campesino4_Teulada','Marina Alta','teulada@huerto.local','$2y$10$vYsSldTHHyGZCwJ7ew.qS.LkEsneHGzephGnOyxeN1aSGlHZ7.Zk2','usuario,b+','2026-04-18 18:26:46','Espa+','03724','Teulada','38.72940000','0.10383000',NULL,NULL,'',0,NULL,0,1,NULL,0,NULL,NULL,'activa',NULL,NULL,0,NULL,NULL,NULL,NULL,'Normal',NULL,0,'Convencional');
INSERT INTO `usuarios` VALUES(9,'Campesino5','Campesino5_Benissa','Marina Alta','benissa@huerto.local','$2y$10$qcD78jsPmppE9FqfqKpcAuI1p80l5vDPp/6rmZUTA/rtQYSVQU.mm','usuario,b+','2026-04-18 18:26:48','Espa+','03720','Benissa','38.71492000','0.04849000',NULL,NULL,'',0,NULL,0,1,NULL,0,NULL,NULL,'activa',NULL,NULL,0,NULL,NULL,NULL,NULL,'Normal',NULL,0,'Convencional');
INSERT INTO `usuarios` VALUES(10,'Campesino6','Campesino6_Pego','Marina Alta','pego@huerto.local','$2y$10$zC1/PnLawCkZwbaAmbcjeOXpbIQ73ppJpQsYiWsJsFyBqgcy/.cJG','usuario,b+','2026-04-18 18:26:50','Espa+','03780','Pego','38.84305000','-0.11707000',NULL,NULL,'',0,NULL,0,1,NULL,0,NULL,NULL,'activa',NULL,NULL,0,NULL,NULL,NULL,NULL,'Normal',NULL,0,'Convencional');
INSERT INTO `usuarios` VALUES(11,'Campesino7','Campesino7_Pedreguer','Marina Alta','pedreguer@huerto.local','$2y$10$O89onNYombMQN5gXikSlZe3vZRz/bv.sPxd8JqFd.iLkqNHMZc9L2','usuario,b+','2026-04-18 18:26:52','Espa+','03750','Pedreguer','38.79312000','0.03411000',NULL,NULL,'',0,NULL,0,1,NULL,0,NULL,NULL,'activa',NULL,NULL,0,NULL,NULL,NULL,NULL,'Normal',NULL,0,'Convencional');
INSERT INTO `usuarios` VALUES(12,'Campesino8','Campesino8_Ondara','Marina Alta','ondara@huerto.local','$2y$10$sz3IuGjCWzqkV54o7gxs2O.tXFc.5LkaTtGTLocRRtCmBFnYUUXSe','usuario,b+','2026-04-18 18:26:53','Espa+','03760','Ondara','38.82817000','0.01720000',NULL,NULL,'',0,NULL,0,1,NULL,0,NULL,NULL,'activa',NULL,NULL,0,NULL,NULL,NULL,NULL,'Normal',NULL,0,'Convencional');
INSERT INTO `usuarios` VALUES(13,'Campesino9','Campesino9_Gata de Gorgos','Marina Alta','gatadegorgos@huerto.local','$2y$10$XsAXO9AHWIzPFmr3f0OVD.ITcwfWe272ykxJk4R7Ymte0HxqMBwB2','usuario,b+','2026-04-18 18:26:55','Espa+','03740','Gata de Gorgos','38.77443000','0.08538000',NULL,NULL,'',0,NULL,0,1,NULL,0,NULL,NULL,'activa',NULL,NULL,0,NULL,NULL,NULL,NULL,'Normal',NULL,0,'Convencional');
INSERT INTO `usuarios` VALUES(14,'Campesino10','Campesino10_El Verger','Marina Alta','elverger@huerto.local','$2y$10$UOdX8k8z7L6aY8utcUzHfuL74BoRJ.eCJ1OvsS3hbWQejKQZI78ma','usuario,b+','2026-04-18 18:26:57','Espa+','03770','El Verger','38.84709000','0.01034000',NULL,NULL,'',0,NULL,0,1,NULL,0,NULL,NULL,'activa',NULL,NULL,0,NULL,NULL,NULL,NULL,'Normal',NULL,0,'Convencional');
INSERT INTO `usuarios` VALUES(33,'','yd07hg1gjf','','yd07hg1gjf@ruutukf.com','firebase_auth','visitante','2026-05-25 16:20:37',NULL,NULL,NULL,NULL,NULL,NULL,NULL,'mdi-account-circle',0,NULL,0,1,NULL,0,NULL,NULL,'activa',NULL,NULL,0,NULL,NULL,NULL,NULL,'Normal',NULL,0,'Convencional');
INSERT INTO `usuarios` VALUES(34,'juan','l263ipoc88','','l263ipoc88@gmeenramy.com','firebase_auth','visitante','2026-05-25 16:21:55','España','03720','Benissa',NULL,NULL,'1969-05-19',NULL,'mdi-account-circle',0,NULL,0,1,NULL,0,NULL,NULL,'activa',NULL,NULL,0,NULL,NULL,NULL,NULL,'Normal',NULL,0,'Convencional');
INSERT INTO `usuarios` VALUES(35,'juan','pabewix848','','pabewix848@nriza.com','firebase_auth','usuario','2026-05-25 16:31:30','España','00043','Pobla de Massaluca, La',NULL,NULL,'1969-05-19',NULL,'mdi-account-circle',0,NULL,0,1,NULL,0,NULL,NULL,'activa',NULL,NULL,0,NULL,NULL,NULL,NULL,'Normal',NULL,0,'Convencional');
INSERT INTO `usuarios` VALUES(36,'','biteh62700','','biteh62700@nuitx.com','firebase_auth','visitante','2026-05-25 19:00:48',NULL,NULL,NULL,NULL,NULL,NULL,NULL,'mdi-account-circle',0,NULL,0,1,NULL,0,NULL,NULL,'activa',NULL,NULL,0,NULL,NULL,NULL,NULL,'Normal',NULL,0,'Convencional');
INSERT INTO `usuarios` VALUES(37,'Juan','gakemim547','','gakemim547@okcpress.com','firebase_auth','visitante','2026-05-25 19:02:31','España','03720','Benissa',NULL,NULL,'1936-05-25','Hombre','🍄',0,NULL,0,1,NULL,0,NULL,NULL,'activa',NULL,NULL,0,NULL,NULL,NULL,NULL,'Normal',NULL,0,'Convencional');
INSERT INTO `usuarios` VALUES(38,'','centromedicoillueca','','centromedicoillueca@gmail.com','firebase_auth','visitante','2026-05-30 09:17:33',NULL,NULL,NULL,NULL,NULL,NULL,NULL,'mdi-account-circle',0,NULL,0,1,NULL,0,NULL,NULL,'activa',NULL,NULL,0,NULL,NULL,NULL,NULL,'Normal',NULL,0,'Convencional');
INSERT INTO `usuarios` VALUES(39,'','bc89gvs3se','','bc89gvs3se@bwmyga.com','firebase_auth','visitante','2026-05-30 09:31:06',NULL,NULL,NULL,NULL,NULL,NULL,NULL,'mdi-account-circle',0,NULL,0,1,NULL,0,NULL,NULL,'activa',NULL,NULL,0,NULL,NULL,NULL,NULL,'Normal',NULL,0,'Convencional');
INSERT INTO `usuarios` VALUES(40,'Laura','nifiw81007','','nifiw81007@hitzcart.com','firebase_auth','usuario','2026-05-30 09:32:37','España','03720','Benissa',NULL,NULL,'1969-05-10',NULL,NULL,0,NULL,1,1,NULL,0,NULL,NULL,'activa',NULL,NULL,0,NULL,NULL,NULL,NULL,'Normal',NULL,1,'Convencional');

DROP TABLE IF EXISTS `usuarios_passkeys`;
CREATE TABLE `usuarios_passkeys` (
  `id` int(11) NOT NULL AUTO_INCREMENT,
  `userEmail` varchar(255) NOT NULL,
  `credentialID` varchar(500) NOT NULL,
  `publicKey` text NOT NULL,
  `counter` bigint(20) NOT NULL DEFAULT 0,
  `transports` varchar(255) DEFAULT NULL,
  `createdAt` timestamp NULL DEFAULT current_timestamp(),
  PRIMARY KEY (`id`),
  UNIQUE KEY `credentialID` (`credentialID`(255))
) ENGINE=InnoDB AUTO_INCREMENT=7 DEFAULT CHARSET=utf8mb4 COLLATE=utf8mb4_0900_ai_ci;

INSERT INTO `usuarios_passkeys` VALUES(1,'centromedicoillueca@gmail.com','ZTQtRzNoTmZwb2RVS1RqUlRUZF9RQQ','pQECAyYgASFYIEUFF5bvtJ+c3ABCrR1fVz4g/F4iWCVpr6cw5UxPUdwgIlggBJBiLfoetFgc/NV1D49Rd3zRLG37jnJ3o82H77fGRcw=',0,'hybrid,internal','2026-04-25 18:01:08');
INSERT INTO `usuarios_passkeys` VALUES(2,'centromedicoillueca@gmail.com','VU5zeXpvaWltVFJ5di00RmlOTFpiQQ','pQECAyYgASFYIODOafZTKI7K5vwbDwigiwYYvPyGvssPgqEHcofzqvLtIlggK6UxNqvIeGRt3G/M0ZJS8zxDEOXpvkETKn7xk1YwzT4=',0,'hybrid,internal','2026-04-25 18:02:23');
INSERT INTO `usuarios_passkeys` VALUES(3,'centromedicoillueca@gmail.com','ekRxaXNrUkZQQ0tKLWNNcThzNmYzQQ','pQECAyYgASFYIATSaFyBRuhDJl4j+PsvVV95i7p8ktXLKbddHPaW9EbjIlggv5OVDbd+BwcEeXzryZHlJ2YmKgg8NdjWj5Ekcdjja7k=',0,'hybrid,internal','2026-04-25 18:56:22');
INSERT INTO `usuarios_passkeys` VALUES(4,'jaillueca@gmail.com','X3o1b2FEbFFjQ2ZoMGpEMnZSbkRpUQ','pQECAyYgASFYIEZ7l7OqpUdjDbkrbLAXjlpxA6o2Jk+MmFa4mImFshgWIlggfmQmCZFfHnkCNIck48hVg1ZcOEi2T4r8h9YEadsumMg=',0,'hybrid,internal','2026-04-26 20:06:25');
INSERT INTO `usuarios_passkeys` VALUES(5,'jaillueca@gmail.com','a19NQzNaU19MYTN4NDZQN1k2b3Fsdw','pQECAyYgASFYIF5atn5Fz/m10P64e9gRlfruVHrYk8FSkSTfsFPXO27SIlggiiPmQv4Hb8DtRtQxoP4S9ZWuAOrDBuLJI1rV9uYBqaE=',0,'hybrid,internal','2026-04-27 09:48:35');
INSERT INTO `usuarios_passkeys` VALUES(6,'jaillueca@gmail.com','VlhFSHpLS3FaaWxTSnh6LXFGZTJyUQ','pQECAyYgASFYIG2NfVgsge2yI2s6NgvBvrO0glLF/4WIqCSpOVzmYEbdIlggZ56mClLsQ9PrIDTdtY8/1tHywOX+SKWMcgRXD8sMIdw=',0,'hybrid,internal','2026-04-29 12:32:05');

DROP TABLE IF EXISTS `usuariosavisos`;
CREATE TABLE `usuariosavisos` (
  `idusuariosavisos` int(11) NOT NULL AUTO_INCREMENT,
  `xusuariosavisosidusuarios` int(11) NOT NULL,
  `xusuariosavisosidtiposavisos` int(11) NOT NULL,
  `usuariosavisosactivo` tinyint(1) NOT NULL DEFAULT 1,
  PRIMARY KEY (`idusuariosavisos`),
  UNIQUE KEY `usu_aviso_UNIQUE` (`xusuariosavisosidusuarios`,`xusuariosavisosidtiposavisos`)
) ENGINE=InnoDB AUTO_INCREMENT=9 DEFAULT CHARSET=utf8mb4 COLLATE=utf8mb4_unicode_ci;

INSERT INTO `usuariosavisos` VALUES(1,1,0,0);
INSERT INTO `usuariosavisos` VALUES(3,1,1,0);

DROP TABLE IF EXISTS `usuariosavisoslabores`;
CREATE TABLE `usuariosavisoslabores` (
  `idusuariosavisoslabores` int(11) NOT NULL AUTO_INCREMENT,
  `xusuariosavisoslaboresidusuarios` int(11) NOT NULL,
  `xusuariosavisoslaboresidlabores` int(11) NOT NULL,
  `usuariosavisoslaboresactivo` tinyint(1) NOT NULL DEFAULT 1 COMMENT '0: Silenciado, 1: Activo',
  PRIMARY KEY (`idusuariosavisoslabores`),
  UNIQUE KEY `user_labor_UNIQUE` (`xusuariosavisoslaboresidusuarios`,`xusuariosavisoslaboresidlabores`)
) ENGINE=InnoDB DEFAULT CHARSET=utf8mb4 COLLATE=utf8mb4_unicode_ci;

DROP TABLE IF EXISTS `usuarioscancelaciones`;
CREATE TABLE `usuarioscancelaciones` (
  `idusuarioscancelaciones` int(11) NOT NULL AUTO_INCREMENT,
  `xusuarioscancelacionesidusuarios` int(11) NOT NULL,
  `usuarioscancelacionesfechasolicitud` datetime NOT NULL,
  `usuarioscancelacionesmotivocancelacion` text DEFAULT NULL,
  `usuarioscancelacionesfechareactivacion` datetime DEFAULT NULL,
  `usuarioscancelacionesfechaborradodefinitivo` datetime NOT NULL,
  PRIMARY KEY (`idusuarioscancelaciones`),
  KEY `xusuarioscancelacionesidusuarios` (`xusuarioscancelacionesidusuarios`)
) ENGINE=InnoDB AUTO_INCREMENT=4 DEFAULT CHARSET=utf8mb4 COLLATE=utf8mb4_general_ci;

INSERT INTO `usuarioscancelaciones` VALUES(1,2,'2026-04-22 14:46:55','Voy a crear una cuenta nueva','2026-04-22 14:46:57','2026-05-22 14:46:55');
INSERT INTO `usuarioscancelaciones` VALUES(2,2,'2026-04-22 14:48:12','Problemas t+','2026-04-22 14:48:15','2026-05-22 14:48:12');
INSERT INTO `usuarioscancelaciones` VALUES(3,2,'2026-04-22 15:02:47','Registro recuperado por el sistema (Causa del bloqueo)',NULL,'0000-00-00 00:00:00');

DROP TABLE IF EXISTS `usuariosdenuncias`;
CREATE TABLE `usuariosdenuncias` (
  `iddenuncia` int(11) NOT NULL AUTO_INCREMENT,
  `xidusuariosdenunciante` int(11) NOT NULL,
  `xidusuariosdenunciado` int(11) NOT NULL,
  `xidchatconversaciones` int(11) DEFAULT NULL,
  `usuariosdenunciamotivo` text NOT NULL,
  `usuariosdenunciafecha` datetime DEFAULT current_timestamp(),
  `usuariosdenunciaestado` enum('pendiente','revisada','desestimada') DEFAULT 'pendiente',
  `usuariosdenunciaurgente` tinyint(1) DEFAULT 1,
  `usuariosdenuncianotasadmin` text DEFAULT NULL,
  `usuariosdenunciaresolucion` varchar(80) DEFAULT NULL,
  `usuariosdenunciafecharevisada` datetime DEFAULT NULL,
  `xidusuariosrevisor` int(11) DEFAULT NULL,
  PRIMARY KEY (`iddenuncia`),
  KEY `xidusuariosdenunciante` (`xidusuariosdenunciante`),
  KEY `xidusuariosdenunciado` (`xidusuariosdenunciado`),
  CONSTRAINT `usuariosdenuncias_ibfk_1` FOREIGN KEY (`xidusuariosdenunciante`) REFERENCES `usuarios` (`idusuarios`),
  CONSTRAINT `usuariosdenuncias_ibfk_2` FOREIGN KEY (`xidusuariosdenunciado`) REFERENCES `usuarios` (`idusuarios`)
) ENGINE=InnoDB AUTO_INCREMENT=2 DEFAULT CHARSET=utf8mb4 COLLATE=utf8mb4_general_ci;

INSERT INTO `usuariosdenuncias` VALUES(1,2,1,5,'es  un pringao','2026-04-22 16:13:12','revisada',1,NULL,'restriccion_chat_7d','2026-04-22 17:41:03',1);

DROP TABLE IF EXISTS `usuariosdenunciassanciones`;
CREATE TABLE `usuariosdenunciassanciones` (
  `idsancion` int(11) NOT NULL AUTO_INCREMENT,
  `xidsancioniddenuncia` int(11) NOT NULL,
  `xidsancionidusuario` int(11) NOT NULL,
  `sanciontipo` varchar(50) NOT NULL,
  `sancionfechainicio` datetime NOT NULL DEFAULT current_timestamp(),
  `sancionfechafin` datetime DEFAULT NULL,
  `sancionactiva` tinyint(1) NOT NULL DEFAULT 1,
  `sancionfechacierre` datetime DEFAULT NULL,
  `xidsancionidusuariocierre` int(11) DEFAULT NULL,
  `xidsancionpadre` int(11) DEFAULT NULL,
  PRIMARY KEY (`idsancion`),
  KEY `idx_usuario` (`xidsancionidusuario`),
  KEY `idx_denuncia` (`xidsancioniddenuncia`),
  KEY `idx_activa` (`sancionactiva`),
  KEY `idx_fechafin` (`sancionfechafin`)
) ENGINE=InnoDB AUTO_INCREMENT=5 DEFAULT CHARSET=utf8mb4 COLLATE=utf8mb4_unicode_ci;

INSERT INTO `usuariosdenunciassanciones` VALUES(1,1,1,'restriccion_chat_7d','2026-04-22 17:41:03','2026-04-29 17:41:03',0,NULL,NULL,NULL);
INSERT INTO `usuariosdenunciassanciones` VALUES(2,1,1,'bloqueo_contacto_30d','2026-04-22 18:50:40','2026-05-22 18:50:40',0,NULL,NULL,NULL);
INSERT INTO `usuariosdenunciassanciones` VALUES(3,1,1,'restriccion_chat_7d','2026-04-22 20:31:48','2026-04-29 20:31:48',0,'2026-04-22 20:32:07',1,NULL);
INSERT INTO `usuariosdenunciassanciones` VALUES(4,1,1,'restriccion_chat_7d','2026-04-22 20:32:07','2026-04-25 20:32:07',1,NULL,NULL,3);

DROP TABLE IF EXISTS `usuarioslogros`;
CREATE TABLE `usuarioslogros` (
  `idusuarioslogros` int(11) NOT NULL AUTO_INCREMENT,
  `xusuarioslogrosidusuarios` int(11) NOT NULL,
  `xusuarioslogrosidlogros` int(11) NOT NULL,
  `usuarioslogrosfechainicio` timestamp NULL DEFAULT current_timestamp(),
  `usuarioslogrosfechafin` timestamp NULL DEFAULT NULL,
  PRIMARY KEY (`idusuarioslogros`),
  KEY `xusuarioslogrosidusuarios` (`xusuarioslogrosidusuarios`),
  KEY `xusuarioslogrosidlogros` (`xusuarioslogrosidlogros`),
  CONSTRAINT `usuarioslogros_ibfk_1` FOREIGN KEY (`xusuarioslogrosidusuarios`) REFERENCES `usuarios` (`idusuarios`) ON DELETE CASCADE,
  CONSTRAINT `usuarioslogros_ibfk_2` FOREIGN KEY (`xusuarioslogrosidlogros`) REFERENCES `logros` (`idlogros`) ON DELETE CASCADE
) ENGINE=InnoDB AUTO_INCREMENT=16 DEFAULT CHARSET=utf8mb4 COLLATE=utf8mb4_unicode_ci;

INSERT INTO `usuarioslogros` VALUES(6,33,1,'2026-05-25 16:20:37',NULL);
INSERT INTO `usuarioslogros` VALUES(7,34,1,'2026-05-25 16:21:55',NULL);
INSERT INTO `usuarioslogros` VALUES(8,35,1,'2026-05-25 16:31:30','2026-05-25 16:32:57');
INSERT INTO `usuarioslogros` VALUES(9,35,2,'2026-05-25 16:32:57',NULL);
INSERT INTO `usuarioslogros` VALUES(10,36,1,'2026-05-25 19:00:48',NULL);
INSERT INTO `usuarioslogros` VALUES(11,37,1,'2026-05-25 19:02:31',NULL);
INSERT INTO `usuarioslogros` VALUES(12,38,1,'2026-05-30 09:17:33',NULL);
INSERT INTO `usuarioslogros` VALUES(13,39,1,'2026-05-30 09:31:06',NULL);
INSERT INTO `usuarioslogros` VALUES(14,40,1,'2026-05-30 09:32:37','2026-05-30 09:59:17');
INSERT INTO `usuarioslogros` VALUES(15,40,2,'2026-05-30 09:59:17',NULL);

DROP TABLE IF EXISTS `usuariospagos`;
CREATE TABLE `usuariospagos` (
  `idusuariospagos` int(11) NOT NULL AUTO_INCREMENT,
  `xusuariospagositdusuarios` int(11) NOT NULL,
  `xusuariospagositdusuariossuscripciones` int(11) DEFAULT NULL,
  `usuariospagosimporte` decimal(6,2) NOT NULL DEFAULT 0.00,
  `usuariospagosmetodopago` enum('stripe_tarjeta','stripe_googlepay','paypal') NOT NULL,
  `usuariospagospasarelatransaccionid` varchar(255) DEFAULT NULL,
  `usuariospagosfechapago` datetime NOT NULL,
  `usuariospagosestadopago` enum('completado','fallido','reembolsado') NOT NULL DEFAULT 'completado',
  PRIMARY KEY (`idusuariospagos`),
  KEY `idx_pagos_usuario` (`xusuariospagositdusuarios`),
  KEY `idx_pagos_fecha` (`usuariospagosfechapago`),
  KEY `fk_pagos_suscripcion` (`xusuariospagositdusuariossuscripciones`),
  CONSTRAINT `fk_pagos_suscripcion` FOREIGN KEY (`xusuariospagositdusuariossuscripciones`) REFERENCES `usuariossuscripciones` (`idusuariossuscripciones`) ON DELETE SET NULL,
  CONSTRAINT `fk_pagos_usuario` FOREIGN KEY (`xusuariospagositdusuarios`) REFERENCES `usuarios` (`idusuarios`) ON DELETE CASCADE
) ENGINE=InnoDB DEFAULT CHARSET=utf8mb4 COLLATE=utf8mb4_unicode_ci;

DROP TABLE IF EXISTS `usuariossuscripciones`;
CREATE TABLE `usuariossuscripciones` (
  `idusuariossuscripciones` int(11) NOT NULL AUTO_INCREMENT,
  `xusuariossuscripcionesidsuscripciones` int(11) NOT NULL,
  `xusuariossuscripcionesidusuarios` int(11) NOT NULL,
  `usuariossuscripcionesfechainicio` datetime NOT NULL,
  `usuariossuscripcionesfechafin` datetime DEFAULT NULL,
  `usuariossuscripcionesestado` enum('activa','cancelada','finalizada','degradacion_fase1','degradacion_fase2','degradacion_fase3') NOT NULL DEFAULT 'activa',
  `usuariossuscripcionesrenovacionautomatica` tinyint(4) NOT NULL DEFAULT 1,
  `usuariossuscripcionesorigen` enum('pago_directo','trial_inicial','degradacion_trial','degradacion_pago','asignado_admin') NOT NULL DEFAULT 'asignado_admin',
  PRIMARY KEY (`idusuariossuscripciones`),
  KEY `idx_ussub_usuario` (`xusuariossuscripcionesidusuarios`),
  KEY `idx_ussub_estado` (`usuariossuscripcionesestado`),
  KEY `fk_ussub_suscripcion` (`xusuariossuscripcionesidsuscripciones`),
  CONSTRAINT `fk_ussub_suscripcion` FOREIGN KEY (`xusuariossuscripcionesidsuscripciones`) REFERENCES `suscripciones` (`idsuscripciones`),
  CONSTRAINT `fk_ussub_usuario` FOREIGN KEY (`xusuariossuscripcionesidusuarios`) REFERENCES `usuarios` (`idusuarios`) ON DELETE CASCADE
) ENGINE=InnoDB AUTO_INCREMENT=14 DEFAULT CHARSET=utf8mb4 COLLATE=utf8mb4_unicode_ci;

INSERT INTO `usuariossuscripciones` VALUES(1,3,2,'2026-04-22 12:07:43',NULL,'activa',1,'asignado_admin');
INSERT INTO `usuariossuscripciones` VALUES(2,3,1,'2026-04-22 14:50:17','2026-05-18 00:00:00','cancelada',1,'asignado_admin');
INSERT INTO `usuariossuscripciones` VALUES(6,1,1,'2026-05-08 18:04:23',NULL,'cancelada',1,'asignado_admin');
INSERT INTO `usuariossuscripciones` VALUES(7,1,1,'2026-05-08 18:04:23',NULL,'activa',1,'asignado_admin');
INSERT INTO `usuariossuscripciones` VALUES(11,4,35,'2026-05-25 18:32:56','2026-06-24 18:32:56','activa',1,'asignado_admin');
INSERT INTO `usuariossuscripciones` VALUES(12,4,40,'2026-05-30 11:59:18','2026-06-29 11:59:18','activa',1,'trial_inicial');
INSERT INTO `usuariossuscripciones` VALUES(13,1,40,'2026-05-30 07:32:37','2026-05-30 09:59:18','finalizada',1,'asignado_admin');

DROP TABLE IF EXISTS `variedades`;
CREATE TABLE `variedades` (
  `idvariedades` int(11) NOT NULL AUTO_INCREMENT,
  `xvariedadesidoriginal` int(11) DEFAULT NULL,
  `xvariedadesidespecies` int(11) DEFAULT NULL,
  `variedadesnombre` varchar(150) NOT NULL,
  `variedadesdescripcion` text DEFAULT NULL,
  `variedadescolor` varchar(50) DEFAULT NULL,
  `variedadestamano` enum('pequeno','mediano','grande') DEFAULT 'mediano',
  `variedadesfechacreacion` timestamp NOT NULL DEFAULT current_timestamp(),
  `variedadesdiasgerminacion` int(11) DEFAULT NULL,
  `variedadesviabilidadsemilla` decimal(8,2) DEFAULT NULL,
  `variedadespeso1000semillas` decimal(10,3) DEFAULT NULL,
  `variedadesdiashastafructificacion` int(11) DEFAULT NULL,
  `variedadestemperaturaminima` decimal(8,2) DEFAULT NULL,
  `variedadestemperaturaoptima` decimal(8,2) DEFAULT NULL,
  `variedadesmarcoplantas` decimal(8,2) DEFAULT NULL,
  `variedadesmarcofilas` decimal(8,2) DEFAULT NULL,
  `variedadesprofundidadsiembra` decimal(8,2) DEFAULT NULL,
  `variedadeshistoria` text DEFAULT NULL,
  `variedadessemillerodesde` int(11) DEFAULT NULL,
  `variedadessemillerohasta` int(11) DEFAULT NULL,
  `variedadessiembradirectadesde` int(11) DEFAULT NULL,
  `variedadessiembradirectahasta` int(11) DEFAULT NULL,
  `variedadestrasplantedesde` int(11) DEFAULT NULL,
  `variedadestrasplantehasta` int(11) DEFAULT NULL,
  `variedadesrecolecciondesde` int(11) DEFAULT NULL,
  `variedadesrecoleccionhasta` int(11) DEFAULT NULL,
  `xvariedadesidusuarios` int(11) DEFAULT NULL,
  `variedadesvisibilidadsino` tinyint(1) DEFAULT 1,
  `variedadesautosuficiencia` decimal(8,2) DEFAULT NULL,
  `variedadesautosuficienciaconserva` decimal(8,2) DEFAULT NULL,
  `variedadesesgenerica` tinyint(1) DEFAULT 0,
  `variedadesdiashastatrasplante` int(11) DEFAULT NULL,
  `variedadesdiashastarecoleccion` int(11) DEFAULT NULL,
  `variedadesautosuficienciaparcial` decimal(10,2) DEFAULT NULL,
  `variedadesicono` varchar(20) DEFAULT NULL,
  `variedadesbiodinamicacategoria` varchar(50) DEFAULT NULL,
  `variedadesbiodinamicanotas` text DEFAULT NULL,
  `variedadesprofundidadtrasplante` varchar(50) DEFAULT NULL,
  `variedadesphsuelo` varchar(50) DEFAULT NULL,
  `variedadesnecesidadriego` varchar(50) DEFAULT NULL,
  `variedadestiposiembra` varchar(255) DEFAULT NULL,
  `variedadestiposiembrapreferente` varchar(255) DEFAULT NULL,
  `variedadesvolumenmaceta` int(11) DEFAULT NULL,
  `variedadesluzsolar` varchar(50) DEFAULT NULL,
  `variedadescaracteristicassuelo` varchar(255) DEFAULT NULL,
  `variedadesdificultad` varchar(50) DEFAULT NULL,
  `variedadestemperaturamaxima` int(11) DEFAULT NULL,
  `variedadesnombrecientifico` varchar(255) DEFAULT NULL,
  `variedadesfamilia` varchar(255) DEFAULT NULL,
  `variedadestipo` text DEFAULT NULL,
  `variedadesciclo` text DEFAULT NULL,
  `xvariedadesidvariedadorigen` int(11) DEFAULT NULL,
  `variedadeslunarfasesiembra` varchar(100) DEFAULT NULL,
  `variedadeslunarfasetrasplante` varchar(100) DEFAULT NULL,
  `variedadeslunarobservaciones` text DEFAULT NULL,
  `variedadesbiodinamicafasesiembra` varchar(100) DEFAULT NULL,
  `variedadesbiodinamicafasetrasplante` varchar(100) DEFAULT NULL,
  `variedadesdiascrecimientofirme` int(11) DEFAULT NULL,
  `variedadesduraciontotal` int(11) DEFAULT NULL,
  PRIMARY KEY (`idvariedades`),
  KEY `especie_id` (`xvariedadesidespecies`),
  KEY `idx_variedades_usuario` (`xvariedadesidusuarios`),
  KEY `idx_variedades_origen` (`xvariedadesidvariedadorigen`),
  CONSTRAINT `fk_variedades_origen` FOREIGN KEY (`xvariedadesidvariedadorigen`) REFERENCES `variedades` (`idvariedades`) ON DELETE SET NULL,
  CONSTRAINT `fk_variedades_usuario` FOREIGN KEY (`xvariedadesidusuarios`) REFERENCES `usuarios` (`idusuarios`) ON DELETE CASCADE,
  CONSTRAINT `variedades_ibfk_1` FOREIGN KEY (`xvariedadesidespecies`) REFERENCES `especies` (`idespecies`) ON DELETE CASCADE
) ENGINE=InnoDB AUTO_INCREMENT=137 DEFAULT CHARSET=utf8mb4 COLLATE=utf8mb4_general_ci;

INSERT INTO `variedades` VALUES(1,NULL,3,'Valenciano gordal','','Rojo','mediano','2026-04-02 11:23:18',8,'5.00',NULL,NULL,NULL,NULL,NULL,NULL,NULL,'',2,4,4,5,4,6,7,11,NULL,1,NULL,NULL,0,NULL,NULL,NULL,NULL,NULL,NULL,NULL,NULL,NULL,NULL,NULL,NULL,NULL,NULL,NULL,NULL,NULL,NULL,NULL,NULL,NULL,NULL,NULL,NULL,NULL,NULL,NULL,NULL);
INSERT INTO `variedades` VALUES(2,NULL,3,'Cherry','\n','Rojo','pequeno','2026-04-02 07:23:31',NULL,NULL,NULL,NULL,NULL,NULL,NULL,NULL,NULL,NULL,NULL,NULL,4,NULL,NULL,NULL,NULL,NULL,NULL,1,NULL,NULL,0,NULL,NULL,NULL,NULL,NULL,NULL,NULL,NULL,NULL,NULL,NULL,NULL,NULL,NULL,NULL,NULL,NULL,NULL,NULL,NULL,NULL,NULL,NULL,NULL,NULL,NULL,NULL,NULL);
INSERT INTO `variedades` VALUES(3,NULL,3,'Raf','Tomate asurcado de sabor intenso. Tipico de Almeria. [NOTA: Calendario Espec+','Verde-Rojo','grande','2026-04-02 11:23:31',8,'1.00',NULL,NULL,NULL,NULL,NULL,NULL,NULL,NULL,8,10,4,5,9,11,12,5,NULL,1,NULL,NULL,0,NULL,NULL,NULL,NULL,NULL,NULL,NULL,NULL,NULL,NULL,NULL,NULL,NULL,NULL,NULL,NULL,NULL,NULL,NULL,NULL,NULL,NULL,NULL,NULL,NULL,NULL,NULL,NULL);
INSERT INTO `variedades` VALUES(4,NULL,3,'Corazon de Buey','Tomate grande, acorazonado, poca semilla. Ideal para rodajas.','Rosa-Rojo','grande','2026-04-02 11:23:31',7,'5.00',NULL,NULL,NULL,NULL,NULL,NULL,NULL,NULL,2,4,4,5,4,6,7,11,NULL,1,NULL,NULL,0,NULL,NULL,NULL,NULL,NULL,NULL,NULL,NULL,NULL,NULL,NULL,NULL,NULL,NULL,NULL,NULL,NULL,NULL,NULL,NULL,NULL,NULL,NULL,NULL,NULL,NULL,NULL,NULL);
INSERT INTO `variedades` VALUES(5,NULL,3,'Kumato','Tomate oscuro de piel fina y sabor concentrado.','Marron-Verde','mediano','2026-04-02 11:23:31',8,'5.00',NULL,NULL,NULL,NULL,NULL,NULL,NULL,NULL,2,4,4,5,4,6,7,11,NULL,1,NULL,NULL,0,NULL,NULL,NULL,NULL,NULL,NULL,NULL,NULL,NULL,NULL,NULL,NULL,NULL,NULL,NULL,NULL,NULL,NULL,NULL,NULL,NULL,NULL,NULL,NULL,NULL,NULL,NULL,NULL);
INSERT INTO `variedades` VALUES(6,NULL,3,'Pera','Tomate alargado ideal para conservas y salsas.','Rojo','mediano','2026-04-02 11:23:31',8,'5.00',NULL,NULL,NULL,NULL,NULL,NULL,NULL,NULL,2,4,4,5,4,6,7,11,NULL,1,NULL,NULL,0,NULL,NULL,NULL,NULL,NULL,NULL,NULL,NULL,NULL,NULL,NULL,NULL,NULL,NULL,NULL,NULL,NULL,NULL,NULL,NULL,NULL,NULL,NULL,NULL,NULL,NULL,NULL,NULL);
INSERT INTO `variedades` VALUES(7,NULL,3,'Rosa de Barbastro','Tomate rosa grande, dulce y carnoso. Variedad aragonesa.','Rosa','grande','2026-04-02 11:23:31',8,'5.00',NULL,NULL,NULL,NULL,NULL,NULL,NULL,NULL,2,4,4,5,4,6,7,11,NULL,1,NULL,NULL,0,NULL,NULL,NULL,NULL,NULL,NULL,NULL,NULL,NULL,NULL,NULL,NULL,NULL,NULL,NULL,NULL,NULL,NULL,NULL,NULL,NULL,NULL,NULL,NULL,NULL,NULL,NULL,NULL);
INSERT INTO `variedades` VALUES(8,NULL,3,'Muchamiel','Variedad tradicional valenciana, asurcado y sabroso. [NOTA: Calendario Espec+','Rojo','grande','2026-04-02 11:23:31',8,'5.00',NULL,NULL,NULL,NULL,NULL,NULL,NULL,NULL,12,2,4,5,2,4,5,8,NULL,1,NULL,NULL,0,NULL,NULL,NULL,NULL,NULL,NULL,NULL,NULL,NULL,NULL,NULL,NULL,NULL,NULL,NULL,NULL,NULL,NULL,NULL,NULL,NULL,NULL,NULL,NULL,NULL,NULL,NULL,NULL);
INSERT INTO `variedades` VALUES(9,NULL,3,'Monterosa','Tomate rosa tipo pata negra, muy cotizado.','Rosa','grande','2026-04-02 11:23:31',8,'5.00',NULL,NULL,NULL,NULL,NULL,NULL,NULL,NULL,2,4,4,5,4,6,7,11,NULL,1,NULL,NULL,0,NULL,NULL,NULL,NULL,NULL,NULL,NULL,NULL,NULL,NULL,NULL,NULL,NULL,NULL,NULL,NULL,NULL,NULL,NULL,NULL,NULL,NULL,NULL,NULL,NULL,NULL,NULL,NULL);
INSERT INTO `variedades` VALUES(10,NULL,3,'Tres Cantos','Variedad clasica espanola, redondo y uniforme.','Rojo','mediano','2026-04-02 11:23:31',8,'5.00',NULL,NULL,NULL,NULL,NULL,NULL,NULL,NULL,2,4,4,5,4,6,7,11,NULL,1,NULL,NULL,0,NULL,NULL,NULL,NULL,NULL,NULL,NULL,NULL,NULL,NULL,NULL,NULL,NULL,NULL,NULL,NULL,NULL,NULL,NULL,NULL,NULL,NULL,NULL,NULL,NULL,NULL,NULL,NULL);
INSERT INTO `variedades` VALUES(11,NULL,3,'Marmande','Tomate achatado y asurcado, carnoso y sabroso. [NOTA: Calendario Espec+','Rojo','grande','2026-04-02 11:23:31',8,'5.00',NULL,NULL,NULL,NULL,NULL,NULL,NULL,NULL,12,2,4,5,2,4,5,8,NULL,1,NULL,NULL,0,NULL,NULL,NULL,NULL,NULL,NULL,NULL,NULL,NULL,NULL,NULL,NULL,NULL,NULL,NULL,NULL,NULL,NULL,NULL,NULL,NULL,NULL,NULL,NULL,NULL,NULL,NULL,NULL);
INSERT INTO `variedades` VALUES(12,NULL,3,'Valenciano Gordal Plus','Tomate tipico valenciano, forma irregular, muy sabroso.','Rojo','mediano','2026-04-02 15:23:20',8,'5.00',NULL,NULL,NULL,NULL,NULL,NULL,NULL,NULL,2,4,4,5,4,6,7,11,NULL,1,NULL,NULL,0,NULL,NULL,NULL,NULL,NULL,NULL,NULL,NULL,NULL,NULL,NULL,NULL,NULL,NULL,NULL,NULL,NULL,NULL,NULL,NULL,NULL,NULL,NULL,NULL,NULL,NULL,NULL,NULL);
INSERT INTO `variedades` VALUES(13,NULL,4,'Pimiento de Padr+',NULL,'Verde','pequeno','2026-04-02 15:57:52',12,'3.00',NULL,NULL,NULL,NULL,NULL,NULL,NULL,NULL,2,4,0,0,4,6,7,10,NULL,1,NULL,NULL,0,NULL,NULL,NULL,NULL,NULL,NULL,NULL,NULL,NULL,NULL,NULL,NULL,NULL,NULL,NULL,NULL,NULL,NULL,NULL,NULL,NULL,NULL,NULL,NULL,NULL,NULL,NULL,NULL);
INSERT INTO `variedades` VALUES(14,NULL,4,'Pimiento Morr+',NULL,'Rojo','grande','2026-04-02 15:57:52',12,'3.00',NULL,NULL,NULL,NULL,NULL,NULL,NULL,NULL,2,4,0,0,4,6,7,10,NULL,1,NULL,NULL,0,NULL,NULL,NULL,NULL,NULL,NULL,NULL,NULL,NULL,NULL,NULL,NULL,NULL,NULL,NULL,NULL,NULL,NULL,NULL,NULL,NULL,NULL,NULL,NULL,NULL,NULL,NULL,NULL);
INSERT INTO `variedades` VALUES(15,NULL,4,'Pimiento Italiano',NULL,'Verde','mediano','2026-04-02 15:57:52',12,'3.00',NULL,NULL,NULL,NULL,NULL,NULL,NULL,NULL,2,4,0,0,4,6,7,10,NULL,1,NULL,NULL,0,NULL,NULL,NULL,NULL,NULL,NULL,NULL,NULL,NULL,NULL,NULL,NULL,NULL,NULL,NULL,NULL,NULL,NULL,NULL,NULL,NULL,NULL,NULL,NULL,NULL,NULL,NULL,NULL);
INSERT INTO `variedades` VALUES(16,NULL,4,'Pimiento del Piquillo',NULL,'Rojo','pequeno','2026-04-02 15:57:52',12,'3.00',NULL,NULL,NULL,NULL,NULL,NULL,NULL,NULL,2,4,0,0,4,6,7,10,NULL,1,NULL,NULL,0,NULL,NULL,NULL,NULL,NULL,NULL,NULL,NULL,NULL,NULL,NULL,NULL,NULL,NULL,NULL,NULL,NULL,NULL,NULL,NULL,NULL,NULL,NULL,NULL,NULL,NULL,NULL,NULL);
INSERT INTO `variedades` VALUES(20,NULL,6,'Babosa',NULL,'Blanca','grande','2026-04-02 15:57:52',10,'2.00',NULL,NULL,NULL,NULL,NULL,NULL,NULL,NULL,12,3,0,0,3,5,6,8,NULL,1,NULL,NULL,0,NULL,NULL,NULL,NULL,NULL,NULL,NULL,NULL,NULL,NULL,NULL,NULL,NULL,NULL,NULL,NULL,NULL,NULL,NULL,NULL,NULL,NULL,NULL,NULL,NULL,NULL,NULL,NULL);
INSERT INTO `variedades` VALUES(21,NULL,6,'Morada de Amposta',NULL,'Morada','grande','2026-04-02 15:57:52',10,'2.00',NULL,NULL,NULL,NULL,NULL,NULL,NULL,NULL,12,3,0,0,3,5,6,8,NULL,1,NULL,NULL,0,NULL,NULL,NULL,NULL,NULL,NULL,NULL,NULL,NULL,NULL,NULL,NULL,NULL,NULL,NULL,NULL,NULL,NULL,NULL,NULL,NULL,NULL,NULL,NULL,NULL,NULL,NULL,NULL);
INSERT INTO `variedades` VALUES(22,NULL,6,'Figueres',NULL,'Rosada','','2026-04-02 15:57:52',10,'2.00',NULL,NULL,NULL,NULL,NULL,NULL,NULL,NULL,12,3,0,0,3,5,6,8,NULL,1,NULL,NULL,0,NULL,NULL,NULL,NULL,NULL,NULL,NULL,NULL,NULL,NULL,NULL,NULL,NULL,NULL,NULL,NULL,NULL,NULL,NULL,NULL,NULL,NULL,NULL,NULL,NULL,NULL,NULL,NULL);
INSERT INTO `variedades` VALUES(23,NULL,6,'Larga de Florencia',NULL,'Roja','','2026-04-02 15:57:52',10,'2.00',NULL,NULL,NULL,NULL,NULL,NULL,NULL,NULL,12,3,0,0,3,5,6,8,NULL,1,NULL,NULL,0,NULL,NULL,NULL,NULL,NULL,NULL,NULL,NULL,NULL,NULL,NULL,NULL,NULL,NULL,NULL,NULL,NULL,NULL,NULL,NULL,NULL,NULL,NULL,NULL,NULL,NULL,NULL,NULL);
INSERT INTO `variedades` VALUES(27,NULL,8,'Romana','','Verde','grande','2026-04-02 15:57:52',7,'5.00',NULL,NULL,NULL,NULL,NULL,NULL,NULL,NULL,2,10,0,0,3,10,3,12,NULL,1,NULL,NULL,0,NULL,NULL,NULL,NULL,NULL,NULL,NULL,NULL,NULL,NULL,NULL,NULL,NULL,NULL,NULL,NULL,NULL,NULL,NULL,NULL,NULL,NULL,NULL,NULL,NULL,NULL,NULL,NULL);
INSERT INTO `variedades` VALUES(28,NULL,8,'Maravilla de Verano','','Verde y Roja',NULL,'2026-04-02 15:57:52',7,'5.00',NULL,NULL,NULL,NULL,NULL,NULL,NULL,NULL,2,10,0,0,3,10,3,12,NULL,1,NULL,NULL,0,NULL,NULL,NULL,NULL,NULL,NULL,NULL,NULL,NULL,NULL,NULL,NULL,NULL,NULL,NULL,NULL,NULL,NULL,NULL,NULL,NULL,NULL,NULL,NULL,NULL,NULL,NULL,NULL);
INSERT INTO `variedades` VALUES(29,NULL,8,'Hoja de Roble',NULL,'Rojiza','','2026-04-02 15:57:52',7,'5.00',NULL,NULL,NULL,NULL,NULL,NULL,NULL,NULL,2,10,0,0,3,10,3,12,NULL,1,NULL,NULL,0,NULL,NULL,NULL,NULL,NULL,NULL,NULL,NULL,NULL,NULL,NULL,NULL,NULL,NULL,NULL,NULL,NULL,NULL,NULL,NULL,NULL,NULL,NULL,NULL,NULL,NULL,NULL,NULL);
INSERT INTO `variedades` VALUES(30,NULL,8,'Iceberg',NULL,'Verde claro','grande','2026-04-02 15:57:52',7,'5.00',NULL,NULL,NULL,NULL,NULL,NULL,NULL,NULL,2,10,0,0,3,10,3,12,NULL,1,NULL,NULL,0,NULL,NULL,NULL,NULL,NULL,NULL,NULL,NULL,NULL,NULL,NULL,NULL,NULL,NULL,NULL,NULL,NULL,NULL,NULL,NULL,NULL,NULL,NULL,NULL,NULL,NULL,NULL,NULL);
INSERT INTO `variedades` VALUES(31,NULL,9,'Nantesa',NULL,'Naranja','','2026-04-02 15:57:52',15,'3.00',NULL,NULL,NULL,NULL,NULL,NULL,NULL,NULL,0,0,2,11,0,0,5,12,NULL,1,NULL,NULL,0,NULL,NULL,NULL,NULL,NULL,NULL,NULL,NULL,NULL,NULL,NULL,NULL,NULL,NULL,NULL,NULL,NULL,NULL,NULL,NULL,NULL,NULL,NULL,NULL,NULL,NULL,NULL,NULL);
INSERT INTO `variedades` VALUES(32,NULL,9,'Chantenay',NULL,'Naranja intensa','','2026-04-02 15:57:52',15,'3.00',NULL,NULL,NULL,NULL,NULL,NULL,NULL,NULL,0,0,2,11,0,0,5,12,NULL,1,NULL,NULL,0,NULL,NULL,NULL,NULL,NULL,NULL,NULL,NULL,NULL,NULL,NULL,NULL,NULL,NULL,NULL,NULL,NULL,NULL,NULL,NULL,NULL,NULL,NULL,NULL,NULL,NULL,NULL,NULL);
INSERT INTO `variedades` VALUES(33,NULL,9,'Morada',NULL,'Morada','','2026-04-02 15:57:52',15,'3.00',NULL,NULL,NULL,NULL,NULL,NULL,NULL,NULL,0,0,2,11,0,0,5,12,NULL,1,NULL,NULL,0,NULL,NULL,NULL,NULL,NULL,NULL,NULL,NULL,NULL,NULL,NULL,NULL,NULL,NULL,NULL,NULL,NULL,NULL,NULL,NULL,NULL,NULL,NULL,NULL,NULL,NULL,NULL,NULL);
INSERT INTO `variedades` VALUES(34,NULL,10,'Verde','','Verde oscuro','pequeno','2026-04-02 15:57:52',NULL,NULL,NULL,NULL,NULL,NULL,NULL,NULL,NULL,'',3,5,4,6,4,5,6,10,NULL,1,NULL,NULL,0,NULL,NULL,NULL,NULL,NULL,NULL,NULL,NULL,NULL,NULL,NULL,NULL,NULL,NULL,NULL,NULL,NULL,NULL,NULL,NULL,NULL,NULL,NULL,NULL,NULL,NULL,NULL,NULL);
INSERT INTO `variedades` VALUES(35,NULL,10,'Blanco Medio Largo',NULL,'Blanco/Verde claro','mediano','2026-04-02 15:57:52',10,'3.00',NULL,NULL,NULL,NULL,NULL,NULL,NULL,NULL,3,5,4,6,4,5,6,10,NULL,1,NULL,NULL,0,NULL,NULL,NULL,NULL,NULL,NULL,NULL,NULL,NULL,NULL,NULL,NULL,NULL,NULL,NULL,NULL,NULL,NULL,NULL,NULL,NULL,NULL,NULL,NULL,NULL,NULL,NULL,NULL);
INSERT INTO `variedades` VALUES(36,NULL,10,'Redondo de Niza','','Verde claro',NULL,'2026-04-02 15:57:52',NULL,NULL,NULL,NULL,NULL,NULL,NULL,NULL,NULL,'',2,5,3,6,4,7,6,10,NULL,1,NULL,NULL,0,NULL,NULL,NULL,NULL,NULL,NULL,NULL,NULL,NULL,NULL,NULL,NULL,NULL,NULL,NULL,NULL,NULL,NULL,NULL,NULL,NULL,NULL,NULL,NULL,NULL,NULL,NULL,NULL);
INSERT INTO `variedades` VALUES(37,NULL,11,'Espa+',NULL,'Verde oscuro','pequeno','2026-04-02 15:57:52',8,'5.00',NULL,NULL,NULL,NULL,NULL,NULL,NULL,NULL,3,5,4,6,4,5,6,9,NULL,1,NULL,NULL,0,NULL,NULL,NULL,NULL,NULL,NULL,NULL,NULL,NULL,NULL,NULL,NULL,NULL,NULL,NULL,NULL,NULL,NULL,NULL,NULL,NULL,NULL,NULL,NULL,NULL,NULL,NULL,NULL);
INSERT INTO `variedades` VALUES(38,NULL,11,'Holand+',NULL,'Verde','grande','2026-04-02 15:57:52',8,'5.00',NULL,NULL,NULL,NULL,NULL,NULL,NULL,NULL,3,5,4,6,4,5,6,9,NULL,1,NULL,NULL,0,NULL,NULL,NULL,NULL,NULL,NULL,NULL,NULL,NULL,NULL,NULL,NULL,NULL,NULL,NULL,NULL,NULL,NULL,NULL,NULL,NULL,NULL,NULL,NULL,NULL,NULL,NULL,NULL);
INSERT INTO `variedades` VALUES(39,NULL,11,'Franc+',NULL,'Verde','mediano','2026-04-02 15:57:52',8,'5.00',NULL,NULL,NULL,NULL,NULL,NULL,NULL,NULL,3,5,4,6,4,5,6,9,NULL,1,NULL,NULL,0,NULL,NULL,NULL,NULL,NULL,NULL,NULL,NULL,NULL,NULL,NULL,NULL,NULL,NULL,NULL,NULL,NULL,NULL,NULL,NULL,NULL,NULL,NULL,NULL,NULL,NULL,NULL,NULL);
INSERT INTO `variedades` VALUES(40,NULL,12,'Redondo Rojo',NULL,'Rojo','pequeno','2026-04-02 15:57:52',5,'5.00',NULL,NULL,NULL,NULL,NULL,NULL,NULL,NULL,0,0,1,12,0,0,2,12,NULL,1,NULL,NULL,0,NULL,NULL,NULL,NULL,NULL,NULL,NULL,NULL,NULL,NULL,NULL,NULL,NULL,NULL,NULL,NULL,NULL,NULL,NULL,NULL,NULL,NULL,NULL,NULL,NULL,NULL,NULL,NULL);
INSERT INTO `variedades` VALUES(41,NULL,12,'Daikon (Japon+',NULL,'Blanco','grande','2026-04-02 15:57:52',5,'5.00',NULL,NULL,NULL,NULL,NULL,NULL,NULL,NULL,0,0,1,12,0,0,2,12,NULL,1,NULL,NULL,0,NULL,NULL,NULL,NULL,NULL,NULL,NULL,NULL,NULL,NULL,NULL,NULL,NULL,NULL,NULL,NULL,NULL,NULL,NULL,NULL,NULL,NULL,NULL,NULL,NULL,NULL,NULL,NULL);
INSERT INTO `variedades` VALUES(42,NULL,12,'Medio Largo','','Rojo punta blanca','mediano','2026-04-02 15:57:52',5,'5.00',NULL,NULL,NULL,NULL,NULL,NULL,NULL,NULL,0,0,1,12,0,0,2,12,NULL,1,NULL,NULL,0,NULL,NULL,NULL,NULL,NULL,NULL,NULL,NULL,NULL,NULL,NULL,NULL,NULL,NULL,NULL,NULL,NULL,NULL,NULL,NULL,NULL,NULL,NULL,NULL,NULL,NULL,NULL,NULL);
INSERT INTO `variedades` VALUES(43,NULL,13,'Viroflay',NULL,'Verde oscuro','grande','2026-04-02 15:57:52',8,'4.00',NULL,NULL,NULL,NULL,NULL,NULL,NULL,NULL,0,0,8,2,0,0,10,4,NULL,1,NULL,NULL,0,NULL,NULL,NULL,NULL,NULL,NULL,NULL,NULL,NULL,NULL,NULL,NULL,NULL,NULL,NULL,NULL,NULL,NULL,NULL,NULL,NULL,NULL,NULL,NULL,NULL,NULL,NULL,NULL);
INSERT INTO `variedades` VALUES(44,NULL,13,'Gigante de Invierno',NULL,'Verde','grande','2026-04-02 15:57:52',8,'4.00',NULL,NULL,NULL,NULL,NULL,NULL,NULL,NULL,0,0,8,2,0,0,10,4,NULL,1,NULL,NULL,0,NULL,NULL,NULL,NULL,NULL,NULL,NULL,NULL,NULL,NULL,NULL,NULL,NULL,NULL,NULL,NULL,NULL,NULL,NULL,NULL,NULL,NULL,NULL,NULL,NULL,NULL,NULL,NULL);
INSERT INTO `variedades` VALUES(45,NULL,13,'Matador',NULL,'Verde oscuro','','2026-04-02 15:57:52',8,'4.00',NULL,NULL,NULL,NULL,NULL,NULL,NULL,NULL,0,0,8,2,0,0,10,4,NULL,1,NULL,NULL,0,NULL,NULL,NULL,NULL,NULL,NULL,NULL,NULL,NULL,NULL,NULL,NULL,NULL,NULL,NULL,NULL,NULL,NULL,NULL,NULL,NULL,NULL,NULL,NULL,NULL,NULL,NULL,NULL);
INSERT INTO `variedades` VALUES(48,NULL,3,'Negro de Crimea','Tomate oscuro de origen ruso, sabor complejo y dulce.','Rojo oscuro','grande','2026-04-06 15:30:06',NULL,NULL,NULL,NULL,NULL,NULL,NULL,NULL,NULL,NULL,NULL,NULL,NULL,NULL,NULL,NULL,NULL,NULL,1,0,NULL,NULL,0,NULL,NULL,NULL,NULL,NULL,NULL,NULL,NULL,NULL,NULL,NULL,NULL,NULL,NULL,NULL,NULL,NULL,NULL,NULL,NULL,NULL,NULL,NULL,NULL,NULL,NULL,NULL,NULL);
INSERT INTO `variedades` VALUES(52,NULL,3,'Supermarmande','','','mediano','2026-04-13 07:55:30',NULL,NULL,NULL,NULL,NULL,NULL,NULL,NULL,NULL,NULL,NULL,NULL,NULL,NULL,NULL,NULL,NULL,NULL,1,0,NULL,NULL,0,NULL,NULL,NULL,NULL,NULL,NULL,NULL,NULL,NULL,NULL,NULL,NULL,NULL,NULL,NULL,NULL,NULL,NULL,NULL,NULL,NULL,NULL,NULL,NULL,NULL,NULL,NULL,NULL);
INSERT INTO `variedades` VALUES(54,NULL,3,'Tomate (Genérica)','El tomate requiere pleno sol y un suelo rico en materia orgánica, bien drenado y con un pH ligeramente ácido a neutro. Es fundamental un riego constante y uniforme para evitar el agrietamiento de los frutos. Necesita tutores para soportar el peso de los frutos y una poda regular de los "chupones" (brotes axilares) para concentrar la energía en la producción de frutos y mejorar la circulación del aire.','Rojo','mediano','2026-05-10 17:40:34',7,'4.00','3.500',75,'10.00','25.00','50.00','80.00','0.50','El tomate, Solanum lycopersicum, tiene sus orígenes en la región andina de América del Sur, específicamente en lo que hoy es Perú, Ecuador y el norte de Chile. Fue domesticado por primera vez en México, donde los aztecas lo cultivaban y lo llamaban "xitomatl". Los primeros tomates eran probablemente pequeños y amarillos, muy diferentes de las variedades grandes y rojas que conocemos hoy.\n\nLlegó a Europa en el siglo XVI con los conquistadores españoles, inicialmente como una planta ornamental debido a la desconfianza sobre su comestibilidad, ya que pertenece a la familia de las solanáceas, que incluye muchas plantas venenosas. No fue hasta el siglo XVIII que comenzó a ser ampliamente aceptado como alimento en Italia y España, extendiéndose gradualmente por el resto del continente y el mundo.',2,4,4,6,4,6,7,10,NULL,1,'20.00','30.00',1,30,90,'5.00','🍅','fruto','Las plantas de fruto se benefician de la siembra en días de fruto. Evitar los perigeos y nodos lunares.','5','6.0 - 6.8','alta','directa,semillero,planton,esqueje',NULL,20,'pleno_sol','franco-arenoso, rico en materia orgánica, bien drenado','media',35,'Solanum lycopersicum','Solanaceae','hortaliza,fruta','anual',NULL,NULL,NULL,NULL,NULL,NULL,NULL,NULL);
INSERT INTO `variedades` VALUES(55,NULL,4,'Pimiento (Genérica)','Hortaliza de fruto que requiere altas temperaturas (m+',NULL,NULL,'2026-05-10 17:40:34',12,'3.00',NULL,75,'12.00','25.00','40.00','60.00','1.00','Originario de Centroam+',2,4,NULL,NULL,4,6,7,10,NULL,1,NULL,NULL,1,NULL,NULL,NULL,'🫑',NULL,NULL,NULL,NULL,NULL,NULL,NULL,NULL,NULL,NULL,NULL,NULL,'Capsicum annuum','Solanáceas','hortaliza,fruta','anual,perenne',NULL,NULL,NULL,NULL,NULL,NULL,NULL,NULL);
INSERT INTO `variedades` VALUES(56,NULL,6,'Cebolla (Genérica)','Bulbo comestible de ciclo largo. Prefiere sustratos sueltos, con muy buen drenaje para evitar la pudrici+',NULL,NULL,'2026-05-10 17:40:34',10,'2.00',NULL,120,'5.00','20.00','10.00','25.00','1.00','Una de las hortalizas m+',12,3,NULL,NULL,3,5,6,8,NULL,1,NULL,NULL,1,NULL,NULL,NULL,'🧅',NULL,NULL,NULL,NULL,NULL,NULL,NULL,NULL,NULL,NULL,NULL,NULL,'Allium cepa','Amarilidáceas','hortaliza','anual,bianual',NULL,NULL,NULL,NULL,NULL,NULL,NULL,NULL);
INSERT INTO `variedades` VALUES(57,NULL,8,'Lechuga (Genérica)','Hortaliza de hoja muy vers+',NULL,NULL,'2026-05-10 17:40:34',7,'5.00',NULL,55,'5.00','18.00','25.00','30.00','1.00','Originaria de la cuenca mediterr+',2,10,NULL,NULL,3,10,3,12,NULL,1,NULL,NULL,1,NULL,NULL,NULL,'🥬',NULL,NULL,NULL,NULL,NULL,NULL,NULL,NULL,NULL,NULL,NULL,NULL,'Lactuca sativa','Compuestas','hortaliza','anual',NULL,NULL,NULL,NULL,NULL,NULL,NULL,NULL);
INSERT INTO `variedades` VALUES(58,NULL,9,'Test (Genérica)',NULL,NULL,NULL,'2026-05-10 17:40:34',NULL,NULL,NULL,NULL,NULL,NULL,NULL,NULL,NULL,NULL,NULL,NULL,NULL,NULL,NULL,NULL,NULL,NULL,NULL,1,NULL,NULL,1,NULL,NULL,NULL,NULL,NULL,NULL,NULL,NULL,NULL,NULL,NULL,NULL,NULL,NULL,NULL,NULL,'Daucus carota','Umbelíferas','hortaliza','bianual',NULL,NULL,NULL,NULL,NULL,NULL,NULL,NULL);
INSERT INTO `variedades` VALUES(59,NULL,10,'Calabacín (Genérica)','El calabacín requiere pleno sol y suelos ricos en materia orgánica, bien drenados y con pH ligeramente ácido a neutro. Es fundamental un riego constante, especialmente durante la floración y fructificación, evitando encharcamientos. Se recomienda cosechar los frutos cuando son jóvenes y tiernos para estimular una producción continua y obtener la mejor calidad. La planta es vigorosa y puede requerir espacio considerable.','Verde','grande','2026-05-10 17:40:34',7,'5.00','150.000',50,'10.00','24.00','80.00','120.00','2.50','El calabacín, una variedad de Cucurbita pepo, tiene sus orígenes en América, donde fue domesticado hace miles de años. Las evidencias arqueológicas sugieren que las cucurbitáceas se cultivaban en México desde el 7000 a.C., siendo una parte fundamental de la dieta de las civilizaciones precolombinas junto al maíz y las judías.\n\nFue introducido en Europa tras la llegada de Cristóbal Colón al continente americano, pero no fue hasta el siglo XIX en Italia cuando se seleccionaron y popularizaron las variedades de calabacín tal como las conocemos hoy, con frutos tiernos y de rápido crecimiento. Desde entonces, se ha extendido por todo el mundo, convirtiéndose en una hortaliza muy apreciada por su versatilidad culinaria y facilidad de cultivo.',3,5,4,7,4,6,6,10,NULL,1,'3.00','5.00',1,20,55,'1.00','🟢','fruto','Las plantas de fruto se benefician de la siembra en días de fruto y el trasplante en fase descendente para enraizar mejor y asegurar una buena cosecha.','2.5','6.5 - 7.0','alta','directa,semillero,planton',NULL,25,'pleno_sol','franco, rico en materia orgánica, bien drenado','baja',32,'Cucurbita pepo','Cucurbitaceae','hortaliza','anual',NULL,NULL,NULL,NULL,NULL,NULL,NULL,NULL);
INSERT INTO `variedades` VALUES(60,NULL,11,'Pepino (Genérica)','Cultivo de porte rastrero/trepador famoso por su gran nivel de hidrataci+',NULL,NULL,'2026-05-10 17:40:34',8,'5.00',NULL,55,'12.00','25.00','40.00','100.00','2.00','Originario de la India, cultivado hace m+',3,5,4,6,4,5,6,9,NULL,1,NULL,NULL,1,NULL,NULL,NULL,'🥒',NULL,NULL,NULL,NULL,NULL,NULL,NULL,NULL,NULL,NULL,NULL,NULL,'Cucumis sativus','Cucurbitáceas','hortaliza,fruta','anual',NULL,NULL,NULL,NULL,NULL,NULL,NULL,NULL);
INSERT INTO `variedades` VALUES(61,NULL,12,'Rábano (Genérica)','Crecimiento mete+',NULL,NULL,'2026-05-10 17:40:34',5,'5.00',NULL,25,'5.00','18.00','5.00','20.00','1.00','Originario de China y Asia Central. Cultivado en Egipto y Grecia desde la antig++edad. Es una de las hortalizas de ciclo m+',0,0,1,12,NULL,NULL,2,12,NULL,1,NULL,NULL,1,NULL,NULL,NULL,'🌱',NULL,NULL,NULL,NULL,NULL,NULL,NULL,NULL,NULL,NULL,NULL,NULL,'Raphanus sativus','Crucíferas','hortaliza','anual',NULL,NULL,NULL,NULL,NULL,NULL,NULL,NULL);
INSERT INTO `variedades` VALUES(62,NULL,13,'Espinaca (Genérica)','Hortaliza frondosa amigable con el clima fr+',NULL,NULL,'2026-05-10 17:40:34',8,'4.00',NULL,40,'2.00','18.00','15.00','25.00','2.00','Originaria de Persia (actual Ir+',0,0,8,2,NULL,NULL,10,4,NULL,1,NULL,NULL,1,NULL,NULL,NULL,'🍃',NULL,NULL,NULL,NULL,NULL,NULL,NULL,NULL,NULL,NULL,NULL,NULL,'Spinacia oleracea','Quenopodiáceas','hortaliza','anual,bianual',NULL,NULL,NULL,NULL,NULL,NULL,NULL,NULL);
INSERT INTO `variedades` VALUES(63,NULL,15,'Maíz (Genérica)',NULL,NULL,'mediano','2026-05-10 17:40:34',NULL,NULL,NULL,NULL,NULL,NULL,NULL,NULL,NULL,NULL,NULL,NULL,NULL,NULL,NULL,NULL,NULL,NULL,NULL,0,NULL,NULL,1,NULL,NULL,NULL,NULL,NULL,NULL,NULL,NULL,NULL,NULL,NULL,NULL,NULL,NULL,NULL,NULL,NULL,NULL,NULL,NULL,NULL,NULL,NULL,NULL,NULL,NULL,NULL,NULL);
INSERT INTO `variedades` VALUES(64,NULL,16,'Judía (Genérica)',NULL,NULL,'mediano','2026-05-10 17:40:34',NULL,NULL,NULL,NULL,NULL,NULL,NULL,NULL,NULL,NULL,NULL,NULL,NULL,NULL,NULL,NULL,NULL,NULL,NULL,0,NULL,NULL,1,NULL,NULL,NULL,NULL,NULL,NULL,NULL,NULL,NULL,NULL,NULL,NULL,NULL,NULL,NULL,NULL,NULL,NULL,NULL,NULL,NULL,NULL,NULL,NULL,NULL,NULL,NULL,NULL);
INSERT INTO `variedades` VALUES(65,NULL,17,'Capuchina (Genérica)',NULL,NULL,'mediano','2026-05-10 17:40:34',NULL,NULL,NULL,NULL,NULL,NULL,NULL,NULL,NULL,NULL,NULL,NULL,NULL,NULL,NULL,NULL,NULL,NULL,NULL,0,NULL,NULL,1,NULL,NULL,NULL,NULL,NULL,NULL,NULL,NULL,NULL,NULL,NULL,NULL,NULL,NULL,NULL,NULL,NULL,NULL,NULL,NULL,NULL,NULL,NULL,NULL,NULL,NULL,NULL,NULL);
INSERT INTO `variedades` VALUES(66,NULL,18,'Caléndula (Genérica)',NULL,NULL,'mediano','2026-05-10 17:40:34',NULL,NULL,NULL,NULL,NULL,NULL,NULL,NULL,NULL,NULL,NULL,NULL,NULL,NULL,NULL,NULL,NULL,NULL,NULL,0,NULL,NULL,1,NULL,NULL,NULL,NULL,NULL,NULL,NULL,NULL,NULL,NULL,NULL,NULL,NULL,NULL,NULL,NULL,NULL,NULL,NULL,NULL,NULL,NULL,NULL,NULL,NULL,NULL,NULL,NULL);
INSERT INTO `variedades` VALUES(67,NULL,19,'Patata (Genérica)',NULL,NULL,'mediano','2026-05-10 17:40:34',NULL,NULL,NULL,NULL,NULL,NULL,NULL,NULL,NULL,NULL,NULL,NULL,NULL,NULL,NULL,NULL,NULL,NULL,NULL,0,NULL,NULL,1,NULL,NULL,NULL,NULL,NULL,NULL,NULL,NULL,NULL,NULL,NULL,NULL,NULL,NULL,NULL,NULL,NULL,NULL,NULL,NULL,NULL,NULL,NULL,NULL,NULL,NULL,NULL,NULL);
INSERT INTO `variedades` VALUES(68,NULL,20,'Hinojo (Genérica)',NULL,NULL,'mediano','2026-05-10 17:40:34',NULL,NULL,NULL,NULL,NULL,NULL,NULL,NULL,NULL,NULL,NULL,NULL,NULL,NULL,NULL,NULL,NULL,NULL,NULL,0,NULL,NULL,1,NULL,NULL,NULL,NULL,NULL,NULL,NULL,NULL,NULL,NULL,NULL,NULL,NULL,NULL,NULL,NULL,NULL,NULL,NULL,NULL,NULL,NULL,NULL,NULL,NULL,NULL,NULL,NULL);
INSERT INTO `variedades` VALUES(69,NULL,22,'Salvia (Genérica)',NULL,NULL,'mediano','2026-05-10 17:40:34',NULL,NULL,NULL,NULL,NULL,NULL,NULL,NULL,NULL,NULL,NULL,NULL,NULL,NULL,NULL,NULL,NULL,NULL,NULL,0,NULL,NULL,1,NULL,NULL,NULL,NULL,NULL,NULL,NULL,NULL,NULL,NULL,NULL,NULL,NULL,NULL,NULL,NULL,NULL,NULL,NULL,NULL,NULL,NULL,NULL,NULL,NULL,NULL,NULL,NULL);
INSERT INTO `variedades` VALUES(70,NULL,24,'Frijol (Genérica)',NULL,NULL,'mediano','2026-05-10 17:40:34',NULL,NULL,NULL,NULL,NULL,NULL,NULL,NULL,NULL,NULL,NULL,NULL,NULL,NULL,NULL,NULL,NULL,NULL,NULL,0,NULL,NULL,1,NULL,NULL,NULL,NULL,NULL,NULL,NULL,NULL,NULL,NULL,NULL,NULL,NULL,NULL,NULL,NULL,NULL,NULL,NULL,NULL,NULL,NULL,NULL,NULL,NULL,NULL,NULL,NULL);
INSERT INTO `variedades` VALUES(71,NULL,25,'Judías (Genérica)',NULL,NULL,'mediano','2026-05-10 17:40:34',NULL,NULL,NULL,NULL,NULL,NULL,NULL,NULL,NULL,NULL,NULL,NULL,NULL,NULL,NULL,NULL,NULL,NULL,NULL,0,NULL,NULL,1,NULL,NULL,NULL,NULL,NULL,NULL,NULL,NULL,NULL,NULL,NULL,NULL,NULL,NULL,NULL,NULL,NULL,NULL,NULL,NULL,NULL,NULL,NULL,NULL,NULL,NULL,NULL,NULL);
INSERT INTO `variedades` VALUES(72,NULL,26,'Remolacha (Genérica)',NULL,NULL,'mediano','2026-05-10 17:40:34',NULL,NULL,NULL,NULL,NULL,NULL,NULL,NULL,NULL,NULL,NULL,NULL,NULL,NULL,NULL,NULL,NULL,NULL,NULL,0,NULL,NULL,1,NULL,NULL,NULL,NULL,NULL,NULL,NULL,NULL,NULL,NULL,NULL,NULL,NULL,NULL,NULL,NULL,NULL,NULL,NULL,NULL,NULL,NULL,NULL,NULL,NULL,NULL,NULL,NULL);
INSERT INTO `variedades` VALUES(73,NULL,27,'Manzanilla (Genérica)',NULL,NULL,'mediano','2026-05-10 17:40:34',NULL,NULL,NULL,NULL,NULL,NULL,NULL,NULL,NULL,NULL,NULL,NULL,NULL,NULL,NULL,NULL,NULL,NULL,NULL,0,NULL,NULL,1,NULL,NULL,NULL,NULL,NULL,NULL,NULL,NULL,NULL,NULL,NULL,NULL,NULL,NULL,NULL,NULL,NULL,NULL,NULL,NULL,NULL,NULL,NULL,NULL,NULL,NULL,NULL,NULL);
INSERT INTO `variedades` VALUES(74,NULL,28,'Rosal (Genérica)',NULL,NULL,'mediano','2026-05-10 17:40:34',NULL,NULL,NULL,NULL,NULL,NULL,NULL,NULL,NULL,NULL,NULL,NULL,NULL,NULL,NULL,NULL,NULL,NULL,NULL,0,NULL,NULL,1,NULL,NULL,NULL,NULL,NULL,NULL,NULL,NULL,NULL,NULL,NULL,NULL,NULL,NULL,NULL,NULL,NULL,NULL,NULL,NULL,NULL,NULL,NULL,NULL,NULL,NULL,NULL,NULL);
INSERT INTO `variedades` VALUES(75,NULL,29,'Guisante (Genérica)',NULL,NULL,'mediano','2026-05-10 17:40:34',NULL,NULL,NULL,NULL,NULL,NULL,NULL,NULL,NULL,NULL,NULL,NULL,NULL,NULL,NULL,NULL,NULL,NULL,NULL,0,NULL,NULL,1,NULL,NULL,NULL,NULL,NULL,NULL,NULL,NULL,NULL,NULL,NULL,NULL,NULL,NULL,NULL,NULL,NULL,NULL,NULL,NULL,NULL,NULL,NULL,NULL,NULL,NULL,NULL,NULL);
INSERT INTO `variedades` VALUES(76,NULL,30,'Espárrago (Genérica)',NULL,NULL,'mediano','2026-05-10 17:40:34',NULL,NULL,NULL,NULL,NULL,NULL,NULL,NULL,NULL,NULL,NULL,NULL,NULL,NULL,NULL,NULL,NULL,NULL,NULL,0,NULL,NULL,1,NULL,NULL,NULL,NULL,NULL,NULL,NULL,NULL,NULL,NULL,NULL,NULL,NULL,NULL,NULL,NULL,NULL,NULL,NULL,NULL,NULL,NULL,NULL,NULL,NULL,NULL,NULL,NULL);
INSERT INTO `variedades` VALUES(77,NULL,31,'Col (Genérica)',NULL,NULL,'mediano','2026-05-10 17:40:34',NULL,NULL,NULL,NULL,NULL,NULL,NULL,NULL,NULL,NULL,NULL,NULL,NULL,NULL,NULL,NULL,NULL,NULL,NULL,0,NULL,NULL,1,NULL,NULL,NULL,NULL,NULL,NULL,NULL,NULL,NULL,NULL,NULL,NULL,NULL,NULL,NULL,NULL,NULL,NULL,NULL,NULL,NULL,NULL,NULL,NULL,NULL,NULL,NULL,NULL);
INSERT INTO `variedades` VALUES(78,NULL,32,'Fresa (Genérica)',NULL,NULL,'mediano','2026-05-10 17:40:34',NULL,NULL,NULL,NULL,NULL,NULL,NULL,NULL,NULL,NULL,NULL,NULL,NULL,NULL,NULL,NULL,NULL,NULL,NULL,0,NULL,NULL,1,NULL,NULL,NULL,NULL,NULL,NULL,NULL,NULL,NULL,NULL,NULL,NULL,NULL,NULL,NULL,NULL,NULL,NULL,NULL,NULL,NULL,NULL,NULL,NULL,NULL,NULL,NULL,NULL);
INSERT INTO `variedades` VALUES(79,NULL,33,'Repollo (Genérica)',NULL,NULL,'mediano','2026-05-10 17:40:34',NULL,NULL,NULL,NULL,NULL,NULL,NULL,NULL,NULL,NULL,NULL,NULL,NULL,NULL,NULL,NULL,NULL,NULL,NULL,0,NULL,NULL,1,NULL,NULL,NULL,NULL,NULL,NULL,NULL,NULL,NULL,NULL,NULL,NULL,NULL,NULL,NULL,NULL,NULL,NULL,NULL,NULL,NULL,NULL,NULL,NULL,NULL,NULL,NULL,NULL);
INSERT INTO `variedades` VALUES(80,NULL,34,'Rosales (Genérica)',NULL,NULL,'mediano','2026-05-10 17:40:34',NULL,NULL,NULL,NULL,NULL,NULL,NULL,NULL,NULL,NULL,NULL,NULL,NULL,NULL,NULL,NULL,NULL,NULL,NULL,0,NULL,NULL,1,NULL,NULL,NULL,NULL,NULL,NULL,NULL,NULL,NULL,NULL,NULL,NULL,NULL,NULL,NULL,NULL,NULL,NULL,NULL,NULL,NULL,NULL,NULL,NULL,NULL,NULL,NULL,NULL);
INSERT INTO `variedades` VALUES(81,NULL,35,'Guisantes (Genérica)',NULL,NULL,'mediano','2026-05-10 17:40:34',NULL,NULL,NULL,NULL,NULL,NULL,NULL,NULL,NULL,NULL,NULL,NULL,NULL,NULL,NULL,NULL,NULL,NULL,NULL,0,NULL,NULL,1,NULL,NULL,NULL,NULL,NULL,NULL,NULL,NULL,NULL,NULL,NULL,NULL,NULL,NULL,NULL,NULL,NULL,NULL,NULL,NULL,NULL,NULL,NULL,NULL,NULL,NULL,NULL,NULL);
INSERT INTO `variedades` VALUES(82,NULL,36,'Frijoles (Genérica)',NULL,NULL,'mediano','2026-05-10 17:40:34',NULL,NULL,NULL,NULL,NULL,NULL,NULL,NULL,NULL,NULL,NULL,NULL,NULL,NULL,NULL,NULL,NULL,NULL,NULL,0,NULL,NULL,1,NULL,NULL,NULL,NULL,NULL,NULL,NULL,NULL,NULL,NULL,NULL,NULL,NULL,NULL,NULL,NULL,NULL,NULL,NULL,NULL,NULL,NULL,NULL,NULL,NULL,NULL,NULL,NULL);
INSERT INTO `variedades` VALUES(83,NULL,37,'Espárragos (Genérica)',NULL,NULL,'mediano','2026-05-10 17:40:34',NULL,NULL,NULL,NULL,NULL,NULL,NULL,NULL,NULL,NULL,NULL,NULL,NULL,NULL,NULL,NULL,NULL,NULL,NULL,0,NULL,NULL,1,NULL,NULL,NULL,NULL,NULL,NULL,NULL,NULL,NULL,NULL,NULL,NULL,NULL,NULL,NULL,NULL,NULL,NULL,NULL,NULL,NULL,NULL,NULL,NULL,NULL,NULL,NULL,NULL);
INSERT INTO `variedades` VALUES(84,NULL,38,'Menta (Genérica)',NULL,NULL,'mediano','2026-05-10 17:40:34',NULL,NULL,NULL,NULL,NULL,NULL,NULL,NULL,NULL,NULL,NULL,NULL,NULL,NULL,NULL,NULL,NULL,NULL,NULL,0,NULL,NULL,1,NULL,NULL,NULL,NULL,NULL,NULL,NULL,NULL,NULL,NULL,NULL,NULL,NULL,NULL,NULL,NULL,NULL,NULL,NULL,NULL,NULL,NULL,NULL,NULL,NULL,NULL,NULL,NULL);
INSERT INTO `variedades` VALUES(85,NULL,39,'Rosas (Genérica)',NULL,NULL,'mediano','2026-05-10 17:40:34',NULL,NULL,NULL,NULL,NULL,NULL,NULL,NULL,NULL,NULL,NULL,NULL,NULL,NULL,NULL,NULL,NULL,NULL,NULL,0,NULL,NULL,1,NULL,NULL,NULL,NULL,NULL,NULL,NULL,NULL,NULL,NULL,NULL,NULL,NULL,NULL,NULL,NULL,NULL,NULL,NULL,NULL,NULL,NULL,NULL,NULL,NULL,NULL,NULL,NULL);
INSERT INTO `variedades` VALUES(86,NULL,40,'Albahaca (Genérica)',NULL,NULL,'mediano','2026-05-10 17:40:34',NULL,NULL,NULL,NULL,NULL,NULL,NULL,NULL,NULL,NULL,NULL,NULL,NULL,NULL,NULL,NULL,NULL,NULL,NULL,0,NULL,NULL,1,NULL,NULL,NULL,NULL,NULL,NULL,NULL,NULL,NULL,NULL,NULL,NULL,NULL,NULL,NULL,NULL,NULL,NULL,NULL,NULL,NULL,NULL,NULL,NULL,NULL,NULL,NULL,NULL);
INSERT INTO `variedades` VALUES(87,NULL,41,'Brócoli (Genérica)',NULL,NULL,'mediano','2026-05-10 17:40:34',NULL,NULL,NULL,NULL,NULL,NULL,NULL,NULL,NULL,NULL,NULL,NULL,NULL,NULL,NULL,NULL,NULL,NULL,NULL,0,NULL,NULL,1,NULL,NULL,NULL,NULL,NULL,NULL,NULL,NULL,NULL,NULL,NULL,NULL,NULL,NULL,NULL,NULL,NULL,NULL,NULL,NULL,NULL,NULL,NULL,NULL,NULL,NULL,NULL,NULL);
INSERT INTO `variedades` VALUES(88,NULL,14,'Ajos (Genérica)','El ajo requiere pleno sol y un suelo bien drenado, fértil y rico en materia orgánica. Se planta directamente a partir de dientes (bulbillos) en otoño o a finales de invierno, con la punta hacia arriba. Es crucial mantener una humedad constante, especialmente durante el desarrollo del bulbo, pero evitando el encharcamiento. La fertilización equilibrada es importante para un buen desarrollo. La recolección se realiza cuando las hojas inferiores comienzan a amarillear y secarse.','Blanco','mediano','2026-05-10 17:40:34',10,'1.00',NULL,240,NULL,'18.00','15.00','30.00','4.00','El ajo, Allium sativum, tiene sus orígenes en Asia Central, desde donde se extendió por todo el mundo. Su cultivo se remonta a más de 5.000 años, siendo una planta fundamental en la dieta y la medicina de civilizaciones antiguas como la egipcia, griega y romana, quienes lo valoraban por sus propiedades culinarias y medicinales.\n\nA lo largo de la historia, el ajo ha sido un ingrediente esencial en diversas culturas, utilizado no solo como condimento sino también como remedio para múltiples dolencias y como amuleto protector. Su adaptabilidad a diferentes climas y suelos facilitó su rápida difusión, consolidándose como un pilar de la gastronomía global.',1,1,10,3,1,1,6,8,NULL,1,'70.00','110.00',1,NULL,NULL,'25.00','🧄','raiz','Siembra y trasplante en días raíz para fomentar el desarrollo del bulbo. La recolección también es óptima en días raíz para una mejor conservación y sabor.',NULL,'6.0 - 7.0','media','directa',NULL,10,'pleno_sol','franco, bien drenado, rico en materia orgánica','baja',30,'Allium sativum','Amaryllidaceae','hortaliza,aromatica','anual',NULL,NULL,NULL,NULL,NULL,NULL,NULL,NULL);
INSERT INTO `variedades` VALUES(89,NULL,21,'Calabaza (Genérica)','La calabaza requiere pleno sol y un suelo rico en materia orgánica, bien drenado y con un pH ligeramente ácido a neutro. Es una planta que necesita espacio considerable para crecer, ya que sus guías pueden extenderse varios metros. El riego debe ser constante y abundante, especialmente durante la floración y el desarrollo de los frutos, evitando mojar las hojas para prevenir enfermedades fúngicas. Se recomienda acolchar el suelo para mantener la humedad y controlar las malas hierbas. La polinización es crucial para la fructificación, por lo que es importante fomentar la presencia de insectos polinizadores.','Naranja','grande','2026-05-10 17:40:34',7,'5.00',NULL,70,'10.00','25.00','120.00','200.00','2.50','La calabaza, específicamente las especies del género Cucurbita, tiene sus orígenes en América, donde ha sido cultivada por miles de años. Evidencia arqueológica sugiere que fue domesticada por primera vez en México hace más de 10,000 años, convirtiéndose en uno de los primeros cultivos agrícolas del continente. Fue un alimento básico para muchas civilizaciones precolombinas, valorada por su versatilidad y capacidad de almacenamiento.\nTras la llegada de los europeos a América, la calabaza fue introducida en el Viejo Mundo, donde rápidamente se adaptó a diversos climas y se integró en las cocinas locales. Hoy en día, se cultiva en todo el mundo y es apreciada tanto por su valor nutricional como por su uso ornamental, especialmente en festividades como Halloween.',3,4,4,6,5,6,8,10,NULL,0,'3.00','5.00',1,25,100,'1.00',NULL,'fruto','Siembra y trasplanta durante los días de fruto para fomentar un desarrollo vigoroso y una buena fructificación. La recolección en días de fruto puede mejorar el sabor y la capacidad de almacenamiento. Evita podar o manipular la planta en días de raíz para no estresar el sistema radicular.','5','6.5 - 7.0','alta','directa,semillero',NULL,50,'pleno_sol','franco-arenoso, rico en materia orgánica, bien drenado','media',35,'Cucurbita pepo','Cucurbitaceae','hortaliza,fruta','anual',NULL,NULL,NULL,NULL,NULL,NULL,NULL,NULL);
INSERT INTO `variedades` VALUES(90,NULL,23,'Borraja (Genérica)','La borraja es una planta de fácil cultivo que prospera en una variedad de suelos, aunque prefiere los bien drenados y ricos en materia orgánica. Requiere pleno sol para un desarrollo óptimo, aunque tolera algo de semisombra en climas muy cálidos. Es importante mantener el suelo húmedo, especialmente durante periodos secos, pero evitando el encharcamiento.\nSe siembra directamente en el suelo después de la última helada, ya que no tolera bien el trasplante. Tiende a auto-sembrarse con facilidad, por lo que puede reaparecer año tras año. Sus hojas y flores son comestibles y se pueden recolectar continuamente a medida que la planta crece.','Azul','mediano','2026-05-10 17:40:34',10,'2.00',NULL,50,'5.00','20.00','30.00','45.00','1.50','La borraja, Borago officinalis, es una planta originaria de la región mediterránea, donde ha sido cultivada desde la antigüedad. Su uso se remonta a la época romana, siendo apreciada tanto por sus propiedades culinarias como medicinales. Se cree que fue introducida en Europa por los árabes y se extendió rápidamente por el continente.\nHistóricamente, se le atribuían propiedades para levantar el ánimo y dar coraje, de ahí su nombre en latín \'borrago\' que algunos asocian con \'cor\' (corazón) y \'ago\' (yo traigo). Su cultivo se popularizó en huertos monacales y jardines de hierbas, siendo un ingrediente común en la gastronomía tradicional de varias culturas.',NULL,NULL,3,6,NULL,NULL,5,10,NULL,0,'8.00','12.00',1,NULL,NULL,'3.00',NULL,'flor','Para la borraja, se recomienda sembrar y trasplantar en días de flor, preferiblemente cuando la luna esté en fase ascendente, para potenciar el desarrollo floral y la vitalidad de la planta. La recolección de hojas y flores también se beneficia de los días de flor, ya que se cree que esto intensifica su aroma y propiedades medicinales y culinarias.',NULL,'6.0 - 7.0','media','directa',NULL,12,'pleno_sol','franco, bien drenado, rico en materia orgánica','baja',30,'Borago officinalis','Boraginaceae','hortaliza,aromatica','anual',NULL,NULL,NULL,NULL,NULL,NULL,NULL,NULL);
INSERT INTO `variedades` VALUES(117,NULL,3,'',NULL,NULL,'mediano','2026-05-12 17:46:42',NULL,NULL,NULL,NULL,NULL,NULL,NULL,NULL,NULL,NULL,NULL,NULL,NULL,NULL,NULL,NULL,NULL,NULL,1,1,NULL,NULL,0,NULL,NULL,NULL,NULL,NULL,NULL,NULL,NULL,NULL,NULL,NULL,NULL,NULL,NULL,NULL,NULL,NULL,NULL,NULL,NULL,2,NULL,NULL,NULL,NULL,NULL,NULL,NULL);
INSERT INTO `variedades` VALUES(124,NULL,42,'Perejil (Genérica)',NULL,NULL,'mediano','2026-05-16 16:04:15',NULL,NULL,NULL,NULL,NULL,NULL,NULL,NULL,NULL,NULL,NULL,NULL,NULL,NULL,NULL,NULL,NULL,NULL,NULL,0,NULL,NULL,1,NULL,NULL,NULL,NULL,NULL,NULL,NULL,NULL,NULL,NULL,NULL,NULL,NULL,NULL,NULL,NULL,NULL,NULL,NULL,NULL,NULL,NULL,NULL,NULL,NULL,NULL,NULL,NULL);
INSERT INTO `variedades` VALUES(125,NULL,42,'Variedad Genérica',NULL,NULL,'mediano','2026-05-16 16:04:15',NULL,NULL,NULL,NULL,NULL,NULL,NULL,NULL,NULL,NULL,NULL,NULL,NULL,NULL,NULL,NULL,NULL,NULL,NULL,1,NULL,NULL,1,NULL,NULL,NULL,NULL,NULL,NULL,NULL,NULL,NULL,NULL,NULL,NULL,NULL,NULL,NULL,NULL,NULL,NULL,NULL,NULL,NULL,NULL,NULL,NULL,NULL,NULL,NULL,NULL);
INSERT INTO `variedades` VALUES(126,NULL,43,'Zanahoria (Genérica)',NULL,NULL,'mediano','2026-05-18 11:53:05',NULL,NULL,NULL,NULL,NULL,NULL,NULL,NULL,NULL,NULL,NULL,NULL,NULL,NULL,NULL,NULL,NULL,NULL,NULL,0,NULL,NULL,1,NULL,NULL,NULL,NULL,NULL,NULL,NULL,NULL,NULL,NULL,NULL,NULL,NULL,NULL,NULL,NULL,NULL,NULL,NULL,NULL,NULL,NULL,NULL,NULL,NULL,NULL,NULL,NULL);
INSERT INTO `variedades` VALUES(127,NULL,43,'Variedad Genérica',NULL,NULL,'mediano','2026-05-18 11:53:05',NULL,NULL,NULL,NULL,NULL,NULL,NULL,NULL,NULL,NULL,NULL,NULL,NULL,NULL,NULL,NULL,NULL,NULL,NULL,1,NULL,NULL,1,NULL,NULL,NULL,NULL,NULL,NULL,NULL,NULL,NULL,NULL,NULL,NULL,NULL,NULL,NULL,NULL,NULL,NULL,NULL,NULL,NULL,NULL,NULL,NULL,NULL,NULL,NULL,NULL);
INSERT INTO `variedades` VALUES(133,NULL,3,'',NULL,NULL,'mediano','2026-05-25 16:45:46',NULL,NULL,NULL,NULL,NULL,NULL,NULL,NULL,NULL,NULL,NULL,NULL,NULL,NULL,NULL,NULL,NULL,NULL,35,1,NULL,NULL,0,NULL,NULL,NULL,NULL,NULL,NULL,NULL,NULL,NULL,NULL,NULL,NULL,NULL,NULL,NULL,NULL,NULL,NULL,NULL,NULL,11,NULL,NULL,NULL,NULL,NULL,NULL,NULL);
INSERT INTO `variedades` VALUES(134,NULL,3,'',NULL,NULL,'mediano','2026-05-29 17:20:53',NULL,NULL,NULL,NULL,NULL,NULL,NULL,NULL,NULL,NULL,NULL,NULL,NULL,NULL,NULL,NULL,NULL,NULL,37,1,NULL,NULL,0,NULL,NULL,NULL,NULL,NULL,NULL,NULL,NULL,NULL,NULL,NULL,NULL,NULL,NULL,NULL,NULL,NULL,NULL,NULL,NULL,2,NULL,NULL,NULL,NULL,NULL,NULL,NULL);
INSERT INTO `variedades` VALUES(135,NULL,44,'Rosa (Genérica)',NULL,NULL,'mediano','2026-05-29 17:25:33',NULL,NULL,NULL,NULL,NULL,NULL,NULL,NULL,NULL,NULL,NULL,NULL,NULL,NULL,NULL,NULL,NULL,NULL,NULL,0,NULL,NULL,1,NULL,NULL,NULL,NULL,NULL,NULL,NULL,NULL,NULL,NULL,NULL,NULL,NULL,NULL,NULL,NULL,NULL,NULL,NULL,NULL,NULL,NULL,NULL,NULL,NULL,NULL,NULL,NULL);
INSERT INTO `variedades` VALUES(136,NULL,44,'Variedad Genérica',NULL,NULL,'mediano','2026-05-29 17:25:33',NULL,NULL,NULL,NULL,NULL,NULL,NULL,NULL,NULL,NULL,NULL,NULL,NULL,NULL,NULL,NULL,NULL,NULL,NULL,1,NULL,NULL,1,NULL,NULL,NULL,NULL,NULL,NULL,NULL,NULL,NULL,NULL,NULL,NULL,NULL,NULL,NULL,NULL,NULL,NULL,NULL,NULL,NULL,NULL,NULL,NULL,NULL,NULL,NULL,NULL);

DROP TABLE IF EXISTS `variedadesusuarios`;
CREATE TABLE `variedadesusuarios` (
  `idvariedadesusuarios` int(11) NOT NULL AUTO_INCREMENT,
  `Xvariedadesusuariosidusuarios` int(11) DEFAULT NULL,
  `xvariedadesusuariosidvariedades` int(11) DEFAULT NULL,
  `variedadesusuariosdiasgerminacion` int(11) DEFAULT NULL,
  `variedadesusuariosviabilidadsemilla` decimal(8,2) DEFAULT NULL,
  `variedadesusuariosdiashastafructificacion` int(11) DEFAULT NULL,
  `variedadesusuariostemperaturaminima` decimal(8,2) DEFAULT NULL,
  `variedadesusuariostemperaturaoptima` decimal(8,2) DEFAULT NULL,
  `variedadesusuariosmarcoplantas` decimal(8,2) DEFAULT NULL,
  `variedadesusuariosmarcofilas` decimal(8,2) DEFAULT NULL,
  `variedadesusuariosprofundidadsiembra` decimal(8,2) DEFAULT NULL,
  `variedadesusuariossemillerodesde` int(11) DEFAULT NULL,
  `variedadesusuariossemillerohasta` int(11) DEFAULT NULL,
  `variedadesusuariossiembredirectadesde` int(11) DEFAULT NULL,
  `variedadesusuariossiembradirectahasta` int(11) DEFAULT NULL,
  `variedadesusuariostrasplantedesde` int(11) DEFAULT NULL,
  `variedadesusuariostrasplantehasta` int(11) DEFAULT NULL,
  `variedadesusuariosrecoleciondesde` int(11) DEFAULT NULL,
  `variedadesusuariosrecoleccionhasta` int(11) DEFAULT NULL,
  `variedadesusuariosautosuficiencia` decimal(8,2) DEFAULT NULL,
  `variedadesusuariosautosuficienciaconserva` decimal(8,2) DEFAULT NULL,
  PRIMARY KEY (`idvariedadesusuarios`),
  UNIQUE KEY `usuario_id` (`Xvariedadesusuariosidusuarios`,`xvariedadesusuariosidvariedades`)
) ENGINE=InnoDB AUTO_INCREMENT=7 DEFAULT CHARSET=utf8mb4 COLLATE=utf8mb4_general_ci;

INSERT INTO `variedadesusuarios` VALUES(6,1,4,4,NULL,NULL,NULL,NULL,NULL,NULL,NULL,NULL,NULL,NULL,NULL,NULL,NULL,NULL,NULL,NULL,NULL);

DROP TABLE IF EXISTS `webauthn_challenges`;
CREATE TABLE `webauthn_challenges` (
  `email` varchar(255) NOT NULL,
  `challenge` varchar(255) NOT NULL,
  `updatedAt` timestamp NULL DEFAULT current_timestamp() ON UPDATE current_timestamp(),
  PRIMARY KEY (`email`)
) ENGINE=InnoDB DEFAULT CHARSET=utf8mb4 COLLATE=utf8mb4_0900_ai_ci;

INSERT INTO `webauthn_challenges` VALUES('jaillueca@gmail.com','h6GpRhv0vDZsReiESDRIcrIRNRwAQwnJrB8jCje-wp0','2026-04-30 22:37:59');

SET FOREIGN_KEY_CHECKS=1;
